path,season,competition,gameweek,scope,table,size
data/2024-2025/matches/GW1/matches.csv,2024-2025,All,1.0,gameweek,matches,6215
data/2024-2025/matches/GW2/matches.csv,2024-2025,All,2.0,gameweek,matches,6208
data/2024-2025/matches/GW3/matches.csv,2024-2025,All,3.0,gameweek,matches,6225
data/2024-2025/matches/GW4/matches.csv,2024-2025,All,4.0,gameweek,matches,6219
data/2024-2025/matches/GW5/matches.csv,2024-2025,All,5.0,gameweek,matches,6211
data/2024-2025/matches/GW6/matches.csv,2024-2025,All,6.0,gameweek,matches,6215
data/2024-2025/matches/GW7/matches.csv,2024-2025,All,7.0,gameweek,matches,6220
data/2024-2025/matches/GW8/matches.csv,2024-2025,All,8.0,gameweek,matches,6236
data/2024-2025/matches/GW9/matches.csv,2024-2025,All,9.0,gameweek,matches,6218
data/2024-2025/matches/GW10/matches.csv,2024-2025,All,10.0,gameweek,matches,6242
data/2024-2025/matches/GW11/matches.csv,2024-2025,All,11.0,gameweek,matches,6221
data/2024-2025/matches/GW12/matches.csv,2024-2025,All,12.0,gameweek,matches,6218
data/2024-2025/matches/GW13/matches.csv,2024-2025,All,13.0,gameweek,matches,6216
data/2024-2025/matches/GW14/matches.csv,2024-2025,All,14.0,gameweek,matches,6228
data/2024-2025/matches/GW15/matches.csv,2024-2025,All,15.0,gameweek,matches,6212
data/2024-2025/matches/GW16/matches.csv,2024-2025,All,16.0,gameweek,matches,6227
data/2024-2025/matches/GW17/matches.csv,2024-2025,All,17.0,gameweek,matches,6219
data/2024-2025/matches/GW18/matches.csv,2024-2025,All,18.0,gameweek,matches,6220
data/2024-2025/matches/GW19/matches.csv,2024-2025,All,19.0,gameweek,matches,6211
data/2024-2025/matches/GW20/matches.csv,2024-2025,All,20.0,gameweek,matches,6225
data/2024-2025/matches/GW21/matches.csv,2024-2025,All,21.0,gameweek,matches,6218
data/2024-2025/matches/GW22/matches.csv,2024-2025,All,22.0,gameweek,matches,6231
data/2024-2025/matches/GW23/matches.csv,2024-2025,All,23.0,gameweek,matches,6209
data/2024-2025/matches/GW24/matches.csv,2024-2025,All,24.0,gameweek,matches,6221
data/2024-2025/matches/GW25/matches.csv,2024-2025,All,25.0,gameweek,matches,6634
data/2024-2025/matches/GW26/matches.csv,2024-2025,All,26.0,gameweek,matches,6222
data/2024-2025/matches/GW27/matches.csv,2024-2025,All,27.0,gameweek,matches,6212
data/2024-2025/matches/GW28/matches.csv,2024-2025,All,28.0,gameweek,matches,6198
data/2024-2025/matches/GW29/matches.csv,2024-2025,All,29.0,gameweek,matches,5793
data/2024-2025/matches/GW30/matches.csv,2024-2025,All,30.0,gameweek,matches,6212
data/2024-2025/matches/GW31/matches.csv,2024-2025,All,31.0,gameweek,matches,6200
data/2024-2025/matches/GW32/matches.csv,2024-2025,All,32.0,gameweek,matches,6201
data/2024-2025/matches/GW33/matches.csv,2024-2025,All,33.0,gameweek,matches,6199
data/2024-2025/matches/GW34/matches.csv,2024-2025,All,34.0,gameweek,matches,6216
data/2024-2025/matches/GW35/matches.csv,2024-2025,All,35.0,gameweek,matches,6190
data/2024-2025/matches/GW36/matches.csv,2024-2025,All,36.0,gameweek,matches,6207
data/2024-2025/matches/GW37/matches.csv,2024-2025,All,37.0,gameweek,matches,6197
data/2024-2025/matches/GW38/matches.csv,2024-2025,All,38.0,gameweek,matches,6107
data/2024-2025/matches/matches.csv,2024-2025,All,,season,matches,163575
data/2024-2025/playermatchstats/GW1/playermatchstats.csv,2024-2025,All,1.0,gameweek,playermatchstats,53098
data/2024-2025/playermatchstats/GW2/playermatchstats.csv,2024-2025,All,2.0,gameweek,playermatchstats,53967
data/2024-2025/playermatchstats/GW3/playermatchstats.csv,2024-2025,All,3.0,gameweek,playermatchstats,52382
data/2024-2025/playermatchstats/GW4/playermatchstats.csv,2024-2025,All,4.0,gameweek,playermatchstats,53585
data/2024-2025/playermatchstats/GW5/playermatchstats.csv,2024-2025,All,5.0,gameweek,playermatchstats,52814
data/2024-2025/playermatchstats/GW6/playermatchstats.csv,2024-2025,All,6.0,gameweek,playermatchstats,52250
data/2024-2025/playermatchstats/GW7/playermatchstats.csv,2024-2025,All,7.0,gameweek,playermatchstats,52787
data/2024-2025/playermatchstats/GW8/playermatchstats.csv,2024-2025,All,8.0,gameweek,playermatchstats,52829
data/2024-2025/playermatchstats/GW9/playermatchstats.csv,2024-2025,All,9.0,gameweek,playermatchstats,52640
data/2024-2025/playermatchstats/GW10/playermatchstats.csv,2024-2025,All,10.0,gameweek,playermatchstats,51929
data/2024-2025/playermatchstats/GW11/playermatchstats.csv,2024-2025,All,11.0,gameweek,playermatchstats,51480
data/2024-2025/playermatchstats/GW12/playermatchstats.csv,2024-2025,All,12.0,gameweek,playermatchstats,52666
data/2024-2025/playermatchstats/GW13/playermatchstats.csv,2024-2025,All,13.0,gameweek,playermatchstats,53601
data/2024-2025/playermatchstats/GW14/playermatchstats.csv,2024-2025,All,14.0,gameweek,playermatchstats,53171
data/2024-2025/playermatchstats/GW15/playermatchstats.csv,2024-2025,All,15.0,gameweek,playermatchstats,52850
data/2024-2025/playermatchstats/GW16/playermatchstats.csv,2024-2025,All,16.0,gameweek,playermatchstats,52017
data/2024-2025/playermatchstats/GW17/playermatchstats.csv,2024-2025,All,17.0,gameweek,playermatchstats,52439
data/2024-2025/playermatchstats/GW18/playermatchstats.csv,2024-2025,All,18.0,gameweek,playermatchstats,52694
data/2024-2025/playermatchstats/GW19/playermatchstats.csv,2024-2025,All,19.0,gameweek,playermatchstats,52930
data/2024-2025/playermatchstats/GW20/playermatchstats.csv,2024-2025,All,20.0,gameweek,playermatchstats,50937
data/2024-2025/playermatchstats/GW21/playermatchstats.csv,2024-2025,All,21.0,gameweek,playermatchstats,51338
data/2024-2025/playermatchstats/GW22/playermatchstats.csv,2024-2025,All,22.0,gameweek,playermatchstats,51839
data/2024-2025/playermatchstats/GW23/playermatchstats.csv,2024-2025,All,23.0,gameweek,playermatchstats,51933
data/2024-2025/playermatchstats/GW24/playermatchstats.csv,2024-2025,All,24.0,gameweek,playermatchstats,51948
data/2024-2025/playermatchstats/GW25/playermatchstats.csv,2024-2025,All,25.0,gameweek,playermatchstats,57701
data/2024-2025/playermatchstats/GW26/playermatchstats.csv,2024-2025,All,26.0,gameweek,playermatchstats,52254
data/2024-2025/playermatchstats/GW27/playermatchstats.csv,2024-2025,All,27.0,gameweek,playermatchstats,52760
data/2024-2025/playermatchstats/GW28/playermatchstats.csv,2024-2025,All,28.0,gameweek,playermatchstats,52391
data/2024-2025/playermatchstats/GW29/playermatchstats.csv,2024-2025,All,29.0,gameweek,playermatchstats,48348
data/2024-2025/playermatchstats/GW30/playermatchstats.csv,2024-2025,All,30.0,gameweek,playermatchstats,52989
data/2024-2025/playermatchstats/GW31/playermatchstats.csv,2024-2025,All,31.0,gameweek,playermatchstats,53665
data/2024-2025/playermatchstats/GW32/playermatchstats.csv,2024-2025,All,32.0,gameweek,playermatchstats,52765
data/2024-2025/playermatchstats/GW33/playermatchstats.csv,2024-2025,All,33.0,gameweek,playermatchstats,54258
data/2024-2025/playermatchstats/GW34/playermatchstats.csv,2024-2025,All,34.0,gameweek,playermatchstats,52430
data/2024-2025/playermatchstats/GW35/playermatchstats.csv,2024-2025,All,35.0,gameweek,playermatchstats,52999
data/2024-2025/playermatchstats/GW36/playermatchstats.csv,2024-2025,All,36.0,gameweek,playermatchstats,52723
data/2024-2025/playermatchstats/GW37/playermatchstats.csv,2024-2025,All,37.0,gameweek,playermatchstats,53448
data/2024-2025/playermatchstats/GW38/playermatchstats.csv,2024-2025,All,38.0,gameweek,playermatchstats,53300
data/2024-2025/playermatchstats/playermatchstats.csv,2024-2025,All,,season,playermatchstats,1903185
data/2024-2025/players/players.csv,2024-2025,All,,season,players,39340
data/2024-2025/playerstats/playerstats.csv,2024-2025,All,,season,playerstats,5723303
data/2024-2025/teams/teams.csv,2024-2025,All,,season,teams,1363
data/2025-2026/By Gameweek/GW1/average_positions.csv,2025-2026,All,1.0,gameweek,average_positions,21962
data/2025-2026/By Gameweek/GW2/average_positions.csv,2025-2026,All,2.0,gameweek,average_positions,27198
data/2025-2026/By Gameweek/GW3/average_positions.csv,2025-2026,All,3.0,gameweek,average_positions,39326
data/2025-2026/By Gameweek/GW4/average_positions.csv,2025-2026,All,4.0,gameweek,average_positions,39615
data/2025-2026/By Gameweek/GW5/average_positions.csv,2025-2026,All,5.0,gameweek,average_positions,36784
data/2025-2026/By Gameweek/GW6/average_positions.csv,2025-2026,All,6.0,gameweek,average_positions,52614
data/2025-2026/By Gameweek/GW7/average_positions.csv,2025-2026,All,7.0,gameweek,average_positions,22834
data/2025-2026/By Gameweek/GW8/average_positions.csv,2025-2026,All,8.0,gameweek,average_positions,37779
data/2025-2026/By Gameweek/GW9/average_positions.csv,2025-2026,All,9.0,gameweek,average_positions,36911
data/2025-2026/By Gameweek/GW10/average_positions.csv,2025-2026,All,10.0,gameweek,average_positions,45737
data/2025-2026/By Gameweek/GW11/average_positions.csv,2025-2026,All,11.0,gameweek,average_positions,22274
data/2025-2026/By Gameweek/GW12/average_positions.csv,2025-2026,All,12.0,gameweek,average_positions,42687
data/2025-2026/By Gameweek/GW13/average_positions.csv,2025-2026,All,13.0,gameweek,average_positions,22296
data/2025-2026/By Gameweek/GW14/average_positions.csv,2025-2026,All,14.0,gameweek,average_positions,22339
data/2025-2026/By Gameweek/GW15/average_positions.csv,2025-2026,All,15.0,gameweek,average_positions,40130
data/2025-2026/By Gameweek/GW16/average_positions.csv,2025-2026,All,16.0,gameweek,average_positions,28862
data/2025-2026/By Gameweek/GW17/average_positions.csv,2025-2026,All,17.0,gameweek,average_positions,23845
data/2025-2026/By Gameweek/GW18/average_positions.csv,2025-2026,All,18.0,gameweek,average_positions,21542
data/2025-2026/By Gameweek/GW19/average_positions.csv,2025-2026,All,19.0,gameweek,average_positions,21536
data/2025-2026/By Gameweek/GW20/average_positions.csv,2025-2026,All,20.0,gameweek,average_positions,21846
data/2025-2026/By Gameweek/GW21/average_positions.csv,2025-2026,All,21.0,gameweek,average_positions,21561
data/2025-2026/By Gameweek/GW22/average_positions.csv,2025-2026,All,22.0,gameweek,average_positions,25911
data/2025-2026/By Gameweek/GW23/average_positions.csv,2025-2026,All,23.0,gameweek,average_positions,41458
data/2025-2026/By Gameweek/GW24/average_positions.csv,2025-2026,All,24.0,gameweek,average_positions,42527
data/2025-2026/By Gameweek/GW25/average_positions.csv,2025-2026,All,25.0,gameweek,average_positions,26556
data/2025-2026/By Gameweek/GW26/average_positions.csv,2025-2026,All,26.0,gameweek,average_positions,24201
data/2025-2026/By Gameweek/GW27/average_positions.csv,2025-2026,All,27.0,gameweek,average_positions,21606
data/2025-2026/By Gameweek/GW28/average_positions.csv,2025-2026,All,28.0,gameweek,average_positions,22102
data/2025-2026/By Gameweek/GW29/average_positions.csv,2025-2026,All,29.0,gameweek,average_positions,22395
data/2025-2026/By Gameweek/GW30/average_positions.csv,2025-2026,All,30.0,gameweek,average_positions,31855
data/2025-2026/By Gameweek/GW31/average_positions.csv,2025-2026,All,31.0,gameweek,average_positions,17642
data/2025-2026/By Gameweek/GW32/average_positions.csv,2025-2026,All,32.0,gameweek,average_positions,22154
data/2025-2026/By Gameweek/GW33/average_positions.csv,2025-2026,All,33.0,gameweek,average_positions,28882
data/2025-2026/By Gameweek/GW34/average_positions.csv,2025-2026,All,34.0,gameweek,average_positions,14984
data/2025-2026/By Gameweek/GW35/average_positions.csv,2025-2026,All,35.0,gameweek,average_positions,22161
data/2025-2026/By Gameweek/GW36/average_positions.csv,2025-2026,All,36.0,gameweek,average_positions,26501
data/2025-2026/By Gameweek/GW37/average_positions.csv,2025-2026,All,37.0,gameweek,average_positions,22471
data/2025-2026/By Gameweek/GW38/average_positions.csv,2025-2026,All,38.0,gameweek,average_positions,22961
data/2025-2026/By Gameweek/GW1/fixtures.csv,2025-2026,All,1.0,gameweek,fixtures,7926
data/2025-2026/By Gameweek/GW2/fixtures.csv,2025-2026,All,2.0,gameweek,fixtures,9066
data/2025-2026/By Gameweek/GW3/fixtures.csv,2025-2026,All,3.0,gameweek,fixtures,11951
data/2025-2026/By Gameweek/GW4/fixtures.csv,2025-2026,All,4.0,gameweek,fixtures,11975
data/2025-2026/By Gameweek/GW5/fixtures.csv,2025-2026,All,5.0,gameweek,fixtures,11392
data/2025-2026/By Gameweek/GW6/fixtures.csv,2025-2026,All,6.0,gameweek,fixtures,15532
data/2025-2026/By Gameweek/GW7/fixtures.csv,2025-2026,All,7.0,gameweek,fixtures,7927
data/2025-2026/By Gameweek/GW8/fixtures.csv,2025-2026,All,8.0,gameweek,fixtures,11469
data/2025-2026/By Gameweek/GW9/fixtures.csv,2025-2026,All,9.0,gameweek,fixtures,11439
data/2025-2026/By Gameweek/GW10/fixtures.csv,2025-2026,All,10.0,gameweek,fixtures,13884
data/2025-2026/By Gameweek/GW11/fixtures.csv,2025-2026,All,11.0,gameweek,fixtures,7931
data/2025-2026/By Gameweek/GW12/fixtures.csv,2025-2026,All,12.0,gameweek,fixtures,13312
data/2025-2026/By Gameweek/GW13/fixtures.csv,2025-2026,All,13.0,gameweek,fixtures,7941
data/2025-2026/By Gameweek/GW14/fixtures.csv,2025-2026,All,14.0,gameweek,fixtures,7948
data/2025-2026/By Gameweek/GW15/fixtures.csv,2025-2026,All,15.0,gameweek,fixtures,12682
data/2025-2026/By Gameweek/GW16/fixtures.csv,2025-2026,All,16.0,gameweek,fixtures,10264
data/2025-2026/By Gameweek/GW17/fixtures.csv,2025-2026,All,17.0,gameweek,fixtures,8519
data/2025-2026/By Gameweek/GW18/fixtures.csv,2025-2026,All,18.0,gameweek,fixtures,7935
data/2025-2026/By Gameweek/GW19/fixtures.csv,2025-2026,All,19.0,gameweek,fixtures,7945
data/2025-2026/By Gameweek/GW20/fixtures.csv,2025-2026,All,20.0,gameweek,fixtures,7926
data/2025-2026/By Gameweek/GW21/fixtures.csv,2025-2026,All,21.0,gameweek,fixtures,7939
data/2025-2026/By Gameweek/GW22/fixtures.csv,2025-2026,All,22.0,gameweek,fixtures,9117
data/2025-2026/By Gameweek/GW23/fixtures.csv,2025-2026,All,23.0,gameweek,fixtures,12691
data/2025-2026/By Gameweek/GW24/fixtures.csv,2025-2026,All,24.0,gameweek,fixtures,12732
data/2025-2026/By Gameweek/GW25/fixtures.csv,2025-2026,All,25.0,gameweek,fixtures,9124
data/2025-2026/By Gameweek/GW26/fixtures.csv,2025-2026,All,26.0,gameweek,fixtures,8558
data/2025-2026/By Gameweek/GW27/fixtures.csv,2025-2026,All,27.0,gameweek,fixtures,9672
data/2025-2026/By Gameweek/GW28/fixtures.csv,2025-2026,All,28.0,gameweek,fixtures,9683
data/2025-2026/By Gameweek/GW29/fixtures.csv,2025-2026,All,29.0,gameweek,fixtures,7923
data/2025-2026/By Gameweek/GW30/fixtures.csv,2025-2026,All,30.0,gameweek,fixtures,13141
data/2025-2026/By Gameweek/GW31/fixtures.csv,2025-2026,All,31.0,gameweek,fixtures,11853
data/2025-2026/By Gameweek/GW32/fixtures.csv,2025-2026,All,32.0,gameweek,fixtures,12064
data/2025-2026/By Gameweek/GW33/fixtures.csv,2025-2026,All,33.0,gameweek,fixtures,12797
data/2025-2026/By Gameweek/GW34/fixtures.csv,2025-2026,All,34.0,gameweek,fixtures,6133
data/2025-2026/By Gameweek/GW35/fixtures.csv,2025-2026,All,35.0,gameweek,fixtures,9668
data/2025-2026/By Gameweek/GW36/fixtures.csv,2025-2026,All,36.0,gameweek,fixtures,10298
data/2025-2026/By Gameweek/GW37/fixtures.csv,2025-2026,All,37.0,gameweek,fixtures,7947
data/2025-2026/By Gameweek/GW38/fixtures.csv,2025-2026,All,38.0,gameweek,fixtures,8506
data/2025-2026/gameweek_summaries.csv,2025-2026,All,,season,gameweek_summaries,18922
data/2025-2026/By Gameweek/GW1/incidents.csv,2025-2026,All,1.0,gameweek,incidents,15520
data/2025-2026/By Gameweek/GW2/incidents.csv,2025-2026,All,2.0,gameweek,incidents,21046
data/2025-2026/By Gameweek/GW3/incidents.csv,2025-2026,All,3.0,gameweek,incidents,26521
data/2025-2026/By Gameweek/GW4/incidents.csv,2025-2026,All,4.0,gameweek,incidents,28220
data/2025-2026/By Gameweek/GW5/incidents.csv,2025-2026,All,5.0,gameweek,incidents,25855
data/2025-2026/By Gameweek/GW6/incidents.csv,2025-2026,All,6.0,gameweek,incidents,40113
data/2025-2026/By Gameweek/GW7/incidents.csv,2025-2026,All,7.0,gameweek,incidents,17617
data/2025-2026/By Gameweek/GW8/incidents.csv,2025-2026,All,8.0,gameweek,incidents,26915
data/2025-2026/By Gameweek/GW9/incidents.csv,2025-2026,All,9.0,gameweek,incidents,26958
data/2025-2026/By Gameweek/GW10/incidents.csv,2025-2026,All,10.0,gameweek,incidents,33608
data/2025-2026/By Gameweek/GW11/incidents.csv,2025-2026,All,11.0,gameweek,incidents,18183
data/2025-2026/By Gameweek/GW12/incidents.csv,2025-2026,All,12.0,gameweek,incidents,32727
data/2025-2026/By Gameweek/GW13/incidents.csv,2025-2026,All,13.0,gameweek,incidents,15054
data/2025-2026/By Gameweek/GW14/incidents.csv,2025-2026,All,14.0,gameweek,incidents,13957
data/2025-2026/By Gameweek/GW15/incidents.csv,2025-2026,All,15.0,gameweek,incidents,24500
data/2025-2026/By Gameweek/GW16/incidents.csv,2025-2026,All,16.0,gameweek,incidents,17800
data/2025-2026/By Gameweek/GW17/incidents.csv,2025-2026,All,17.0,gameweek,incidents,15595
data/2025-2026/By Gameweek/GW18/incidents.csv,2025-2026,All,18.0,gameweek,incidents,12160
data/2025-2026/By Gameweek/GW19/incidents.csv,2025-2026,All,19.0,gameweek,incidents,12234
data/2025-2026/By Gameweek/GW20/incidents.csv,2025-2026,All,20.0,gameweek,incidents,13065
data/2025-2026/By Gameweek/GW21/incidents.csv,2025-2026,All,21.0,gameweek,incidents,13986
data/2025-2026/By Gameweek/GW22/incidents.csv,2025-2026,All,22.0,gameweek,incidents,15865
data/2025-2026/By Gameweek/GW23/incidents.csv,2025-2026,All,23.0,gameweek,incidents,23792
data/2025-2026/By Gameweek/GW24/incidents.csv,2025-2026,All,24.0,gameweek,incidents,24846
data/2025-2026/By Gameweek/GW25/incidents.csv,2025-2026,All,25.0,gameweek,incidents,16524
data/2025-2026/By Gameweek/GW26/incidents.csv,2025-2026,All,26.0,gameweek,incidents,14341
data/2025-2026/By Gameweek/GW27/incidents.csv,2025-2026,All,27.0,gameweek,incidents,12933
data/2025-2026/By Gameweek/GW28/incidents.csv,2025-2026,All,28.0,gameweek,incidents,15398
data/2025-2026/By Gameweek/GW29/incidents.csv,2025-2026,All,29.0,gameweek,incidents,14706
data/2025-2026/By Gameweek/GW30/incidents.csv,2025-2026,All,30.0,gameweek,incidents,19757
data/2025-2026/By Gameweek/GW31/incidents.csv,2025-2026,All,31.0,gameweek,incidents,11685
data/2025-2026/By Gameweek/GW32/incidents.csv,2025-2026,All,32.0,gameweek,incidents,16980
data/2025-2026/By Gameweek/GW33/incidents.csv,2025-2026,All,33.0,gameweek,incidents,21389
data/2025-2026/By Gameweek/GW34/incidents.csv,2025-2026,All,34.0,gameweek,incidents,12462
data/2025-2026/By Gameweek/GW35/incidents.csv,2025-2026,All,35.0,gameweek,incidents,18670
data/2025-2026/By Gameweek/GW36/incidents.csv,2025-2026,All,36.0,gameweek,incidents,19926
data/2025-2026/By Gameweek/GW37/incidents.csv,2025-2026,All,37.0,gameweek,incidents,17910
data/2025-2026/By Gameweek/GW38/incidents.csv,2025-2026,All,38.0,gameweek,incidents,17656
data/2025-2026/By Gameweek/GW1/lineups.csv,2025-2026,All,1.0,gameweek,lineups,36489
data/2025-2026/By Gameweek/GW2/lineups.csv,2025-2026,All,2.0,gameweek,lineups,43666
data/2025-2026/By Gameweek/GW3/lineups.csv,2025-2026,All,3.0,gameweek,lineups,63026
data/2025-2026/By Gameweek/GW4/lineups.csv,2025-2026,All,4.0,gameweek,lineups,65129
data/2025-2026/By Gameweek/GW5/lineups.csv,2025-2026,All,5.0,gameweek,lineups,58681
data/2025-2026/By Gameweek/GW6/lineups.csv,2025-2026,All,6.0,gameweek,lineups,83839
data/2025-2026/By Gameweek/GW7/lineups.csv,2025-2026,All,7.0,gameweek,lineups,36567
data/2025-2026/By Gameweek/GW8/lineups.csv,2025-2026,All,8.0,gameweek,lineups,62196
data/2025-2026/By Gameweek/GW9/lineups.csv,2025-2026,All,9.0,gameweek,lineups,58752
data/2025-2026/By Gameweek/GW10/lineups.csv,2025-2026,All,10.0,gameweek,lineups,74969
data/2025-2026/By Gameweek/GW11/lineups.csv,2025-2026,All,11.0,gameweek,lineups,36565
data/2025-2026/By Gameweek/GW12/lineups.csv,2025-2026,All,12.0,gameweek,lineups,71066
data/2025-2026/By Gameweek/GW13/lineups.csv,2025-2026,All,13.0,gameweek,lineups,36698
data/2025-2026/By Gameweek/GW14/lineups.csv,2025-2026,All,14.0,gameweek,lineups,36547
data/2025-2026/By Gameweek/GW15/lineups.csv,2025-2026,All,15.0,gameweek,lineups,65718
data/2025-2026/By Gameweek/GW16/lineups.csv,2025-2026,All,16.0,gameweek,lineups,47278
data/2025-2026/By Gameweek/GW17/lineups.csv,2025-2026,All,17.0,gameweek,lineups,40167
data/2025-2026/By Gameweek/GW18/lineups.csv,2025-2026,All,18.0,gameweek,lineups,36570
data/2025-2026/By Gameweek/GW19/lineups.csv,2025-2026,All,19.0,gameweek,lineups,36600
data/2025-2026/By Gameweek/GW20/lineups.csv,2025-2026,All,20.0,gameweek,lineups,36598
data/2025-2026/By Gameweek/GW21/lineups.csv,2025-2026,All,21.0,gameweek,lineups,36719
data/2025-2026/By Gameweek/GW22/lineups.csv,2025-2026,All,22.0,gameweek,lineups,43800
data/2025-2026/By Gameweek/GW23/lineups.csv,2025-2026,All,23.0,gameweek,lineups,69903
data/2025-2026/By Gameweek/GW24/lineups.csv,2025-2026,All,24.0,gameweek,lineups,69992
data/2025-2026/By Gameweek/GW25/lineups.csv,2025-2026,All,25.0,gameweek,lineups,43898
data/2025-2026/By Gameweek/GW26/lineups.csv,2025-2026,All,26.0,gameweek,lineups,40555
data/2025-2026/By Gameweek/GW27/lineups.csv,2025-2026,All,27.0,gameweek,lineups,36659
data/2025-2026/By Gameweek/GW28/lineups.csv,2025-2026,All,28.0,gameweek,lineups,36648
data/2025-2026/By Gameweek/GW29/lineups.csv,2025-2026,All,29.0,gameweek,lineups,36643
data/2025-2026/By Gameweek/GW30/lineups.csv,2025-2026,All,30.0,gameweek,lineups,53946
data/2025-2026/By Gameweek/GW31/lineups.csv,2025-2026,All,31.0,gameweek,lineups,29075
data/2025-2026/By Gameweek/GW32/lineups.csv,2025-2026,All,32.0,gameweek,lineups,35013
data/2025-2026/By Gameweek/GW33/lineups.csv,2025-2026,All,33.0,gameweek,lineups,46143
data/2025-2026/By Gameweek/GW34/lineups.csv,2025-2026,All,34.0,gameweek,lineups,25731
data/2025-2026/By Gameweek/GW35/lineups.csv,2025-2026,All,35.0,gameweek,lineups,36694
data/2025-2026/By Gameweek/GW36/lineups.csv,2025-2026,All,36.0,gameweek,lineups,44741
data/2025-2026/By Gameweek/GW37/lineups.csv,2025-2026,All,37.0,gameweek,lineups,36729
data/2025-2026/By Gameweek/GW38/lineups.csv,2025-2026,All,38.0,gameweek,lineups,36637
data/2025-2026/By Gameweek/GW1/match_enrichment.csv,2025-2026,All,1.0,gameweek,match_enrichment,1210
data/2025-2026/By Gameweek/GW2/match_enrichment.csv,2025-2026,All,2.0,gameweek,match_enrichment,1355
data/2025-2026/By Gameweek/GW3/match_enrichment.csv,2025-2026,All,3.0,gameweek,match_enrichment,1763
data/2025-2026/By Gameweek/GW4/match_enrichment.csv,2025-2026,All,4.0,gameweek,match_enrichment,1763
data/2025-2026/By Gameweek/GW5/match_enrichment.csv,2025-2026,All,5.0,gameweek,match_enrichment,1666
data/2025-2026/By Gameweek/GW6/match_enrichment.csv,2025-2026,All,6.0,gameweek,match_enrichment,2162
data/2025-2026/By Gameweek/GW7/match_enrichment.csv,2025-2026,All,7.0,gameweek,match_enrichment,1208
data/2025-2026/By Gameweek/GW8/match_enrichment.csv,2025-2026,All,8.0,gameweek,match_enrichment,1702
data/2025-2026/By Gameweek/GW9/match_enrichment.csv,2025-2026,All,9.0,gameweek,match_enrichment,1667
data/2025-2026/By Gameweek/GW10/match_enrichment.csv,2025-2026,All,10.0,gameweek,match_enrichment,1969
data/2025-2026/By Gameweek/GW11/match_enrichment.csv,2025-2026,All,11.0,gameweek,match_enrichment,1210
data/2025-2026/By Gameweek/GW12/match_enrichment.csv,2025-2026,All,12.0,gameweek,match_enrichment,1884
data/2025-2026/By Gameweek/GW13/match_enrichment.csv,2025-2026,All,13.0,gameweek,match_enrichment,1188
data/2025-2026/By Gameweek/GW14/match_enrichment.csv,2025-2026,All,14.0,gameweek,match_enrichment,1190
data/2025-2026/By Gameweek/GW15/match_enrichment.csv,2025-2026,All,15.0,gameweek,match_enrichment,1757
data/2025-2026/By Gameweek/GW16/match_enrichment.csv,2025-2026,All,16.0,gameweek,match_enrichment,1407
data/2025-2026/By Gameweek/GW17/match_enrichment.csv,2025-2026,All,17.0,gameweek,match_enrichment,1262
data/2025-2026/By Gameweek/GW18/match_enrichment.csv,2025-2026,All,18.0,gameweek,match_enrichment,1189
data/2025-2026/By Gameweek/GW19/match_enrichment.csv,2025-2026,All,19.0,gameweek,match_enrichment,1191
data/2025-2026/By Gameweek/GW20/match_enrichment.csv,2025-2026,All,20.0,gameweek,match_enrichment,1182
data/2025-2026/By Gameweek/GW21/match_enrichment.csv,2025-2026,All,21.0,gameweek,match_enrichment,1191
data/2025-2026/By Gameweek/GW22/match_enrichment.csv,2025-2026,All,22.0,gameweek,match_enrichment,1337
data/2025-2026/By Gameweek/GW23/match_enrichment.csv,2025-2026,All,23.0,gameweek,match_enrichment,1840
data/2025-2026/By Gameweek/GW24/match_enrichment.csv,2025-2026,All,24.0,gameweek,match_enrichment,1856
data/2025-2026/By Gameweek/GW25/match_enrichment.csv,2025-2026,All,25.0,gameweek,match_enrichment,1334
data/2025-2026/By Gameweek/GW26/match_enrichment.csv,2025-2026,All,26.0,gameweek,match_enrichment,1288
data/2025-2026/By Gameweek/GW27/match_enrichment.csv,2025-2026,All,27.0,gameweek,match_enrichment,1189
data/2025-2026/By Gameweek/GW28/match_enrichment.csv,2025-2026,All,28.0,gameweek,match_enrichment,1190
data/2025-2026/By Gameweek/GW29/match_enrichment.csv,2025-2026,All,29.0,gameweek,match_enrichment,1190
data/2025-2026/By Gameweek/GW30/match_enrichment.csv,2025-2026,All,30.0,gameweek,match_enrichment,1528
data/2025-2026/By Gameweek/GW31/match_enrichment.csv,2025-2026,All,31.0,gameweek,match_enrichment,992
data/2025-2026/By Gameweek/GW32/match_enrichment.csv,2025-2026,All,32.0,gameweek,match_enrichment,1207
data/2025-2026/By Gameweek/GW33/match_enrichment.csv,2025-2026,All,33.0,gameweek,match_enrichment,1494
data/2025-2026/By Gameweek/GW34/match_enrichment.csv,2025-2026,All,34.0,gameweek,match_enrichment,1030
data/2025-2026/By Gameweek/GW35/match_enrichment.csv,2025-2026,All,35.0,gameweek,match_enrichment,1332
data/2025-2026/By Gameweek/GW36/match_enrichment.csv,2025-2026,All,36.0,gameweek,match_enrichment,1526
data/2025-2026/By Gameweek/GW37/match_enrichment.csv,2025-2026,All,37.0,gameweek,match_enrichment,1330
data/2025-2026/By Gameweek/GW38/match_enrichment.csv,2025-2026,All,38.0,gameweek,match_enrichment,1370
data/2025-2026/By Gameweek/GW1/matches.csv,2025-2026,All,1.0,gameweek,matches,7926
data/2025-2026/By Gameweek/GW2/matches.csv,2025-2026,All,2.0,gameweek,matches,9066
data/2025-2026/By Gameweek/GW3/matches.csv,2025-2026,All,3.0,gameweek,matches,11951
data/2025-2026/By Gameweek/GW4/matches.csv,2025-2026,All,4.0,gameweek,matches,11975
data/2025-2026/By Gameweek/GW5/matches.csv,2025-2026,All,5.0,gameweek,matches,11392
data/2025-2026/By Gameweek/GW6/matches.csv,2025-2026,All,6.0,gameweek,matches,15532
data/2025-2026/By Gameweek/GW7/matches.csv,2025-2026,All,7.0,gameweek,matches,7927
data/2025-2026/By Gameweek/GW8/matches.csv,2025-2026,All,8.0,gameweek,matches,11469
data/2025-2026/By Gameweek/GW9/matches.csv,2025-2026,All,9.0,gameweek,matches,11439
data/2025-2026/By Gameweek/GW10/matches.csv,2025-2026,All,10.0,gameweek,matches,13884
data/2025-2026/By Gameweek/GW11/matches.csv,2025-2026,All,11.0,gameweek,matches,7931
data/2025-2026/By Gameweek/GW12/matches.csv,2025-2026,All,12.0,gameweek,matches,13312
data/2025-2026/By Gameweek/GW13/matches.csv,2025-2026,All,13.0,gameweek,matches,7941
data/2025-2026/By Gameweek/GW14/matches.csv,2025-2026,All,14.0,gameweek,matches,7948
data/2025-2026/By Gameweek/GW15/matches.csv,2025-2026,All,15.0,gameweek,matches,12682
data/2025-2026/By Gameweek/GW16/matches.csv,2025-2026,All,16.0,gameweek,matches,10264
data/2025-2026/By Gameweek/GW17/matches.csv,2025-2026,All,17.0,gameweek,matches,8519
data/2025-2026/By Gameweek/GW18/matches.csv,2025-2026,All,18.0,gameweek,matches,7935
data/2025-2026/By Gameweek/GW19/matches.csv,2025-2026,All,19.0,gameweek,matches,7945
data/2025-2026/By Gameweek/GW20/matches.csv,2025-2026,All,20.0,gameweek,matches,7926
data/2025-2026/By Gameweek/GW21/matches.csv,2025-2026,All,21.0,gameweek,matches,7939
data/2025-2026/By Gameweek/GW22/matches.csv,2025-2026,All,22.0,gameweek,matches,9117
data/2025-2026/By Gameweek/GW23/matches.csv,2025-2026,All,23.0,gameweek,matches,12691
data/2025-2026/By Gameweek/GW24/matches.csv,2025-2026,All,24.0,gameweek,matches,12732
data/2025-2026/By Gameweek/GW25/matches.csv,2025-2026,All,25.0,gameweek,matches,9124
data/2025-2026/By Gameweek/GW26/matches.csv,2025-2026,All,26.0,gameweek,matches,8558
data/2025-2026/By Gameweek/GW27/matches.csv,2025-2026,All,27.0,gameweek,matches,9672
data/2025-2026/By Gameweek/GW28/matches.csv,2025-2026,All,28.0,gameweek,matches,9683
data/2025-2026/By Gameweek/GW29/matches.csv,2025-2026,All,29.0,gameweek,matches,7923
data/2025-2026/By Gameweek/GW30/matches.csv,2025-2026,All,30.0,gameweek,matches,13141
data/2025-2026/By Gameweek/GW31/matches.csv,2025-2026,All,31.0,gameweek,matches,11853
data/2025-2026/By Gameweek/GW32/matches.csv,2025-2026,All,32.0,gameweek,matches,12064
data/2025-2026/By Gameweek/GW33/matches.csv,2025-2026,All,33.0,gameweek,matches,12797
data/2025-2026/By Gameweek/GW34/matches.csv,2025-2026,All,34.0,gameweek,matches,6133
data/2025-2026/By Gameweek/GW35/matches.csv,2025-2026,All,35.0,gameweek,matches,9668
data/2025-2026/By Gameweek/GW36/matches.csv,2025-2026,All,36.0,gameweek,matches,10298
data/2025-2026/By Gameweek/GW37/matches.csv,2025-2026,All,37.0,gameweek,matches,7947
data/2025-2026/By Gameweek/GW38/matches.csv,2025-2026,All,38.0,gameweek,matches,8506
data/2025-2026/By Gameweek/GW1/momentum.csv,2025-2026,All,1.0,gameweek,momentum,43586
data/2025-2026/By Gameweek/GW2/momentum.csv,2025-2026,All,2.0,gameweek,momentum,52273
data/2025-2026/By Gameweek/GW3/momentum.csv,2025-2026,All,3.0,gameweek,momentum,78194
data/2025-2026/By Gameweek/GW4/momentum.csv,2025-2026,All,4.0,gameweek,momentum,78565
data/2025-2026/By Gameweek/GW5/momentum.csv,2025-2026,All,5.0,gameweek,momentum,71583
data/2025-2026/By Gameweek/GW6/momentum.csv,2025-2026,All,6.0,gameweek,momentum,103253
data/2025-2026/By Gameweek/GW7/momentum.csv,2025-2026,All,7.0,gameweek,momentum,43733
data/2025-2026/By Gameweek/GW8/momentum.csv,2025-2026,All,8.0,gameweek,momentum,74939
data/2025-2026/By Gameweek/GW9/momentum.csv,2025-2026,All,9.0,gameweek,momentum,71483
data/2025-2026/By Gameweek/GW10/momentum.csv,2025-2026,All,10.0,gameweek,momentum,92352
data/2025-2026/By Gameweek/GW11/momentum.csv,2025-2026,All,11.0,gameweek,momentum,43761
data/2025-2026/By Gameweek/GW12/momentum.csv,2025-2026,All,12.0,gameweek,momentum,86751
data/2025-2026/By Gameweek/GW13/momentum.csv,2025-2026,All,13.0,gameweek,momentum,43763
data/2025-2026/By Gameweek/GW14/momentum.csv,2025-2026,All,14.0,gameweek,momentum,43752
data/2025-2026/By Gameweek/GW15/momentum.csv,2025-2026,All,15.0,gameweek,momentum,79164
data/2025-2026/By Gameweek/GW16/momentum.csv,2025-2026,All,16.0,gameweek,momentum,56696
data/2025-2026/By Gameweek/GW17/momentum.csv,2025-2026,All,17.0,gameweek,momentum,48088
data/2025-2026/By Gameweek/GW18/momentum.csv,2025-2026,All,18.0,gameweek,momentum,43778
data/2025-2026/By Gameweek/GW19/momentum.csv,2025-2026,All,19.0,gameweek,momentum,43752
data/2025-2026/By Gameweek/GW20/momentum.csv,2025-2026,All,20.0,gameweek,momentum,43777
data/2025-2026/By Gameweek/GW21/momentum.csv,2025-2026,All,21.0,gameweek,momentum,43867
data/2025-2026/By Gameweek/GW22/momentum.csv,2025-2026,All,22.0,gameweek,momentum,52549
data/2025-2026/By Gameweek/GW23/momentum.csv,2025-2026,All,23.0,gameweek,momentum,84845
data/2025-2026/By Gameweek/GW24/momentum.csv,2025-2026,All,24.0,gameweek,momentum,86551
data/2025-2026/By Gameweek/GW25/momentum.csv,2025-2026,All,25.0,gameweek,momentum,52542
data/2025-2026/By Gameweek/GW26/momentum.csv,2025-2026,All,26.0,gameweek,momentum,48562
data/2025-2026/By Gameweek/GW27/momentum.csv,2025-2026,All,27.0,gameweek,momentum,43774
data/2025-2026/By Gameweek/GW28/momentum.csv,2025-2026,All,28.0,gameweek,momentum,43757
data/2025-2026/By Gameweek/GW29/momentum.csv,2025-2026,All,29.0,gameweek,momentum,43726
data/2025-2026/By Gameweek/GW30/momentum.csv,2025-2026,All,30.0,gameweek,momentum,65436
data/2025-2026/By Gameweek/GW31/momentum.csv,2025-2026,All,31.0,gameweek,momentum,34197
data/2025-2026/By Gameweek/GW32/momentum.csv,2025-2026,All,32.0,gameweek,momentum,43785
data/2025-2026/By Gameweek/GW33/momentum.csv,2025-2026,All,33.0,gameweek,momentum,56828
data/2025-2026/By Gameweek/GW34/momentum.csv,2025-2026,All,34.0,gameweek,momentum,30711
data/2025-2026/By Gameweek/GW35/momentum.csv,2025-2026,All,35.0,gameweek,momentum,43789
data/2025-2026/By Gameweek/GW36/momentum.csv,2025-2026,All,36.0,gameweek,momentum,53664
data/2025-2026/By Gameweek/GW37/momentum.csv,2025-2026,All,37.0,gameweek,momentum,43787
data/2025-2026/By Gameweek/GW38/momentum.csv,2025-2026,All,38.0,gameweek,momentum,43755
data/2025-2026/By Gameweek/GW1/player_gameweek_stats.csv,2025-2026,All,1.0,gameweek,player_gameweek_stats,254574
data/2025-2026/By Gameweek/GW2/player_gameweek_stats.csv,2025-2026,All,2.0,gameweek,player_gameweek_stats,180361
data/2025-2026/By Gameweek/GW3/player_gameweek_stats.csv,2025-2026,All,3.0,gameweek,player_gameweek_stats,186916
data/2025-2026/By Gameweek/GW4/player_gameweek_stats.csv,2025-2026,All,4.0,gameweek,player_gameweek_stats,188028
data/2025-2026/By Gameweek/GW5/player_gameweek_stats.csv,2025-2026,All,5.0,gameweek,player_gameweek_stats,189578
data/2025-2026/By Gameweek/GW6/player_gameweek_stats.csv,2025-2026,All,6.0,gameweek,player_gameweek_stats,191567
data/2025-2026/By Gameweek/GW7/player_gameweek_stats.csv,2025-2026,All,7.0,gameweek,player_gameweek_stats,191787
data/2025-2026/By Gameweek/GW8/player_gameweek_stats.csv,2025-2026,All,8.0,gameweek,player_gameweek_stats,192037
data/2025-2026/By Gameweek/GW9/player_gameweek_stats.csv,2025-2026,All,9.0,gameweek,player_gameweek_stats,192025
data/2025-2026/By Gameweek/GW10/player_gameweek_stats.csv,2025-2026,All,10.0,gameweek,player_gameweek_stats,270659
data/2025-2026/By Gameweek/GW11/player_gameweek_stats.csv,2025-2026,All,11.0,gameweek,player_gameweek_stats,270579
data/2025-2026/By Gameweek/GW12/player_gameweek_stats.csv,2025-2026,All,12.0,gameweek,player_gameweek_stats,300358
data/2025-2026/By Gameweek/GW13/player_gameweek_stats.csv,2025-2026,All,13.0,gameweek,player_gameweek_stats,270621
data/2025-2026/By Gameweek/GW14/player_gameweek_stats.csv,2025-2026,All,14.0,gameweek,player_gameweek_stats,302819
data/2025-2026/By Gameweek/GW15/player_gameweek_stats.csv,2025-2026,All,15.0,gameweek,player_gameweek_stats,304718
data/2025-2026/By Gameweek/GW16/player_gameweek_stats.csv,2025-2026,All,16.0,gameweek,player_gameweek_stats,307431
data/2025-2026/By Gameweek/GW17/player_gameweek_stats.csv,2025-2026,All,17.0,gameweek,player_gameweek_stats,309845
data/2025-2026/By Gameweek/GW18/player_gameweek_stats.csv,2025-2026,All,18.0,gameweek,player_gameweek_stats,311397
data/2025-2026/By Gameweek/GW19/player_gameweek_stats.csv,2025-2026,All,19.0,gameweek,player_gameweek_stats,313919
data/2025-2026/By Gameweek/GW20/player_gameweek_stats.csv,2025-2026,All,20.0,gameweek,player_gameweek_stats,317026
data/2025-2026/By Gameweek/GW21/player_gameweek_stats.csv,2025-2026,All,21.0,gameweek,player_gameweek_stats,319578
data/2025-2026/By Gameweek/GW22/player_gameweek_stats.csv,2025-2026,All,22.0,gameweek,player_gameweek_stats,320110
data/2025-2026/By Gameweek/GW23/player_gameweek_stats.csv,2025-2026,All,23.0,gameweek,player_gameweek_stats,323716
data/2025-2026/By Gameweek/GW24/player_gameweek_stats.csv,2025-2026,All,24.0,gameweek,player_gameweek_stats,326767
data/2025-2026/By Gameweek/GW25/player_gameweek_stats.csv,2025-2026,All,25.0,gameweek,player_gameweek_stats,295238
data/2025-2026/By Gameweek/GW26/player_gameweek_stats.csv,2025-2026,All,26.0,gameweek,player_gameweek_stats,295679
data/2025-2026/By Gameweek/GW27/player_gameweek_stats.csv,2025-2026,All,27.0,gameweek,player_gameweek_stats,328338
data/2025-2026/By Gameweek/GW28/player_gameweek_stats.csv,2025-2026,All,28.0,gameweek,player_gameweek_stats,328955
data/2025-2026/By Gameweek/GW29/player_gameweek_stats.csv,2025-2026,All,29.0,gameweek,player_gameweek_stats,329790
data/2025-2026/By Gameweek/GW30/player_gameweek_stats.csv,2025-2026,All,30.0,gameweek,player_gameweek_stats,328964
data/2025-2026/By Gameweek/GW31/player_gameweek_stats.csv,2025-2026,All,31.0,gameweek,player_gameweek_stats,326967
data/2025-2026/By Gameweek/GW32/player_gameweek_stats.csv,2025-2026,All,32.0,gameweek,player_gameweek_stats,332048
data/2025-2026/By Gameweek/GW33/player_gameweek_stats.csv,2025-2026,All,33.0,gameweek,player_gameweek_stats,333137
data/2025-2026/By Gameweek/GW34/player_gameweek_stats.csv,2025-2026,All,34.0,gameweek,player_gameweek_stats,326074
data/2025-2026/By Gameweek/GW35/player_gameweek_stats.csv,2025-2026,All,35.0,gameweek,player_gameweek_stats,333176
data/2025-2026/By Gameweek/GW36/player_gameweek_stats.csv,2025-2026,All,36.0,gameweek,player_gameweek_stats,335831
data/2025-2026/By Gameweek/GW37/player_gameweek_stats.csv,2025-2026,All,37.0,gameweek,player_gameweek_stats,337121
data/2025-2026/By Gameweek/GW38/player_gameweek_stats.csv,2025-2026,All,38.0,gameweek,player_gameweek_stats,333373
data/2025-2026/By Gameweek/GW1/player_match_enrichment.csv,2025-2026,All,1.0,gameweek,player_match_enrichment,21856
data/2025-2026/By Gameweek/GW2/player_match_enrichment.csv,2025-2026,All,2.0,gameweek,player_match_enrichment,28163
data/2025-2026/By Gameweek/GW3/player_match_enrichment.csv,2025-2026,All,3.0,gameweek,player_match_enrichment,33504
data/2025-2026/By Gameweek/GW4/player_match_enrichment.csv,2025-2026,All,4.0,gameweek,player_match_enrichment,32677
data/2025-2026/By Gameweek/GW5/player_match_enrichment.csv,2025-2026,All,5.0,gameweek,player_match_enrichment,30153
data/2025-2026/By Gameweek/GW6/player_match_enrichment.csv,2025-2026,All,6.0,gameweek,player_match_enrichment,38836
data/2025-2026/By Gameweek/GW7/player_match_enrichment.csv,2025-2026,All,7.0,gameweek,player_match_enrichment,25231
data/2025-2026/By Gameweek/GW8/player_match_enrichment.csv,2025-2026,All,8.0,gameweek,player_match_enrichment,31794
data/2025-2026/By Gameweek/GW9/player_match_enrichment.csv,2025-2026,All,9.0,gameweek,player_match_enrichment,34618
data/2025-2026/By Gameweek/GW10/player_match_enrichment.csv,2025-2026,All,10.0,gameweek,player_match_enrichment,35792
data/2025-2026/By Gameweek/GW11/player_match_enrichment.csv,2025-2026,All,11.0,gameweek,player_match_enrichment,24653
data/2025-2026/By Gameweek/GW12/player_match_enrichment.csv,2025-2026,All,12.0,gameweek,player_match_enrichment,33607
data/2025-2026/By Gameweek/GW13/player_match_enrichment.csv,2025-2026,All,13.0,gameweek,player_match_enrichment,24747
data/2025-2026/By Gameweek/GW14/player_match_enrichment.csv,2025-2026,All,14.0,gameweek,player_match_enrichment,24823
data/2025-2026/By Gameweek/GW15/player_match_enrichment.csv,2025-2026,All,15.0,gameweek,player_match_enrichment,32164
data/2025-2026/By Gameweek/GW16/player_match_enrichment.csv,2025-2026,All,16.0,gameweek,player_match_enrichment,29237
data/2025-2026/By Gameweek/GW17/player_match_enrichment.csv,2025-2026,All,17.0,gameweek,player_match_enrichment,26523
data/2025-2026/By Gameweek/GW18/player_match_enrichment.csv,2025-2026,All,18.0,gameweek,player_match_enrichment,23833
data/2025-2026/By Gameweek/GW19/player_match_enrichment.csv,2025-2026,All,19.0,gameweek,player_match_enrichment,23936
data/2025-2026/By Gameweek/GW20/player_match_enrichment.csv,2025-2026,All,20.0,gameweek,player_match_enrichment,24233
data/2025-2026/By Gameweek/GW21/player_match_enrichment.csv,2025-2026,All,21.0,gameweek,player_match_enrichment,23941
data/2025-2026/By Gameweek/GW22/player_match_enrichment.csv,2025-2026,All,22.0,gameweek,player_match_enrichment,27176
data/2025-2026/By Gameweek/GW23/player_match_enrichment.csv,2025-2026,All,23.0,gameweek,player_match_enrichment,32770
data/2025-2026/By Gameweek/GW24/player_match_enrichment.csv,2025-2026,All,24.0,gameweek,player_match_enrichment,32977
data/2025-2026/By Gameweek/GW25/player_match_enrichment.csv,2025-2026,All,25.0,gameweek,player_match_enrichment,28397
data/2025-2026/By Gameweek/GW26/player_match_enrichment.csv,2025-2026,All,26.0,gameweek,player_match_enrichment,26760
data/2025-2026/By Gameweek/GW27/player_match_enrichment.csv,2025-2026,All,27.0,gameweek,player_match_enrichment,24136
data/2025-2026/By Gameweek/GW28/player_match_enrichment.csv,2025-2026,All,28.0,gameweek,player_match_enrichment,24476
data/2025-2026/By Gameweek/GW29/player_match_enrichment.csv,2025-2026,All,29.0,gameweek,player_match_enrichment,24871
data/2025-2026/By Gameweek/GW30/player_match_enrichment.csv,2025-2026,All,30.0,gameweek,player_match_enrichment,28612
data/2025-2026/By Gameweek/GW31/player_match_enrichment.csv,2025-2026,All,31.0,gameweek,player_match_enrichment,19555
data/2025-2026/By Gameweek/GW32/player_match_enrichment.csv,2025-2026,All,32.0,gameweek,player_match_enrichment,24662
data/2025-2026/By Gameweek/GW33/player_match_enrichment.csv,2025-2026,All,33.0,gameweek,player_match_enrichment,31889
data/2025-2026/By Gameweek/GW34/player_match_enrichment.csv,2025-2026,All,34.0,gameweek,player_match_enrichment,16742
data/2025-2026/By Gameweek/GW35/player_match_enrichment.csv,2025-2026,All,35.0,gameweek,player_match_enrichment,24708
data/2025-2026/By Gameweek/GW36/player_match_enrichment.csv,2025-2026,All,36.0,gameweek,player_match_enrichment,27367
data/2025-2026/By Gameweek/GW37/player_match_enrichment.csv,2025-2026,All,37.0,gameweek,player_match_enrichment,24855
data/2025-2026/By Gameweek/GW38/player_match_enrichment.csv,2025-2026,All,38.0,gameweek,player_match_enrichment,25381
data/2025-2026/By Gameweek/GW1/playermatchstats.csv,2025-2026,All,1.0,gameweek,playermatchstats,59858
data/2025-2026/By Gameweek/GW2/playermatchstats.csv,2025-2026,All,2.0,gameweek,playermatchstats,72030
data/2025-2026/By Gameweek/GW3/playermatchstats.csv,2025-2026,All,3.0,gameweek,playermatchstats,86227
data/2025-2026/By Gameweek/GW4/playermatchstats.csv,2025-2026,All,4.0,gameweek,playermatchstats,87795
data/2025-2026/By Gameweek/GW5/playermatchstats.csv,2025-2026,All,5.0,gameweek,playermatchstats,80513
data/2025-2026/By Gameweek/GW6/playermatchstats.csv,2025-2026,All,6.0,gameweek,playermatchstats,109708
data/2025-2026/By Gameweek/GW7/playermatchstats.csv,2025-2026,All,7.0,gameweek,playermatchstats,62389
data/2025-2026/By Gameweek/GW8/playermatchstats.csv,2025-2026,All,8.0,gameweek,playermatchstats,82266
data/2025-2026/By Gameweek/GW9/playermatchstats.csv,2025-2026,All,9.0,gameweek,playermatchstats,92136
data/2025-2026/By Gameweek/GW10/playermatchstats.csv,2025-2026,All,10.0,gameweek,playermatchstats,99179
data/2025-2026/By Gameweek/GW11/playermatchstats.csv,2025-2026,All,11.0,gameweek,playermatchstats,60810
data/2025-2026/By Gameweek/GW12/playermatchstats.csv,2025-2026,All,12.0,gameweek,playermatchstats,110331
data/2025-2026/By Gameweek/GW13/playermatchstats.csv,2025-2026,All,13.0,gameweek,playermatchstats,78264
data/2025-2026/By Gameweek/GW14/playermatchstats.csv,2025-2026,All,14.0,gameweek,playermatchstats,61111
data/2025-2026/By Gameweek/GW15/playermatchstats.csv,2025-2026,All,15.0,gameweek,playermatchstats,89695
data/2025-2026/By Gameweek/GW16/playermatchstats.csv,2025-2026,All,16.0,gameweek,playermatchstats,79883
data/2025-2026/By Gameweek/GW17/playermatchstats.csv,2025-2026,All,17.0,gameweek,playermatchstats,67024
data/2025-2026/By Gameweek/GW18/playermatchstats.csv,2025-2026,All,18.0,gameweek,playermatchstats,58817
data/2025-2026/By Gameweek/GW19/playermatchstats.csv,2025-2026,All,19.0,gameweek,playermatchstats,58959
data/2025-2026/By Gameweek/GW20/playermatchstats.csv,2025-2026,All,20.0,gameweek,playermatchstats,59757
data/2025-2026/By Gameweek/GW21/playermatchstats.csv,2025-2026,All,21.0,gameweek,playermatchstats,59124
data/2025-2026/By Gameweek/GW22/playermatchstats.csv,2025-2026,All,22.0,gameweek,playermatchstats,71532
data/2025-2026/By Gameweek/GW23/playermatchstats.csv,2025-2026,All,23.0,gameweek,playermatchstats,86890
data/2025-2026/By Gameweek/GW24/playermatchstats.csv,2025-2026,All,24.0,gameweek,playermatchstats,87877
data/2025-2026/By Gameweek/GW25/playermatchstats.csv,2025-2026,All,25.0,gameweek,playermatchstats,73233
data/2025-2026/By Gameweek/GW26/playermatchstats.csv,2025-2026,All,26.0,gameweek,playermatchstats,85870
data/2025-2026/By Gameweek/GW27/playermatchstats.csv,2025-2026,All,27.0,gameweek,playermatchstats,91279
data/2025-2026/By Gameweek/GW28/playermatchstats.csv,2025-2026,All,28.0,gameweek,playermatchstats,92437
data/2025-2026/By Gameweek/GW29/playermatchstats.csv,2025-2026,All,29.0,gameweek,playermatchstats,74983
data/2025-2026/By Gameweek/GW30/playermatchstats.csv,2025-2026,All,30.0,gameweek,playermatchstats,110310
data/2025-2026/By Gameweek/GW31/playermatchstats.csv,2025-2026,All,31.0,gameweek,playermatchstats,100500
data/2025-2026/By Gameweek/GW32/playermatchstats.csv,2025-2026,All,32.0,gameweek,playermatchstats,106892
data/2025-2026/By Gameweek/GW33/playermatchstats.csv,2025-2026,All,33.0,gameweek,playermatchstats,120439
data/2025-2026/By Gameweek/GW34/playermatchstats.csv,2025-2026,All,34.0,gameweek,playermatchstats,54365
data/2025-2026/By Gameweek/GW35/playermatchstats.csv,2025-2026,All,35.0,gameweek,playermatchstats,95132
data/2025-2026/By Gameweek/GW36/playermatchstats.csv,2025-2026,All,36.0,gameweek,playermatchstats,100154
data/2025-2026/By Gameweek/GW37/playermatchstats.csv,2025-2026,All,37.0,gameweek,playermatchstats,76658
data/2025-2026/By Gameweek/GW38/playermatchstats.csv,2025-2026,All,38.0,gameweek,playermatchstats,81485
data/2025-2026/By Gameweek/GW1/players.csv,2025-2026,All,1.0,gameweek,players,39225
data/2025-2026/By Gameweek/GW2/players.csv,2025-2026,All,2.0,gameweek,players,39225
data/2025-2026/By Gameweek/GW3/players.csv,2025-2026,All,3.0,gameweek,players,39224
data/2025-2026/By Gameweek/GW4/players.csv,2025-2026,All,4.0,gameweek,players,39223
data/2025-2026/By Gameweek/GW5/players.csv,2025-2026,All,5.0,gameweek,players,39223
data/2025-2026/By Gameweek/GW6/players.csv,2025-2026,All,6.0,gameweek,players,39223
data/2025-2026/By Gameweek/GW7/players.csv,2025-2026,All,7.0,gameweek,players,39223
data/2025-2026/By Gameweek/GW8/players.csv,2025-2026,All,8.0,gameweek,players,39223
data/2025-2026/By Gameweek/GW9/players.csv,2025-2026,All,9.0,gameweek,players,39223
data/2025-2026/By Gameweek/GW10/players.csv,2025-2026,All,10.0,gameweek,players,39223
data/2025-2026/By Gameweek/GW11/players.csv,2025-2026,All,11.0,gameweek,players,39223
data/2025-2026/By Gameweek/GW12/players.csv,2025-2026,All,12.0,gameweek,players,39223
data/2025-2026/By Gameweek/GW13/players.csv,2025-2026,All,13.0,gameweek,players,39223
data/2025-2026/By Gameweek/GW14/players.csv,2025-2026,All,14.0,gameweek,players,39223
data/2025-2026/By Gameweek/GW15/players.csv,2025-2026,All,15.0,gameweek,players,39223
data/2025-2026/By Gameweek/GW16/players.csv,2025-2026,All,16.0,gameweek,players,39223
data/2025-2026/By Gameweek/GW17/players.csv,2025-2026,All,17.0,gameweek,players,39223
data/2025-2026/By Gameweek/GW18/players.csv,2025-2026,All,18.0,gameweek,players,39223
data/2025-2026/By Gameweek/GW19/players.csv,2025-2026,All,19.0,gameweek,players,39223
data/2025-2026/By Gameweek/GW20/players.csv,2025-2026,All,20.0,gameweek,players,39224
data/2025-2026/By Gameweek/GW21/players.csv,2025-2026,All,21.0,gameweek,players,39224
data/2025-2026/By Gameweek/GW22/players.csv,2025-2026,All,22.0,gameweek,players,39224
data/2025-2026/By Gameweek/GW23/players.csv,2025-2026,All,23.0,gameweek,players,39224
data/2025-2026/By Gameweek/GW24/players.csv,2025-2026,All,24.0,gameweek,players,39223
data/2025-2026/By Gameweek/GW25/players.csv,2025-2026,All,25.0,gameweek,players,39225
data/2025-2026/By Gameweek/GW26/players.csv,2025-2026,All,26.0,gameweek,players,39225
data/2025-2026/By Gameweek/GW27/players.csv,2025-2026,All,27.0,gameweek,players,39266
data/2025-2026/By Gameweek/GW28/players.csv,2025-2026,All,28.0,gameweek,players,39309
data/2025-2026/By Gameweek/GW29/players.csv,2025-2026,All,29.0,gameweek,players,39367
data/2025-2026/By Gameweek/GW30/players.csv,2025-2026,All,30.0,gameweek,players,39461
data/2025-2026/By Gameweek/GW31/players.csv,2025-2026,All,31.0,gameweek,players,39606
data/2025-2026/By Gameweek/GW32/players.csv,2025-2026,All,32.0,gameweek,players,39647
data/2025-2026/By Gameweek/GW33/players.csv,2025-2026,All,33.0,gameweek,players,39780
data/2025-2026/By Gameweek/GW34/players.csv,2025-2026,All,34.0,gameweek,players,39821
data/2025-2026/By Gameweek/GW35/players.csv,2025-2026,All,35.0,gameweek,players,39908
data/2025-2026/By Gameweek/GW36/players.csv,2025-2026,All,36.0,gameweek,players,40203
data/2025-2026/By Gameweek/GW37/players.csv,2025-2026,All,37.0,gameweek,players,40297
data/2025-2026/By Gameweek/GW38/players.csv,2025-2026,All,38.0,gameweek,players,40339
data/2025-2026/players.csv,2025-2026,All,,season,players,40339
data/2025-2026/By Gameweek/GW1/playerstats.csv,2025-2026,All,1.0,gameweek,playerstats,254574
data/2025-2026/By Gameweek/GW2/playerstats.csv,2025-2026,All,2.0,gameweek,playerstats,172599
data/2025-2026/By Gameweek/GW3/playerstats.csv,2025-2026,All,3.0,gameweek,playerstats,173208
data/2025-2026/By Gameweek/GW4/playerstats.csv,2025-2026,All,4.0,gameweek,playerstats,174101
data/2025-2026/By Gameweek/GW5/playerstats.csv,2025-2026,All,5.0,gameweek,playerstats,174671
data/2025-2026/By Gameweek/GW6/playerstats.csv,2025-2026,All,6.0,gameweek,playerstats,175685
data/2025-2026/By Gameweek/GW7/playerstats.csv,2025-2026,All,7.0,gameweek,playerstats,175752
data/2025-2026/By Gameweek/GW8/playerstats.csv,2025-2026,All,8.0,gameweek,playerstats,176164
data/2025-2026/By Gameweek/GW9/playerstats.csv,2025-2026,All,9.0,gameweek,playerstats,175870
data/2025-2026/By Gameweek/GW10/playerstats.csv,2025-2026,All,10.0,gameweek,playerstats,257270
data/2025-2026/By Gameweek/GW11/playerstats.csv,2025-2026,All,11.0,gameweek,playerstats,256797
data/2025-2026/By Gameweek/GW12/playerstats.csv,2025-2026,All,12.0,gameweek,playerstats,257804
data/2025-2026/By Gameweek/GW13/playerstats.csv,2025-2026,All,13.0,gameweek,playerstats,258002
data/2025-2026/By Gameweek/GW14/playerstats.csv,2025-2026,All,14.0,gameweek,playerstats,259845
data/2025-2026/By Gameweek/GW15/playerstats.csv,2025-2026,All,15.0,gameweek,playerstats,261090
data/2025-2026/By Gameweek/GW16/playerstats.csv,2025-2026,All,16.0,gameweek,playerstats,264633
data/2025-2026/By Gameweek/GW17/playerstats.csv,2025-2026,All,17.0,gameweek,playerstats,267855
data/2025-2026/By Gameweek/GW18/playerstats.csv,2025-2026,All,18.0,gameweek,playerstats,269533
data/2025-2026/By Gameweek/GW19/playerstats.csv,2025-2026,All,19.0,gameweek,playerstats,271870
data/2025-2026/By Gameweek/GW20/playerstats.csv,2025-2026,All,20.0,gameweek,playerstats,275048
data/2025-2026/By Gameweek/GW21/playerstats.csv,2025-2026,All,21.0,gameweek,playerstats,276725
data/2025-2026/By Gameweek/GW22/playerstats.csv,2025-2026,All,22.0,gameweek,playerstats,277602
data/2025-2026/By Gameweek/GW23/playerstats.csv,2025-2026,All,23.0,gameweek,playerstats,280101
data/2025-2026/By Gameweek/GW24/playerstats.csv,2025-2026,All,24.0,gameweek,playerstats,283799
data/2025-2026/By Gameweek/GW25/playerstats.csv,2025-2026,All,25.0,gameweek,playerstats,284828
data/2025-2026/By Gameweek/GW26/playerstats.csv,2025-2026,All,26.0,gameweek,playerstats,285075
data/2025-2026/By Gameweek/GW27/playerstats.csv,2025-2026,All,27.0,gameweek,playerstats,285474
data/2025-2026/By Gameweek/GW28/playerstats.csv,2025-2026,All,28.0,gameweek,playerstats,286006
data/2025-2026/By Gameweek/GW29/playerstats.csv,2025-2026,All,29.0,gameweek,playerstats,286923
data/2025-2026/By Gameweek/GW30/playerstats.csv,2025-2026,All,30.0,gameweek,playerstats,286730
data/2025-2026/By Gameweek/GW31/playerstats.csv,2025-2026,All,31.0,gameweek,playerstats,288467
data/2025-2026/By Gameweek/GW32/playerstats.csv,2025-2026,All,32.0,gameweek,playerstats,288603
data/2025-2026/By Gameweek/GW33/playerstats.csv,2025-2026,All,33.0,gameweek,playerstats,289508
data/2025-2026/By Gameweek/GW34/playerstats.csv,2025-2026,All,34.0,gameweek,playerstats,289988
data/2025-2026/By Gameweek/GW35/playerstats.csv,2025-2026,All,35.0,gameweek,playerstats,290764
data/2025-2026/By Gameweek/GW36/playerstats.csv,2025-2026,All,36.0,gameweek,playerstats,292693
data/2025-2026/By Gameweek/GW37/playerstats.csv,2025-2026,All,37.0,gameweek,playerstats,293523
data/2025-2026/By Gameweek/GW38/playerstats.csv,2025-2026,All,38.0,gameweek,playerstats,290510
data/2025-2026/playerstats.csv,2025-2026,All,,season,playerstats,9658260
data/2025-2026/By Gameweek/GW1/shots.csv,2025-2026,All,1.0,gameweek,shots,31858
data/2025-2026/By Gameweek/GW2/shots.csv,2025-2026,All,2.0,gameweek,shots,31433
data/2025-2026/By Gameweek/GW3/shots.csv,2025-2026,All,3.0,gameweek,shots,59916
data/2025-2026/By Gameweek/GW4/shots.csv,2025-2026,All,4.0,gameweek,shots,51981
data/2025-2026/By Gameweek/GW5/shots.csv,2025-2026,All,5.0,gameweek,shots,45228
data/2025-2026/By Gameweek/GW6/shots.csv,2025-2026,All,6.0,gameweek,shots,74605
data/2025-2026/By Gameweek/GW7/shots.csv,2025-2026,All,7.0,gameweek,shots,29462
data/2025-2026/By Gameweek/GW8/shots.csv,2025-2026,All,8.0,gameweek,shots,52930
data/2025-2026/By Gameweek/GW9/shots.csv,2025-2026,All,9.0,gameweek,shots,53313
data/2025-2026/By Gameweek/GW10/shots.csv,2025-2026,All,10.0,gameweek,shots,56415
data/2025-2026/By Gameweek/GW11/shots.csv,2025-2026,All,11.0,gameweek,shots,28572
data/2025-2026/By Gameweek/GW12/shots.csv,2025-2026,All,12.0,gameweek,shots,62509
data/2025-2026/By Gameweek/GW13/shots.csv,2025-2026,All,13.0,gameweek,shots,31636
data/2025-2026/By Gameweek/GW14/shots.csv,2025-2026,All,14.0,gameweek,shots,30531
data/2025-2026/By Gameweek/GW15/shots.csv,2025-2026,All,15.0,gameweek,shots,58860
data/2025-2026/By Gameweek/GW16/shots.csv,2025-2026,All,16.0,gameweek,shots,38490
data/2025-2026/By Gameweek/GW17/shots.csv,2025-2026,All,17.0,gameweek,shots,36052
data/2025-2026/By Gameweek/GW18/shots.csv,2025-2026,All,18.0,gameweek,shots,34340
data/2025-2026/By Gameweek/GW19/shots.csv,2025-2026,All,19.0,gameweek,shots,35231
data/2025-2026/By Gameweek/GW20/shots.csv,2025-2026,All,20.0,gameweek,shots,28234
data/2025-2026/By Gameweek/GW21/shots.csv,2025-2026,All,21.0,gameweek,shots,35325
data/2025-2026/By Gameweek/GW22/shots.csv,2025-2026,All,22.0,gameweek,shots,37698
data/2025-2026/By Gameweek/GW23/shots.csv,2025-2026,All,23.0,gameweek,shots,55228
data/2025-2026/By Gameweek/GW24/shots.csv,2025-2026,All,24.0,gameweek,shots,59841
data/2025-2026/By Gameweek/GW25/shots.csv,2025-2026,All,25.0,gameweek,shots,39312
data/2025-2026/By Gameweek/GW26/shots.csv,2025-2026,All,26.0,gameweek,shots,37431
data/2025-2026/By Gameweek/GW27/shots.csv,2025-2026,All,27.0,gameweek,shots,33599
data/2025-2026/By Gameweek/GW28/shots.csv,2025-2026,All,28.0,gameweek,shots,34691
data/2025-2026/By Gameweek/GW29/shots.csv,2025-2026,All,29.0,gameweek,shots,28670
data/2025-2026/By Gameweek/GW30/shots.csv,2025-2026,All,30.0,gameweek,shots,48754
data/2025-2026/By Gameweek/GW31/shots.csv,2025-2026,All,31.0,gameweek,shots,27693
data/2025-2026/By Gameweek/GW32/shots.csv,2025-2026,All,32.0,gameweek,shots,35567
data/2025-2026/By Gameweek/GW33/shots.csv,2025-2026,All,33.0,gameweek,shots,39418
data/2025-2026/By Gameweek/GW34/shots.csv,2025-2026,All,34.0,gameweek,shots,20452
data/2025-2026/By Gameweek/GW35/shots.csv,2025-2026,All,35.0,gameweek,shots,34214
data/2025-2026/By Gameweek/GW36/shots.csv,2025-2026,All,36.0,gameweek,shots,40317
data/2025-2026/By Gameweek/GW37/shots.csv,2025-2026,All,37.0,gameweek,shots,33097
data/2025-2026/By Gameweek/GW38/shots.csv,2025-2026,All,38.0,gameweek,shots,37195
data/2025-2026/team_history.csv,2025-2026,All,,season,team_history,296462
data/2025-2026/By Gameweek/GW1/teams.csv,2025-2026,All,1.0,gameweek,teams,1632
data/2025-2026/By Gameweek/GW2/teams.csv,2025-2026,All,2.0,gameweek,teams,1632
data/2025-2026/By Gameweek/GW3/teams.csv,2025-2026,All,3.0,gameweek,teams,1632
data/2025-2026/By Gameweek/GW4/teams.csv,2025-2026,All,4.0,gameweek,teams,1632
data/2025-2026/By Gameweek/GW5/teams.csv,2025-2026,All,5.0,gameweek,teams,1632
data/2025-2026/By Gameweek/GW6/teams.csv,2025-2026,All,6.0,gameweek,teams,1632
data/2025-2026/By Gameweek/GW7/teams.csv,2025-2026,All,7.0,gameweek,teams,1632
data/2025-2026/By Gameweek/GW8/teams.csv,2025-2026,All,8.0,gameweek,teams,1632
data/2025-2026/By Gameweek/GW9/teams.csv,2025-2026,All,9.0,gameweek,teams,1632
data/2025-2026/By Gameweek/GW10/teams.csv,2025-2026,All,10.0,gameweek,teams,1632
data/2025-2026/By Gameweek/GW11/teams.csv,2025-2026,All,11.0,gameweek,teams,1632
data/2025-2026/By Gameweek/GW12/teams.csv,2025-2026,All,12.0,gameweek,teams,1632
data/2025-2026/By Gameweek/GW13/teams.csv,2025-2026,All,13.0,gameweek,teams,1632
data/2025-2026/By Gameweek/GW14/teams.csv,2025-2026,All,14.0,gameweek,teams,1632
data/2025-2026/By Gameweek/GW15/teams.csv,2025-2026,All,15.0,gameweek,teams,1632
data/2025-2026/By Gameweek/GW16/teams.csv,2025-2026,All,16.0,gameweek,teams,1632
data/2025-2026/By Gameweek/GW17/teams.csv,2025-2026,All,17.0,gameweek,teams,1632
data/2025-2026/By Gameweek/GW18/teams.csv,2025-2026,All,18.0,gameweek,teams,1632
data/2025-2026/By Gameweek/GW19/teams.csv,2025-2026,All,19.0,gameweek,teams,1632
data/2025-2026/By Gameweek/GW20/teams.csv,2025-2026,All,20.0,gameweek,teams,1632
data/2025-2026/By Gameweek/GW21/teams.csv,2025-2026,All,21.0,gameweek,teams,1632
data/2025-2026/By Gameweek/GW22/teams.csv,2025-2026,All,22.0,gameweek,teams,1632
data/2025-2026/By Gameweek/GW23/teams.csv,2025-2026,All,23.0,gameweek,teams,1632
data/2025-2026/By Gameweek/GW24/teams.csv,2025-2026,All,24.0,gameweek,teams,1632
data/2025-2026/By Gameweek/GW25/teams.csv,2025-2026,All,25.0,gameweek,teams,1632
data/2025-2026/By Gameweek/GW26/teams.csv,2025-2026,All,26.0,gameweek,teams,1630
data/2025-2026/By Gameweek/GW27/teams.csv,2025-2026,All,27.0,gameweek,teams,1630
data/2025-2026/By Gameweek/GW28/teams.csv,2025-2026,All,28.0,gameweek,teams,1630
data/2025-2026/By Gameweek/GW29/teams.csv,2025-2026,All,29.0,gameweek,teams,1630
data/2025-2026/By Gameweek/GW30/teams.csv,2025-2026,All,30.0,gameweek,teams,1630
data/2025-2026/By Gameweek/GW31/teams.csv,2025-2026,All,31.0,gameweek,teams,1630
data/2025-2026/By Gameweek/GW32/teams.csv,2025-2026,All,32.0,gameweek,teams,1630
data/2025-2026/By Gameweek/GW33/teams.csv,2025-2026,All,33.0,gameweek,teams,1628
data/2025-2026/By Gameweek/GW34/teams.csv,2025-2026,All,34.0,gameweek,teams,1628
data/2025-2026/By Gameweek/GW35/teams.csv,2025-2026,All,35.0,gameweek,teams,1628
data/2025-2026/By Gameweek/GW36/teams.csv,2025-2026,All,36.0,gameweek,teams,1628
data/2025-2026/By Gameweek/GW37/teams.csv,2025-2026,All,37.0,gameweek,teams,1628
data/2025-2026/By Gameweek/GW38/teams.csv,2025-2026,All,38.0,gameweek,teams,1628
data/2025-2026/teams.csv,2025-2026,All,,season,teams,1628
data/2025-2026/By Gameweek/GW1/xg_by_minute.csv,2025-2026,All,1.0,gameweek,xg_by_minute,12783
data/2025-2026/By Gameweek/GW2/xg_by_minute.csv,2025-2026,All,2.0,gameweek,xg_by_minute,13372
data/2025-2026/By Gameweek/GW3/xg_by_minute.csv,2025-2026,All,3.0,gameweek,xg_by_minute,23616
data/2025-2026/By Gameweek/GW4/xg_by_minute.csv,2025-2026,All,4.0,gameweek,xg_by_minute,21479
data/2025-2026/By Gameweek/GW5/xg_by_minute.csv,2025-2026,All,5.0,gameweek,xg_by_minute,18828
data/2025-2026/By Gameweek/GW6/xg_by_minute.csv,2025-2026,All,6.0,gameweek,xg_by_minute,30598
data/2025-2026/By Gameweek/GW7/xg_by_minute.csv,2025-2026,All,7.0,gameweek,xg_by_minute,11906
data/2025-2026/By Gameweek/GW8/xg_by_minute.csv,2025-2026,All,8.0,gameweek,xg_by_minute,21937
data/2025-2026/By Gameweek/GW9/xg_by_minute.csv,2025-2026,All,9.0,gameweek,xg_by_minute,21708
data/2025-2026/By Gameweek/GW10/xg_by_minute.csv,2025-2026,All,10.0,gameweek,xg_by_minute,23779
data/2025-2026/By Gameweek/GW11/xg_by_minute.csv,2025-2026,All,11.0,gameweek,xg_by_minute,11516
data/2025-2026/By Gameweek/GW12/xg_by_minute.csv,2025-2026,All,12.0,gameweek,xg_by_minute,25823
data/2025-2026/By Gameweek/GW13/xg_by_minute.csv,2025-2026,All,13.0,gameweek,xg_by_minute,12896
data/2025-2026/By Gameweek/GW14/xg_by_minute.csv,2025-2026,All,14.0,gameweek,xg_by_minute,11814
data/2025-2026/By Gameweek/GW15/xg_by_minute.csv,2025-2026,All,15.0,gameweek,xg_by_minute,24041
data/2025-2026/By Gameweek/GW16/xg_by_minute.csv,2025-2026,All,16.0,gameweek,xg_by_minute,15704
data/2025-2026/By Gameweek/GW17/xg_by_minute.csv,2025-2026,All,17.0,gameweek,xg_by_minute,14174
data/2025-2026/By Gameweek/GW18/xg_by_minute.csv,2025-2026,All,18.0,gameweek,xg_by_minute,14323
data/2025-2026/By Gameweek/GW19/xg_by_minute.csv,2025-2026,All,19.0,gameweek,xg_by_minute,13628
data/2025-2026/By Gameweek/GW20/xg_by_minute.csv,2025-2026,All,20.0,gameweek,xg_by_minute,12383
data/2025-2026/By Gameweek/GW21/xg_by_minute.csv,2025-2026,All,21.0,gameweek,xg_by_minute,13873
data/2025-2026/By Gameweek/GW22/xg_by_minute.csv,2025-2026,All,22.0,gameweek,xg_by_minute,15029
data/2025-2026/By Gameweek/GW23/xg_by_minute.csv,2025-2026,All,23.0,gameweek,xg_by_minute,22976
data/2025-2026/By Gameweek/GW24/xg_by_minute.csv,2025-2026,All,24.0,gameweek,xg_by_minute,24313
data/2025-2026/By Gameweek/GW25/xg_by_minute.csv,2025-2026,All,25.0,gameweek,xg_by_minute,15752
data/2025-2026/By Gameweek/GW26/xg_by_minute.csv,2025-2026,All,26.0,gameweek,xg_by_minute,15377
data/2025-2026/By Gameweek/GW27/xg_by_minute.csv,2025-2026,All,27.0,gameweek,xg_by_minute,13910
data/2025-2026/By Gameweek/GW28/xg_by_minute.csv,2025-2026,All,28.0,gameweek,xg_by_minute,13749
data/2025-2026/By Gameweek/GW29/xg_by_minute.csv,2025-2026,All,29.0,gameweek,xg_by_minute,11408
data/2025-2026/By Gameweek/GW30/xg_by_minute.csv,2025-2026,All,30.0,gameweek,xg_by_minute,19501
data/2025-2026/By Gameweek/GW31/xg_by_minute.csv,2025-2026,All,31.0,gameweek,xg_by_minute,11050
data/2025-2026/By Gameweek/GW32/xg_by_minute.csv,2025-2026,All,32.0,gameweek,xg_by_minute,14330
data/2025-2026/By Gameweek/GW33/xg_by_minute.csv,2025-2026,All,33.0,gameweek,xg_by_minute,15650
data/2025-2026/By Gameweek/GW34/xg_by_minute.csv,2025-2026,All,34.0,gameweek,xg_by_minute,8796
data/2025-2026/By Gameweek/GW35/xg_by_minute.csv,2025-2026,All,35.0,gameweek,xg_by_minute,13982
data/2025-2026/By Gameweek/GW36/xg_by_minute.csv,2025-2026,All,36.0,gameweek,xg_by_minute,16047
data/2025-2026/By Gameweek/GW37/xg_by_minute.csv,2025-2026,All,37.0,gameweek,xg_by_minute,13021
data/2025-2026/By Gameweek/GW38/xg_by_minute.csv,2025-2026,All,38.0,gameweek,xg_by_minute,14550
data/2025-2026/By Tournament/Champions League/GW4/average_positions.csv,2025-2026,Champions League,4.0,gameweek,average_positions,12874
data/2025-2026/By Tournament/Champions League/GW6/average_positions.csv,2025-2026,Champions League,6.0,gameweek,average_positions,12999
data/2025-2026/By Tournament/Champions League/GW8/average_positions.csv,2025-2026,Champions League,8.0,gameweek,average_positions,12718
data/2025-2026/By Tournament/Champions League/GW10/average_positions.csv,2025-2026,Champions League,10.0,gameweek,average_positions,16000
data/2025-2026/By Tournament/Champions League/GW12/average_positions.csv,2025-2026,Champions League,12.0,gameweek,average_positions,15358
data/2025-2026/By Tournament/Champions League/GW15/average_positions.csv,2025-2026,Champions League,15.0,gameweek,average_positions,12568
data/2025-2026/By Tournament/Champions League/GW23/average_positions.csv,2025-2026,Champions League,23.0,gameweek,average_positions,14582
data/2025-2026/By Tournament/Champions League/GW24/average_positions.csv,2025-2026,Champions League,24.0,gameweek,average_positions,15451
data/2025-2026/By Tournament/Champions League/GW30/average_positions.csv,2025-2026,Champions League,30.0,gameweek,average_positions,7765
data/2025-2026/By Tournament/Champions League/GW36/average_positions.csv,2025-2026,Champions League,36.0,gameweek,average_positions,2686
data/2025-2026/By Tournament/Champions League/GW4/fixtures.csv,2025-2026,Champions League,4.0,gameweek,fixtures,4919
data/2025-2026/By Tournament/Champions League/GW6/fixtures.csv,2025-2026,Champions League,6.0,gameweek,fixtures,4900
data/2025-2026/By Tournament/Champions League/GW8/fixtures.csv,2025-2026,Champions League,8.0,gameweek,fixtures,4897
data/2025-2026/By Tournament/Champions League/GW10/fixtures.csv,2025-2026,Champions League,10.0,gameweek,fixtures,5540
data/2025-2026/By Tournament/Champions League/GW12/fixtures.csv,2025-2026,Champions League,12.0,gameweek,fixtures,5561
data/2025-2026/By Tournament/Champions League/GW15/fixtures.csv,2025-2026,Champions League,15.0,gameweek,fixtures,4936
data/2025-2026/By Tournament/Champions League/GW23/fixtures.csv,2025-2026,Champions League,23.0,gameweek,fixtures,5530
data/2025-2026/By Tournament/Champions League/GW24/fixtures.csv,2025-2026,Champions League,24.0,gameweek,fixtures,5564
data/2025-2026/By Tournament/Champions League/GW27/fixtures.csv,2025-2026,Champions League,27.0,gameweek,fixtures,2524
data/2025-2026/By Tournament/Champions League/GW28/fixtures.csv,2025-2026,Champions League,28.0,gameweek,fixtures,2522
data/2025-2026/By Tournament/Champions League/GW30/fixtures.csv,2025-2026,Champions League,30.0,gameweek,fixtures,5425
data/2025-2026/By Tournament/Champions League/GW31/fixtures.csv,2025-2026,Champions League,31.0,gameweek,fixtures,5365
data/2025-2026/By Tournament/Champions League/GW32/fixtures.csv,2025-2026,Champions League,32.0,gameweek,fixtures,3068
data/2025-2026/By Tournament/Champions League/GW33/fixtures.csv,2025-2026,Champions League,33.0,gameweek,fixtures,3080
data/2025-2026/By Tournament/Champions League/GW35/fixtures.csv,2025-2026,Champions League,35.0,gameweek,fixtures,2508
data/2025-2026/By Tournament/Champions League/GW36/fixtures.csv,2025-2026,Champions League,36.0,gameweek,fixtures,2541
data/2025-2026/By Tournament/Champions League/GW4/incidents.csv,2025-2026,Champions League,4.0,gameweek,incidents,9702
data/2025-2026/By Tournament/Champions League/GW6/incidents.csv,2025-2026,Champions League,6.0,gameweek,incidents,10405
data/2025-2026/By Tournament/Champions League/GW8/incidents.csv,2025-2026,Champions League,8.0,gameweek,incidents,9032
data/2025-2026/By Tournament/Champions League/GW10/incidents.csv,2025-2026,Champions League,10.0,gameweek,incidents,12241
data/2025-2026/By Tournament/Champions League/GW12/incidents.csv,2025-2026,Champions League,12.0,gameweek,incidents,11495
data/2025-2026/By Tournament/Champions League/GW15/incidents.csv,2025-2026,Champions League,15.0,gameweek,incidents,6879
data/2025-2026/By Tournament/Champions League/GW23/incidents.csv,2025-2026,Champions League,23.0,gameweek,incidents,7470
data/2025-2026/By Tournament/Champions League/GW24/incidents.csv,2025-2026,Champions League,24.0,gameweek,incidents,7583
data/2025-2026/By Tournament/Champions League/GW30/incidents.csv,2025-2026,Champions League,30.0,gameweek,incidents,5919
data/2025-2026/By Tournament/Champions League/GW36/incidents.csv,2025-2026,Champions League,36.0,gameweek,incidents,2078
data/2025-2026/By Tournament/Champions League/GW4/lineups.csv,2025-2026,Champions League,4.0,gameweek,lineups,21638
data/2025-2026/By Tournament/Champions League/GW6/lineups.csv,2025-2026,Champions League,6.0,gameweek,lineups,21058
data/2025-2026/By Tournament/Champions League/GW8/lineups.csv,2025-2026,Champions League,8.0,gameweek,lineups,21483
data/2025-2026/By Tournament/Champions League/GW10/lineups.csv,2025-2026,Champions League,10.0,gameweek,lineups,25764
data/2025-2026/By Tournament/Champions League/GW12/lineups.csv,2025-2026,Champions League,12.0,gameweek,lineups,25994
data/2025-2026/By Tournament/Champions League/GW15/lineups.csv,2025-2026,Champions League,15.0,gameweek,lineups,21105
data/2025-2026/By Tournament/Champions League/GW23/lineups.csv,2025-2026,Champions League,23.0,gameweek,lineups,25202
data/2025-2026/By Tournament/Champions League/GW24/lineups.csv,2025-2026,Champions League,24.0,gameweek,lineups,25491
data/2025-2026/By Tournament/Champions League/GW30/lineups.csv,2025-2026,Champions League,30.0,gameweek,lineups,13022
data/2025-2026/By Tournament/Champions League/GW36/lineups.csv,2025-2026,Champions League,36.0,gameweek,lineups,4278
data/2025-2026/By Tournament/Champions League/GW4/match_enrichment.csv,2025-2026,Champions League,4.0,gameweek,match_enrichment,525
data/2025-2026/By Tournament/Champions League/GW6/match_enrichment.csv,2025-2026,Champions League,6.0,gameweek,match_enrichment,524
data/2025-2026/By Tournament/Champions League/GW8/match_enrichment.csv,2025-2026,Champions League,8.0,gameweek,match_enrichment,521
data/2025-2026/By Tournament/Champions League/GW10/match_enrichment.csv,2025-2026,Champions League,10.0,gameweek,match_enrichment,614
data/2025-2026/By Tournament/Champions League/GW12/match_enrichment.csv,2025-2026,Champions League,12.0,gameweek,match_enrichment,618
data/2025-2026/By Tournament/Champions League/GW15/match_enrichment.csv,2025-2026,Champions League,15.0,gameweek,match_enrichment,520
data/2025-2026/By Tournament/Champions League/GW23/match_enrichment.csv,2025-2026,Champions League,23.0,gameweek,match_enrichment,600
data/2025-2026/By Tournament/Champions League/GW24/match_enrichment.csv,2025-2026,Champions League,24.0,gameweek,match_enrichment,615
data/2025-2026/By Tournament/Champions League/GW30/match_enrichment.csv,2025-2026,Champions League,30.0,gameweek,match_enrichment,372
data/2025-2026/By Tournament/Champions League/GW36/match_enrichment.csv,2025-2026,Champions League,36.0,gameweek,match_enrichment,213
data/2025-2026/By Tournament/Champions League/GW4/matches.csv,2025-2026,Champions League,4.0,gameweek,matches,4919
data/2025-2026/By Tournament/Champions League/GW6/matches.csv,2025-2026,Champions League,6.0,gameweek,matches,4900
data/2025-2026/By Tournament/Champions League/GW8/matches.csv,2025-2026,Champions League,8.0,gameweek,matches,4897
data/2025-2026/By Tournament/Champions League/GW10/matches.csv,2025-2026,Champions League,10.0,gameweek,matches,5540
data/2025-2026/By Tournament/Champions League/GW12/matches.csv,2025-2026,Champions League,12.0,gameweek,matches,5561
data/2025-2026/By Tournament/Champions League/GW15/matches.csv,2025-2026,Champions League,15.0,gameweek,matches,4936
data/2025-2026/By Tournament/Champions League/GW23/matches.csv,2025-2026,Champions League,23.0,gameweek,matches,5530
data/2025-2026/By Tournament/Champions League/GW24/matches.csv,2025-2026,Champions League,24.0,gameweek,matches,5564
data/2025-2026/By Tournament/Champions League/GW27/matches.csv,2025-2026,Champions League,27.0,gameweek,matches,2524
data/2025-2026/By Tournament/Champions League/GW28/matches.csv,2025-2026,Champions League,28.0,gameweek,matches,2522
data/2025-2026/By Tournament/Champions League/GW30/matches.csv,2025-2026,Champions League,30.0,gameweek,matches,5425
data/2025-2026/By Tournament/Champions League/GW31/matches.csv,2025-2026,Champions League,31.0,gameweek,matches,5365
data/2025-2026/By Tournament/Champions League/GW32/matches.csv,2025-2026,Champions League,32.0,gameweek,matches,3068
data/2025-2026/By Tournament/Champions League/GW33/matches.csv,2025-2026,Champions League,33.0,gameweek,matches,3080
data/2025-2026/By Tournament/Champions League/GW35/matches.csv,2025-2026,Champions League,35.0,gameweek,matches,2508
data/2025-2026/By Tournament/Champions League/GW36/matches.csv,2025-2026,Champions League,36.0,gameweek,matches,2541
data/2025-2026/By Tournament/Champions League/GW4/momentum.csv,2025-2026,Champions League,4.0,gameweek,momentum,26295
data/2025-2026/By Tournament/Champions League/GW6/momentum.csv,2025-2026,Champions League,6.0,gameweek,momentum,26185
data/2025-2026/By Tournament/Champions League/GW8/momentum.csv,2025-2026,Champions League,8.0,gameweek,momentum,25882
data/2025-2026/By Tournament/Champions League/GW10/momentum.csv,2025-2026,Champions League,10.0,gameweek,momentum,32519
data/2025-2026/By Tournament/Champions League/GW12/momentum.csv,2025-2026,Champions League,12.0,gameweek,momentum,32913
data/2025-2026/By Tournament/Champions League/GW15/momentum.csv,2025-2026,Champions League,15.0,gameweek,momentum,25743
data/2025-2026/By Tournament/Champions League/GW23/momentum.csv,2025-2026,Champions League,23.0,gameweek,momentum,31266
data/2025-2026/By Tournament/Champions League/GW24/momentum.csv,2025-2026,Champions League,24.0,gameweek,momentum,32709
data/2025-2026/By Tournament/Champions League/GW30/momentum.csv,2025-2026,Champions League,30.0,gameweek,momentum,15933
data/2025-2026/By Tournament/Champions League/GW36/momentum.csv,2025-2026,Champions League,36.0,gameweek,momentum,5218
data/2025-2026/By Tournament/Champions League/GW4/player_gameweek_stats.csv,2025-2026,Champions League,4.0,gameweek,player_gameweek_stats,188028
data/2025-2026/By Tournament/Champions League/GW6/player_gameweek_stats.csv,2025-2026,Champions League,6.0,gameweek,player_gameweek_stats,191567
data/2025-2026/By Tournament/Champions League/GW8/player_gameweek_stats.csv,2025-2026,Champions League,8.0,gameweek,player_gameweek_stats,192037
data/2025-2026/By Tournament/Champions League/GW10/player_gameweek_stats.csv,2025-2026,Champions League,10.0,gameweek,player_gameweek_stats,270659
data/2025-2026/By Tournament/Champions League/GW12/player_gameweek_stats.csv,2025-2026,Champions League,12.0,gameweek,player_gameweek_stats,300358
data/2025-2026/By Tournament/Champions League/GW15/player_gameweek_stats.csv,2025-2026,Champions League,15.0,gameweek,player_gameweek_stats,304718
data/2025-2026/By Tournament/Champions League/GW23/player_gameweek_stats.csv,2025-2026,Champions League,23.0,gameweek,player_gameweek_stats,323716
data/2025-2026/By Tournament/Champions League/GW24/player_gameweek_stats.csv,2025-2026,Champions League,24.0,gameweek,player_gameweek_stats,326767
data/2025-2026/By Tournament/Champions League/GW27/player_gameweek_stats.csv,2025-2026,Champions League,27.0,gameweek,player_gameweek_stats,328338
data/2025-2026/By Tournament/Champions League/GW28/player_gameweek_stats.csv,2025-2026,Champions League,28.0,gameweek,player_gameweek_stats,328955
data/2025-2026/By Tournament/Champions League/GW30/player_gameweek_stats.csv,2025-2026,Champions League,30.0,gameweek,player_gameweek_stats,328964
data/2025-2026/By Tournament/Champions League/GW31/player_gameweek_stats.csv,2025-2026,Champions League,31.0,gameweek,player_gameweek_stats,326967
data/2025-2026/By Tournament/Champions League/GW32/player_gameweek_stats.csv,2025-2026,Champions League,32.0,gameweek,player_gameweek_stats,332048
data/2025-2026/By Tournament/Champions League/GW33/player_gameweek_stats.csv,2025-2026,Champions League,33.0,gameweek,player_gameweek_stats,333137
data/2025-2026/By Tournament/Champions League/GW35/player_gameweek_stats.csv,2025-2026,Champions League,35.0,gameweek,player_gameweek_stats,333176
data/2025-2026/By Tournament/Champions League/GW36/player_gameweek_stats.csv,2025-2026,Champions League,36.0,gameweek,player_gameweek_stats,335831
data/2025-2026/By Tournament/Champions League/GW4/player_match_enrichment.csv,2025-2026,Champions League,4.0,gameweek,player_match_enrichment,5069
data/2025-2026/By Tournament/Champions League/GW6/player_match_enrichment.csv,2025-2026,Champions League,6.0,gameweek,player_match_enrichment,5029
data/2025-2026/By Tournament/Champions League/GW8/player_match_enrichment.csv,2025-2026,Champions League,8.0,gameweek,player_match_enrichment,5868
data/2025-2026/By Tournament/Champions League/GW10/player_match_enrichment.csv,2025-2026,Champions League,10.0,gameweek,player_match_enrichment,6949
data/2025-2026/By Tournament/Champions League/GW12/player_match_enrichment.csv,2025-2026,Champions League,12.0,gameweek,player_match_enrichment,7085
data/2025-2026/By Tournament/Champions League/GW15/player_match_enrichment.csv,2025-2026,Champions League,15.0,gameweek,player_match_enrichment,5065
data/2025-2026/By Tournament/Champions League/GW23/player_match_enrichment.csv,2025-2026,Champions League,23.0,gameweek,player_match_enrichment,5908
data/2025-2026/By Tournament/Champions League/GW24/player_match_enrichment.csv,2025-2026,Champions League,24.0,gameweek,player_match_enrichment,6463
data/2025-2026/By Tournament/Champions League/GW30/player_match_enrichment.csv,2025-2026,Champions League,30.0,gameweek,player_match_enrichment,3845
data/2025-2026/By Tournament/Champions League/GW36/player_match_enrichment.csv,2025-2026,Champions League,36.0,gameweek,player_match_enrichment,1096
data/2025-2026/By Tournament/Champions League/GW4/playermatchstats.csv,2025-2026,Champions League,4.0,gameweek,playermatchstats,18004
data/2025-2026/By Tournament/Champions League/GW6/playermatchstats.csv,2025-2026,Champions League,6.0,gameweek,playermatchstats,18461
data/2025-2026/By Tournament/Champions League/GW8/playermatchstats.csv,2025-2026,Champions League,8.0,gameweek,playermatchstats,18523
data/2025-2026/By Tournament/Champions League/GW10/playermatchstats.csv,2025-2026,Champions League,10.0,gameweek,playermatchstats,22953
data/2025-2026/By Tournament/Champions League/GW12/playermatchstats.csv,2025-2026,Champions League,12.0,gameweek,playermatchstats,23273
data/2025-2026/By Tournament/Champions League/GW15/playermatchstats.csv,2025-2026,Champions League,15.0,gameweek,playermatchstats,18501
data/2025-2026/By Tournament/Champions League/GW23/playermatchstats.csv,2025-2026,Champions League,23.0,gameweek,playermatchstats,20323
data/2025-2026/By Tournament/Champions League/GW24/playermatchstats.csv,2025-2026,Champions League,24.0,gameweek,playermatchstats,21405
data/2025-2026/By Tournament/Champions League/GW27/playermatchstats.csv,2025-2026,Champions League,27.0,gameweek,playermatchstats,4585
data/2025-2026/By Tournament/Champions League/GW28/playermatchstats.csv,2025-2026,Champions League,28.0,gameweek,playermatchstats,5318
data/2025-2026/By Tournament/Champions League/GW30/playermatchstats.csv,2025-2026,Champions League,30.0,gameweek,playermatchstats,24717
data/2025-2026/By Tournament/Champions League/GW31/playermatchstats.csv,2025-2026,Champions League,31.0,gameweek,playermatchstats,28103
data/2025-2026/By Tournament/Champions League/GW32/playermatchstats.csv,2025-2026,Champions League,32.0,gameweek,playermatchstats,9489
data/2025-2026/By Tournament/Champions League/GW33/playermatchstats.csv,2025-2026,Champions League,33.0,gameweek,playermatchstats,9974
data/2025-2026/By Tournament/Champions League/GW35/playermatchstats.csv,2025-2026,Champions League,35.0,gameweek,playermatchstats,5869
data/2025-2026/By Tournament/Champions League/GW36/playermatchstats.csv,2025-2026,Champions League,36.0,gameweek,playermatchstats,4670
data/2025-2026/By Tournament/Champions League/GW4/players.csv,2025-2026,Champions League,4.0,gameweek,players,39223
data/2025-2026/By Tournament/Champions League/GW6/players.csv,2025-2026,Champions League,6.0,gameweek,players,39223
data/2025-2026/By Tournament/Champions League/GW8/players.csv,2025-2026,Champions League,8.0,gameweek,players,39223
data/2025-2026/By Tournament/Champions League/GW10/players.csv,2025-2026,Champions League,10.0,gameweek,players,39223
data/2025-2026/By Tournament/Champions League/GW12/players.csv,2025-2026,Champions League,12.0,gameweek,players,39223
data/2025-2026/By Tournament/Champions League/GW15/players.csv,2025-2026,Champions League,15.0,gameweek,players,39223
data/2025-2026/By Tournament/Champions League/GW23/players.csv,2025-2026,Champions League,23.0,gameweek,players,39224
data/2025-2026/By Tournament/Champions League/GW24/players.csv,2025-2026,Champions League,24.0,gameweek,players,39223
data/2025-2026/By Tournament/Champions League/GW27/players.csv,2025-2026,Champions League,27.0,gameweek,players,39266
data/2025-2026/By Tournament/Champions League/GW28/players.csv,2025-2026,Champions League,28.0,gameweek,players,39309
data/2025-2026/By Tournament/Champions League/GW30/players.csv,2025-2026,Champions League,30.0,gameweek,players,39461
data/2025-2026/By Tournament/Champions League/GW31/players.csv,2025-2026,Champions League,31.0,gameweek,players,39606
data/2025-2026/By Tournament/Champions League/GW32/players.csv,2025-2026,Champions League,32.0,gameweek,players,39647
data/2025-2026/By Tournament/Champions League/GW33/players.csv,2025-2026,Champions League,33.0,gameweek,players,39780
data/2025-2026/By Tournament/Champions League/GW35/players.csv,2025-2026,Champions League,35.0,gameweek,players,39908
data/2025-2026/By Tournament/Champions League/GW36/players.csv,2025-2026,Champions League,36.0,gameweek,players,40203
data/2025-2026/By Tournament/Champions League/GW4/playerstats.csv,2025-2026,Champions League,4.0,gameweek,playerstats,174101
data/2025-2026/By Tournament/Champions League/GW6/playerstats.csv,2025-2026,Champions League,6.0,gameweek,playerstats,175685
data/2025-2026/By Tournament/Champions League/GW8/playerstats.csv,2025-2026,Champions League,8.0,gameweek,playerstats,176164
data/2025-2026/By Tournament/Champions League/GW10/playerstats.csv,2025-2026,Champions League,10.0,gameweek,playerstats,257270
data/2025-2026/By Tournament/Champions League/GW12/playerstats.csv,2025-2026,Champions League,12.0,gameweek,playerstats,257804
data/2025-2026/By Tournament/Champions League/GW15/playerstats.csv,2025-2026,Champions League,15.0,gameweek,playerstats,261090
data/2025-2026/By Tournament/Champions League/GW23/playerstats.csv,2025-2026,Champions League,23.0,gameweek,playerstats,280101
data/2025-2026/By Tournament/Champions League/GW24/playerstats.csv,2025-2026,Champions League,24.0,gameweek,playerstats,283799
data/2025-2026/By Tournament/Champions League/GW27/playerstats.csv,2025-2026,Champions League,27.0,gameweek,playerstats,285474
data/2025-2026/By Tournament/Champions League/GW28/playerstats.csv,2025-2026,Champions League,28.0,gameweek,playerstats,286006
data/2025-2026/By Tournament/Champions League/GW30/playerstats.csv,2025-2026,Champions League,30.0,gameweek,playerstats,286730
data/2025-2026/By Tournament/Champions League/GW31/playerstats.csv,2025-2026,Champions League,31.0,gameweek,playerstats,288467
data/2025-2026/By Tournament/Champions League/GW32/playerstats.csv,2025-2026,Champions League,32.0,gameweek,playerstats,288603
data/2025-2026/By Tournament/Champions League/GW33/playerstats.csv,2025-2026,Champions League,33.0,gameweek,playerstats,289508
data/2025-2026/By Tournament/Champions League/GW35/playerstats.csv,2025-2026,Champions League,35.0,gameweek,playerstats,290764
data/2025-2026/By Tournament/Champions League/GW36/playerstats.csv,2025-2026,Champions League,36.0,gameweek,playerstats,292693
data/2025-2026/By Tournament/Champions League/GW4/shots.csv,2025-2026,Champions League,4.0,gameweek,shots,16187
data/2025-2026/By Tournament/Champions League/GW6/shots.csv,2025-2026,Champions League,6.0,gameweek,shots,16760
data/2025-2026/By Tournament/Champions League/GW8/shots.csv,2025-2026,Champions League,8.0,gameweek,shots,16769
data/2025-2026/By Tournament/Champions League/GW10/shots.csv,2025-2026,Champions League,10.0,gameweek,shots,19986
data/2025-2026/By Tournament/Champions League/GW12/shots.csv,2025-2026,Champions League,12.0,gameweek,shots,22717
data/2025-2026/By Tournament/Champions League/GW15/shots.csv,2025-2026,Champions League,15.0,gameweek,shots,18818
data/2025-2026/By Tournament/Champions League/GW23/shots.csv,2025-2026,Champions League,23.0,gameweek,shots,19459
data/2025-2026/By Tournament/Champions League/GW24/shots.csv,2025-2026,Champions League,24.0,gameweek,shots,21638
data/2025-2026/By Tournament/Champions League/GW30/shots.csv,2025-2026,Champions League,30.0,gameweek,shots,10952
data/2025-2026/By Tournament/Champions League/GW36/shots.csv,2025-2026,Champions League,36.0,gameweek,shots,4074
data/2025-2026/By Tournament/Champions League/GW4/teams.csv,2025-2026,Champions League,4.0,gameweek,teams,1632
data/2025-2026/By Tournament/Champions League/GW6/teams.csv,2025-2026,Champions League,6.0,gameweek,teams,1632
data/2025-2026/By Tournament/Champions League/GW8/teams.csv,2025-2026,Champions League,8.0,gameweek,teams,1632
data/2025-2026/By Tournament/Champions League/GW10/teams.csv,2025-2026,Champions League,10.0,gameweek,teams,1632
data/2025-2026/By Tournament/Champions League/GW12/teams.csv,2025-2026,Champions League,12.0,gameweek,teams,1632
data/2025-2026/By Tournament/Champions League/GW15/teams.csv,2025-2026,Champions League,15.0,gameweek,teams,1632
data/2025-2026/By Tournament/Champions League/GW23/teams.csv,2025-2026,Champions League,23.0,gameweek,teams,1632
data/2025-2026/By Tournament/Champions League/GW24/teams.csv,2025-2026,Champions League,24.0,gameweek,teams,1632
data/2025-2026/By Tournament/Champions League/GW27/teams.csv,2025-2026,Champions League,27.0,gameweek,teams,1630
data/2025-2026/By Tournament/Champions League/GW28/teams.csv,2025-2026,Champions League,28.0,gameweek,teams,1630
data/2025-2026/By Tournament/Champions League/GW30/teams.csv,2025-2026,Champions League,30.0,gameweek,teams,1630
data/2025-2026/By Tournament/Champions League/GW31/teams.csv,2025-2026,Champions League,31.0,gameweek,teams,1630
data/2025-2026/By Tournament/Champions League/GW32/teams.csv,2025-2026,Champions League,32.0,gameweek,teams,1630
data/2025-2026/By Tournament/Champions League/GW33/teams.csv,2025-2026,Champions League,33.0,gameweek,teams,1628
data/2025-2026/By Tournament/Champions League/GW35/teams.csv,2025-2026,Champions League,35.0,gameweek,teams,1628
data/2025-2026/By Tournament/Champions League/GW36/teams.csv,2025-2026,Champions League,36.0,gameweek,teams,1628
data/2025-2026/By Tournament/Champions League/GW4/xg_by_minute.csv,2025-2026,Champions League,4.0,gameweek,xg_by_minute,6904
data/2025-2026/By Tournament/Champions League/GW6/xg_by_minute.csv,2025-2026,Champions League,6.0,gameweek,xg_by_minute,7084
data/2025-2026/By Tournament/Champions League/GW8/xg_by_minute.csv,2025-2026,Champions League,8.0,gameweek,xg_by_minute,7003
data/2025-2026/By Tournament/Champions League/GW10/xg_by_minute.csv,2025-2026,Champions League,10.0,gameweek,xg_by_minute,8858
data/2025-2026/By Tournament/Champions League/GW12/xg_by_minute.csv,2025-2026,Champions League,12.0,gameweek,xg_by_minute,9529
data/2025-2026/By Tournament/Champions League/GW15/xg_by_minute.csv,2025-2026,Champions League,15.0,gameweek,xg_by_minute,7726
data/2025-2026/By Tournament/Champions League/GW23/xg_by_minute.csv,2025-2026,Champions League,23.0,gameweek,xg_by_minute,7965
data/2025-2026/By Tournament/Champions League/GW24/xg_by_minute.csv,2025-2026,Champions League,24.0,gameweek,xg_by_minute,9177
data/2025-2026/By Tournament/Champions League/GW30/xg_by_minute.csv,2025-2026,Champions League,30.0,gameweek,xg_by_minute,3938
data/2025-2026/By Tournament/Champions League/GW36/xg_by_minute.csv,2025-2026,Champions League,36.0,gameweek,xg_by_minute,1692
data/2025-2026/By Tournament/Conference League/GW6/fixtures.csv,2025-2026,Conference League,6.0,gameweek,fixtures,2545
data/2025-2026/By Tournament/Conference League/GW8/fixtures.csv,2025-2026,Conference League,8.0,gameweek,fixtures,2540
data/2025-2026/By Tournament/Conference League/GW10/fixtures.csv,2025-2026,Conference League,10.0,gameweek,fixtures,2547
data/2025-2026/By Tournament/Conference League/GW12/fixtures.csv,2025-2026,Conference League,12.0,gameweek,fixtures,2551
data/2025-2026/By Tournament/Conference League/GW15/fixtures.csv,2025-2026,Conference League,15.0,gameweek,fixtures,2550
data/2025-2026/By Tournament/Conference League/GW16/fixtures.csv,2025-2026,Conference League,16.0,gameweek,fixtures,2540
data/2025-2026/By Tournament/Conference League/GW27/fixtures.csv,2025-2026,Conference League,27.0,gameweek,fixtures,2534
data/2025-2026/By Tournament/Conference League/GW28/fixtures.csv,2025-2026,Conference League,28.0,gameweek,fixtures,2536
data/2025-2026/By Tournament/Conference League/GW30/fixtures.csv,2025-2026,Conference League,30.0,gameweek,fixtures,2541
data/2025-2026/By Tournament/Conference League/GW31/fixtures.csv,2025-2026,Conference League,31.0,gameweek,fixtures,2535
data/2025-2026/By Tournament/Conference League/GW32/fixtures.csv,2025-2026,Conference League,32.0,gameweek,fixtures,2525
data/2025-2026/By Tournament/Conference League/GW33/fixtures.csv,2025-2026,Conference League,33.0,gameweek,fixtures,2528
data/2025-2026/By Tournament/Conference League/GW35/fixtures.csv,2025-2026,Conference League,35.0,gameweek,fixtures,2538
data/2025-2026/By Tournament/Conference League/GW36/fixtures.csv,2025-2026,Conference League,36.0,gameweek,fixtures,2539
data/2025-2026/By Tournament/Conference League/GW6/matches.csv,2025-2026,Conference League,6.0,gameweek,matches,2545
data/2025-2026/By Tournament/Conference League/GW8/matches.csv,2025-2026,Conference League,8.0,gameweek,matches,2540
data/2025-2026/By Tournament/Conference League/GW10/matches.csv,2025-2026,Conference League,10.0,gameweek,matches,2547
data/2025-2026/By Tournament/Conference League/GW12/matches.csv,2025-2026,Conference League,12.0,gameweek,matches,2551
data/2025-2026/By Tournament/Conference League/GW15/matches.csv,2025-2026,Conference League,15.0,gameweek,matches,2550
data/2025-2026/By Tournament/Conference League/GW16/matches.csv,2025-2026,Conference League,16.0,gameweek,matches,2540
data/2025-2026/By Tournament/Conference League/GW27/matches.csv,2025-2026,Conference League,27.0,gameweek,matches,2534
data/2025-2026/By Tournament/Conference League/GW28/matches.csv,2025-2026,Conference League,28.0,gameweek,matches,2536
data/2025-2026/By Tournament/Conference League/GW30/matches.csv,2025-2026,Conference League,30.0,gameweek,matches,2541
data/2025-2026/By Tournament/Conference League/GW31/matches.csv,2025-2026,Conference League,31.0,gameweek,matches,2535
data/2025-2026/By Tournament/Conference League/GW32/matches.csv,2025-2026,Conference League,32.0,gameweek,matches,2525
data/2025-2026/By Tournament/Conference League/GW33/matches.csv,2025-2026,Conference League,33.0,gameweek,matches,2528
data/2025-2026/By Tournament/Conference League/GW35/matches.csv,2025-2026,Conference League,35.0,gameweek,matches,2538
data/2025-2026/By Tournament/Conference League/GW36/matches.csv,2025-2026,Conference League,36.0,gameweek,matches,2539
data/2025-2026/By Tournament/Conference League/GW6/player_gameweek_stats.csv,2025-2026,Conference League,6.0,gameweek,player_gameweek_stats,191567
data/2025-2026/By Tournament/Conference League/GW8/player_gameweek_stats.csv,2025-2026,Conference League,8.0,gameweek,player_gameweek_stats,192037
data/2025-2026/By Tournament/Conference League/GW10/player_gameweek_stats.csv,2025-2026,Conference League,10.0,gameweek,player_gameweek_stats,270659
data/2025-2026/By Tournament/Conference League/GW12/player_gameweek_stats.csv,2025-2026,Conference League,12.0,gameweek,player_gameweek_stats,300358
data/2025-2026/By Tournament/Conference League/GW15/player_gameweek_stats.csv,2025-2026,Conference League,15.0,gameweek,player_gameweek_stats,304718
data/2025-2026/By Tournament/Conference League/GW16/player_gameweek_stats.csv,2025-2026,Conference League,16.0,gameweek,player_gameweek_stats,307431
data/2025-2026/By Tournament/Conference League/GW27/player_gameweek_stats.csv,2025-2026,Conference League,27.0,gameweek,player_gameweek_stats,328338
data/2025-2026/By Tournament/Conference League/GW28/player_gameweek_stats.csv,2025-2026,Conference League,28.0,gameweek,player_gameweek_stats,328955
data/2025-2026/By Tournament/Conference League/GW30/player_gameweek_stats.csv,2025-2026,Conference League,30.0,gameweek,player_gameweek_stats,328964
data/2025-2026/By Tournament/Conference League/GW31/player_gameweek_stats.csv,2025-2026,Conference League,31.0,gameweek,player_gameweek_stats,326967
data/2025-2026/By Tournament/Conference League/GW32/player_gameweek_stats.csv,2025-2026,Conference League,32.0,gameweek,player_gameweek_stats,332048
data/2025-2026/By Tournament/Conference League/GW33/player_gameweek_stats.csv,2025-2026,Conference League,33.0,gameweek,player_gameweek_stats,333137
data/2025-2026/By Tournament/Conference League/GW35/player_gameweek_stats.csv,2025-2026,Conference League,35.0,gameweek,player_gameweek_stats,333176
data/2025-2026/By Tournament/Conference League/GW36/player_gameweek_stats.csv,2025-2026,Conference League,36.0,gameweek,player_gameweek_stats,335831
data/2025-2026/By Tournament/Conference League/GW6/playermatchstats.csv,2025-2026,Conference League,6.0,gameweek,playermatchstats,4546
data/2025-2026/By Tournament/Conference League/GW8/playermatchstats.csv,2025-2026,Conference League,8.0,gameweek,playermatchstats,4544
data/2025-2026/By Tournament/Conference League/GW10/playermatchstats.csv,2025-2026,Conference League,10.0,gameweek,playermatchstats,4527
data/2025-2026/By Tournament/Conference League/GW12/playermatchstats.csv,2025-2026,Conference League,12.0,gameweek,playermatchstats,4341
data/2025-2026/By Tournament/Conference League/GW15/playermatchstats.csv,2025-2026,Conference League,15.0,gameweek,playermatchstats,4350
data/2025-2026/By Tournament/Conference League/GW16/playermatchstats.csv,2025-2026,Conference League,16.0,gameweek,playermatchstats,3816
data/2025-2026/By Tournament/Conference League/GW27/playermatchstats.csv,2025-2026,Conference League,27.0,gameweek,playermatchstats,6067
data/2025-2026/By Tournament/Conference League/GW28/playermatchstats.csv,2025-2026,Conference League,28.0,gameweek,playermatchstats,6062
data/2025-2026/By Tournament/Conference League/GW30/playermatchstats.csv,2025-2026,Conference League,30.0,gameweek,playermatchstats,4544
data/2025-2026/By Tournament/Conference League/GW31/playermatchstats.csv,2025-2026,Conference League,31.0,gameweek,playermatchstats,5802
data/2025-2026/By Tournament/Conference League/GW32/playermatchstats.csv,2025-2026,Conference League,32.0,gameweek,playermatchstats,5726
data/2025-2026/By Tournament/Conference League/GW33/playermatchstats.csv,2025-2026,Conference League,33.0,gameweek,playermatchstats,5951
data/2025-2026/By Tournament/Conference League/GW35/playermatchstats.csv,2025-2026,Conference League,35.0,gameweek,playermatchstats,5830
data/2025-2026/By Tournament/Conference League/GW36/playermatchstats.csv,2025-2026,Conference League,36.0,gameweek,playermatchstats,5832
data/2025-2026/By Tournament/Conference League/GW6/players.csv,2025-2026,Conference League,6.0,gameweek,players,39223
data/2025-2026/By Tournament/Conference League/GW8/players.csv,2025-2026,Conference League,8.0,gameweek,players,39223
data/2025-2026/By Tournament/Conference League/GW10/players.csv,2025-2026,Conference League,10.0,gameweek,players,39223
data/2025-2026/By Tournament/Conference League/GW12/players.csv,2025-2026,Conference League,12.0,gameweek,players,39223
data/2025-2026/By Tournament/Conference League/GW15/players.csv,2025-2026,Conference League,15.0,gameweek,players,39223
data/2025-2026/By Tournament/Conference League/GW16/players.csv,2025-2026,Conference League,16.0,gameweek,players,39223
data/2025-2026/By Tournament/Conference League/GW27/players.csv,2025-2026,Conference League,27.0,gameweek,players,39266
data/2025-2026/By Tournament/Conference League/GW28/players.csv,2025-2026,Conference League,28.0,gameweek,players,39309
data/2025-2026/By Tournament/Conference League/GW30/players.csv,2025-2026,Conference League,30.0,gameweek,players,39461
data/2025-2026/By Tournament/Conference League/GW31/players.csv,2025-2026,Conference League,31.0,gameweek,players,39606
data/2025-2026/By Tournament/Conference League/GW32/players.csv,2025-2026,Conference League,32.0,gameweek,players,39647
data/2025-2026/By Tournament/Conference League/GW33/players.csv,2025-2026,Conference League,33.0,gameweek,players,39780
data/2025-2026/By Tournament/Conference League/GW35/players.csv,2025-2026,Conference League,35.0,gameweek,players,39908
data/2025-2026/By Tournament/Conference League/GW36/players.csv,2025-2026,Conference League,36.0,gameweek,players,40203
data/2025-2026/By Tournament/Conference League/GW6/playerstats.csv,2025-2026,Conference League,6.0,gameweek,playerstats,175685
data/2025-2026/By Tournament/Conference League/GW8/playerstats.csv,2025-2026,Conference League,8.0,gameweek,playerstats,176164
data/2025-2026/By Tournament/Conference League/GW10/playerstats.csv,2025-2026,Conference League,10.0,gameweek,playerstats,257270
data/2025-2026/By Tournament/Conference League/GW12/playerstats.csv,2025-2026,Conference League,12.0,gameweek,playerstats,257804
data/2025-2026/By Tournament/Conference League/GW15/playerstats.csv,2025-2026,Conference League,15.0,gameweek,playerstats,261090
data/2025-2026/By Tournament/Conference League/GW16/playerstats.csv,2025-2026,Conference League,16.0,gameweek,playerstats,264633
data/2025-2026/By Tournament/Conference League/GW27/playerstats.csv,2025-2026,Conference League,27.0,gameweek,playerstats,285474
data/2025-2026/By Tournament/Conference League/GW28/playerstats.csv,2025-2026,Conference League,28.0,gameweek,playerstats,286006
data/2025-2026/By Tournament/Conference League/GW30/playerstats.csv,2025-2026,Conference League,30.0,gameweek,playerstats,286730
data/2025-2026/By Tournament/Conference League/GW31/playerstats.csv,2025-2026,Conference League,31.0,gameweek,playerstats,288467
data/2025-2026/By Tournament/Conference League/GW32/playerstats.csv,2025-2026,Conference League,32.0,gameweek,playerstats,288603
data/2025-2026/By Tournament/Conference League/GW33/playerstats.csv,2025-2026,Conference League,33.0,gameweek,playerstats,289508
data/2025-2026/By Tournament/Conference League/GW35/playerstats.csv,2025-2026,Conference League,35.0,gameweek,playerstats,290764
data/2025-2026/By Tournament/Conference League/GW36/playerstats.csv,2025-2026,Conference League,36.0,gameweek,playerstats,292693
data/2025-2026/By Tournament/Conference League/GW6/teams.csv,2025-2026,Conference League,6.0,gameweek,teams,1632
data/2025-2026/By Tournament/Conference League/GW8/teams.csv,2025-2026,Conference League,8.0,gameweek,teams,1632
data/2025-2026/By Tournament/Conference League/GW10/teams.csv,2025-2026,Conference League,10.0,gameweek,teams,1632
data/2025-2026/By Tournament/Conference League/GW12/teams.csv,2025-2026,Conference League,12.0,gameweek,teams,1632
data/2025-2026/By Tournament/Conference League/GW15/teams.csv,2025-2026,Conference League,15.0,gameweek,teams,1632
data/2025-2026/By Tournament/Conference League/GW16/teams.csv,2025-2026,Conference League,16.0,gameweek,teams,1632
data/2025-2026/By Tournament/Conference League/GW27/teams.csv,2025-2026,Conference League,27.0,gameweek,teams,1630
data/2025-2026/By Tournament/Conference League/GW28/teams.csv,2025-2026,Conference League,28.0,gameweek,teams,1630
data/2025-2026/By Tournament/Conference League/GW30/teams.csv,2025-2026,Conference League,30.0,gameweek,teams,1630
data/2025-2026/By Tournament/Conference League/GW31/teams.csv,2025-2026,Conference League,31.0,gameweek,teams,1630
data/2025-2026/By Tournament/Conference League/GW32/teams.csv,2025-2026,Conference League,32.0,gameweek,teams,1630
data/2025-2026/By Tournament/Conference League/GW33/teams.csv,2025-2026,Conference League,33.0,gameweek,teams,1628
data/2025-2026/By Tournament/Conference League/GW35/teams.csv,2025-2026,Conference League,35.0,gameweek,teams,1628
data/2025-2026/By Tournament/Conference League/GW36/teams.csv,2025-2026,Conference League,36.0,gameweek,teams,1628
data/2025-2026/By Tournament/EFL Cup/GW2/average_positions.csv,2025-2026,EFL Cup,2.0,gameweek,average_positions,4574
data/2025-2026/By Tournament/EFL Cup/GW3/average_positions.csv,2025-2026,EFL Cup,3.0,gameweek,average_positions,17367
data/2025-2026/By Tournament/EFL Cup/GW4/average_positions.csv,2025-2026,EFL Cup,4.0,gameweek,average_positions,4557
data/2025-2026/By Tournament/EFL Cup/GW5/average_positions.csv,2025-2026,EFL Cup,5.0,gameweek,average_positions,11856
data/2025-2026/By Tournament/EFL Cup/GW6/average_positions.csv,2025-2026,EFL Cup,6.0,gameweek,average_positions,14661
data/2025-2026/By Tournament/EFL Cup/GW9/average_positions.csv,2025-2026,EFL Cup,9.0,gameweek,average_positions,14191
data/2025-2026/By Tournament/EFL Cup/GW10/average_positions.csv,2025-2026,EFL Cup,10.0,gameweek,average_positions,2571
data/2025-2026/By Tournament/EFL Cup/GW16/average_positions.csv,2025-2026,EFL Cup,16.0,gameweek,average_positions,6867
data/2025-2026/By Tournament/EFL Cup/GW17/average_positions.csv,2025-2026,EFL Cup,17.0,gameweek,average_positions,2279
data/2025-2026/By Tournament/EFL Cup/GW22/average_positions.csv,2025-2026,EFL Cup,22.0,gameweek,average_positions,4676
data/2025-2026/By Tournament/EFL Cup/GW25/average_positions.csv,2025-2026,EFL Cup,25.0,gameweek,average_positions,4494
data/2025-2026/By Tournament/EFL Cup/GW2/fixtures.csv,2025-2026,EFL Cup,2.0,gameweek,fixtures,3107
data/2025-2026/By Tournament/EFL Cup/GW3/fixtures.csv,2025-2026,EFL Cup,3.0,gameweek,fixtures,5976
data/2025-2026/By Tournament/EFL Cup/GW4/fixtures.csv,2025-2026,EFL Cup,4.0,gameweek,fixtures,3043
data/2025-2026/By Tournament/EFL Cup/GW5/fixtures.csv,2025-2026,EFL Cup,5.0,gameweek,fixtures,4821
data/2025-2026/By Tournament/EFL Cup/GW6/fixtures.csv,2025-2026,EFL Cup,6.0,gameweek,fixtures,5430
data/2025-2026/By Tournament/EFL Cup/GW9/fixtures.csv,2025-2026,EFL Cup,9.0,gameweek,fixtures,5462
data/2025-2026/By Tournament/EFL Cup/GW10/fixtures.csv,2025-2026,EFL Cup,10.0,gameweek,fixtures,2563
data/2025-2026/By Tournament/EFL Cup/GW16/fixtures.csv,2025-2026,EFL Cup,16.0,gameweek,fixtures,3702
data/2025-2026/By Tournament/EFL Cup/GW17/fixtures.csv,2025-2026,EFL Cup,17.0,gameweek,fixtures,2538
data/2025-2026/By Tournament/EFL Cup/GW22/fixtures.csv,2025-2026,EFL Cup,22.0,gameweek,fixtures,3133
data/2025-2026/By Tournament/EFL Cup/GW25/fixtures.csv,2025-2026,EFL Cup,25.0,gameweek,fixtures,3129
data/2025-2026/By Tournament/EFL Cup/GW32/fixtures.csv,2025-2026,EFL Cup,32.0,gameweek,fixtures,3018
data/2025-2026/By Tournament/EFL Cup/GW2/incidents.csv,2025-2026,EFL Cup,2.0,gameweek,incidents,2812
data/2025-2026/By Tournament/EFL Cup/GW3/incidents.csv,2025-2026,EFL Cup,3.0,gameweek,incidents,9664
data/2025-2026/By Tournament/EFL Cup/GW4/incidents.csv,2025-2026,EFL Cup,4.0,gameweek,incidents,2743
data/2025-2026/By Tournament/EFL Cup/GW5/incidents.csv,2025-2026,EFL Cup,5.0,gameweek,incidents,6547
data/2025-2026/By Tournament/EFL Cup/GW6/incidents.csv,2025-2026,EFL Cup,6.0,gameweek,incidents,8693
data/2025-2026/By Tournament/EFL Cup/GW9/incidents.csv,2025-2026,EFL Cup,9.0,gameweek,incidents,9084
data/2025-2026/By Tournament/EFL Cup/GW10/incidents.csv,2025-2026,EFL Cup,10.0,gameweek,incidents,1872
data/2025-2026/By Tournament/EFL Cup/GW16/incidents.csv,2025-2026,EFL Cup,16.0,gameweek,incidents,4074
data/2025-2026/By Tournament/EFL Cup/GW17/incidents.csv,2025-2026,EFL Cup,17.0,gameweek,incidents,1265
data/2025-2026/By Tournament/EFL Cup/GW22/incidents.csv,2025-2026,EFL Cup,22.0,gameweek,incidents,3769
data/2025-2026/By Tournament/EFL Cup/GW25/incidents.csv,2025-2026,EFL Cup,25.0,gameweek,incidents,2738
data/2025-2026/By Tournament/EFL Cup/GW2/lineups.csv,2025-2026,EFL Cup,2.0,gameweek,lineups,7236
data/2025-2026/By Tournament/EFL Cup/GW3/lineups.csv,2025-2026,EFL Cup,3.0,gameweek,lineups,26580
data/2025-2026/By Tournament/EFL Cup/GW4/lineups.csv,2025-2026,EFL Cup,4.0,gameweek,lineups,7180
data/2025-2026/By Tournament/EFL Cup/GW5/lineups.csv,2025-2026,EFL Cup,5.0,gameweek,lineups,17978
data/2025-2026/By Tournament/EFL Cup/GW6/lineups.csv,2025-2026,EFL Cup,6.0,gameweek,lineups,22466
data/2025-2026/By Tournament/EFL Cup/GW9/lineups.csv,2025-2026,EFL Cup,9.0,gameweek,lineups,22276
data/2025-2026/By Tournament/EFL Cup/GW10/lineups.csv,2025-2026,EFL Cup,10.0,gameweek,lineups,4129
data/2025-2026/By Tournament/EFL Cup/GW16/lineups.csv,2025-2026,EFL Cup,16.0,gameweek,lineups,10831
data/2025-2026/By Tournament/EFL Cup/GW17/lineups.csv,2025-2026,EFL Cup,17.0,gameweek,lineups,3656
data/2025-2026/By Tournament/EFL Cup/GW22/lineups.csv,2025-2026,EFL Cup,22.0,gameweek,lineups,7293
data/2025-2026/By Tournament/EFL Cup/GW25/lineups.csv,2025-2026,EFL Cup,25.0,gameweek,lineups,7306
data/2025-2026/By Tournament/EFL Cup/GW2/match_enrichment.csv,2025-2026,EFL Cup,2.0,gameweek,match_enrichment,270
data/2025-2026/By Tournament/EFL Cup/GW3/match_enrichment.csv,2025-2026,EFL Cup,3.0,gameweek,match_enrichment,656
data/2025-2026/By Tournament/EFL Cup/GW4/match_enrichment.csv,2025-2026,EFL Cup,4.0,gameweek,match_enrichment,270
data/2025-2026/By Tournament/EFL Cup/GW5/match_enrichment.csv,2025-2026,EFL Cup,5.0,gameweek,match_enrichment,484
data/2025-2026/By Tournament/EFL Cup/GW6/match_enrichment.csv,2025-2026,EFL Cup,6.0,gameweek,match_enrichment,571
data/2025-2026/By Tournament/EFL Cup/GW9/match_enrichment.csv,2025-2026,EFL Cup,9.0,gameweek,match_enrichment,563
data/2025-2026/By Tournament/EFL Cup/GW10/match_enrichment.csv,2025-2026,EFL Cup,10.0,gameweek,match_enrichment,215
data/2025-2026/By Tournament/EFL Cup/GW16/match_enrichment.csv,2025-2026,EFL Cup,16.0,gameweek,match_enrichment,339
data/2025-2026/By Tournament/EFL Cup/GW17/match_enrichment.csv,2025-2026,EFL Cup,17.0,gameweek,match_enrichment,203
data/2025-2026/By Tournament/EFL Cup/GW22/match_enrichment.csv,2025-2026,EFL Cup,22.0,gameweek,match_enrichment,273
data/2025-2026/By Tournament/EFL Cup/GW25/match_enrichment.csv,2025-2026,EFL Cup,25.0,gameweek,match_enrichment,273
data/2025-2026/By Tournament/EFL Cup/GW2/matches.csv,2025-2026,EFL Cup,2.0,gameweek,matches,3107
data/2025-2026/By Tournament/EFL Cup/GW3/matches.csv,2025-2026,EFL Cup,3.0,gameweek,matches,5976
data/2025-2026/By Tournament/EFL Cup/GW4/matches.csv,2025-2026,EFL Cup,4.0,gameweek,matches,3043
data/2025-2026/By Tournament/EFL Cup/GW5/matches.csv,2025-2026,EFL Cup,5.0,gameweek,matches,4821
data/2025-2026/By Tournament/EFL Cup/GW6/matches.csv,2025-2026,EFL Cup,6.0,gameweek,matches,5430
data/2025-2026/By Tournament/EFL Cup/GW9/matches.csv,2025-2026,EFL Cup,9.0,gameweek,matches,5462
data/2025-2026/By Tournament/EFL Cup/GW10/matches.csv,2025-2026,EFL Cup,10.0,gameweek,matches,2563
data/2025-2026/By Tournament/EFL Cup/GW16/matches.csv,2025-2026,EFL Cup,16.0,gameweek,matches,3702
data/2025-2026/By Tournament/EFL Cup/GW17/matches.csv,2025-2026,EFL Cup,17.0,gameweek,matches,2538
data/2025-2026/By Tournament/EFL Cup/GW22/matches.csv,2025-2026,EFL Cup,22.0,gameweek,matches,3133
data/2025-2026/By Tournament/EFL Cup/GW25/matches.csv,2025-2026,EFL Cup,25.0,gameweek,matches,3129
data/2025-2026/By Tournament/EFL Cup/GW32/matches.csv,2025-2026,EFL Cup,32.0,gameweek,matches,3018
data/2025-2026/By Tournament/EFL Cup/GW2/momentum.csv,2025-2026,EFL Cup,2.0,gameweek,momentum,8530
data/2025-2026/By Tournament/EFL Cup/GW3/momentum.csv,2025-2026,EFL Cup,3.0,gameweek,momentum,34498
data/2025-2026/By Tournament/EFL Cup/GW4/momentum.csv,2025-2026,EFL Cup,4.0,gameweek,momentum,8521
data/2025-2026/By Tournament/EFL Cup/GW5/momentum.csv,2025-2026,EFL Cup,5.0,gameweek,momentum,22446
data/2025-2026/By Tournament/EFL Cup/GW6/momentum.csv,2025-2026,EFL Cup,6.0,gameweek,momentum,28586
data/2025-2026/By Tournament/EFL Cup/GW9/momentum.csv,2025-2026,EFL Cup,9.0,gameweek,momentum,27745
data/2025-2026/By Tournament/EFL Cup/GW10/momentum.csv,2025-2026,EFL Cup,10.0,gameweek,momentum,5379
data/2025-2026/By Tournament/EFL Cup/GW16/momentum.csv,2025-2026,EFL Cup,16.0,gameweek,momentum,12964
data/2025-2026/By Tournament/EFL Cup/GW17/momentum.csv,2025-2026,EFL Cup,17.0,gameweek,momentum,4306
data/2025-2026/By Tournament/EFL Cup/GW22/momentum.csv,2025-2026,EFL Cup,22.0,gameweek,momentum,8780
data/2025-2026/By Tournament/EFL Cup/GW25/momentum.csv,2025-2026,EFL Cup,25.0,gameweek,momentum,8799
data/2025-2026/By Tournament/EFL Cup/GW2/player_gameweek_stats.csv,2025-2026,EFL Cup,2.0,gameweek,player_gameweek_stats,180361
data/2025-2026/By Tournament/EFL Cup/GW3/player_gameweek_stats.csv,2025-2026,EFL Cup,3.0,gameweek,player_gameweek_stats,186916
data/2025-2026/By Tournament/EFL Cup/GW4/player_gameweek_stats.csv,2025-2026,EFL Cup,4.0,gameweek,player_gameweek_stats,188028
data/2025-2026/By Tournament/EFL Cup/GW5/player_gameweek_stats.csv,2025-2026,EFL Cup,5.0,gameweek,player_gameweek_stats,189578
data/2025-2026/By Tournament/EFL Cup/GW6/player_gameweek_stats.csv,2025-2026,EFL Cup,6.0,gameweek,player_gameweek_stats,191567
data/2025-2026/By Tournament/EFL Cup/GW9/player_gameweek_stats.csv,2025-2026,EFL Cup,9.0,gameweek,player_gameweek_stats,192025
data/2025-2026/By Tournament/EFL Cup/GW10/player_gameweek_stats.csv,2025-2026,EFL Cup,10.0,gameweek,player_gameweek_stats,270659
data/2025-2026/By Tournament/EFL Cup/GW16/player_gameweek_stats.csv,2025-2026,EFL Cup,16.0,gameweek,player_gameweek_stats,307431
data/2025-2026/By Tournament/EFL Cup/GW17/player_gameweek_stats.csv,2025-2026,EFL Cup,17.0,gameweek,player_gameweek_stats,309845
data/2025-2026/By Tournament/EFL Cup/GW22/player_gameweek_stats.csv,2025-2026,EFL Cup,22.0,gameweek,player_gameweek_stats,320110
data/2025-2026/By Tournament/EFL Cup/GW25/player_gameweek_stats.csv,2025-2026,EFL Cup,25.0,gameweek,player_gameweek_stats,295238
data/2025-2026/By Tournament/EFL Cup/GW32/player_gameweek_stats.csv,2025-2026,EFL Cup,32.0,gameweek,player_gameweek_stats,332048
data/2025-2026/By Tournament/EFL Cup/GW2/player_match_enrichment.csv,2025-2026,EFL Cup,2.0,gameweek,player_match_enrichment,3095
data/2025-2026/By Tournament/EFL Cup/GW3/player_match_enrichment.csv,2025-2026,EFL Cup,3.0,gameweek,player_match_enrichment,9153
data/2025-2026/By Tournament/EFL Cup/GW4/player_match_enrichment.csv,2025-2026,EFL Cup,4.0,gameweek,player_match_enrichment,3334
data/2025-2026/By Tournament/EFL Cup/GW5/player_match_enrichment.csv,2025-2026,EFL Cup,5.0,gameweek,player_match_enrichment,4406
data/2025-2026/By Tournament/EFL Cup/GW6/player_match_enrichment.csv,2025-2026,EFL Cup,6.0,gameweek,player_match_enrichment,7885
data/2025-2026/By Tournament/EFL Cup/GW9/player_match_enrichment.csv,2025-2026,EFL Cup,9.0,gameweek,player_match_enrichment,9323
data/2025-2026/By Tournament/EFL Cup/GW10/player_match_enrichment.csv,2025-2026,EFL Cup,10.0,gameweek,player_match_enrichment,2479
data/2025-2026/By Tournament/EFL Cup/GW16/player_match_enrichment.csv,2025-2026,EFL Cup,16.0,gameweek,player_match_enrichment,4976
data/2025-2026/By Tournament/EFL Cup/GW17/player_match_enrichment.csv,2025-2026,EFL Cup,17.0,gameweek,player_match_enrichment,2168
data/2025-2026/By Tournament/EFL Cup/GW22/player_match_enrichment.csv,2025-2026,EFL Cup,22.0,gameweek,player_match_enrichment,3690
data/2025-2026/By Tournament/EFL Cup/GW25/player_match_enrichment.csv,2025-2026,EFL Cup,25.0,gameweek,player_match_enrichment,4085
data/2025-2026/By Tournament/EFL Cup/GW2/playermatchstats.csv,2025-2026,EFL Cup,2.0,gameweek,playermatchstats,10402
data/2025-2026/By Tournament/EFL Cup/GW3/playermatchstats.csv,2025-2026,EFL Cup,3.0,gameweek,playermatchstats,26492
data/2025-2026/By Tournament/EFL Cup/GW4/playermatchstats.csv,2025-2026,EFL Cup,4.0,gameweek,playermatchstats,10643
data/2025-2026/By Tournament/EFL Cup/GW5/playermatchstats.csv,2025-2026,EFL Cup,5.0,gameweek,playermatchstats,16916
data/2025-2026/By Tournament/EFL Cup/GW6/playermatchstats.csv,2025-2026,EFL Cup,6.0,gameweek,playermatchstats,24312
data/2025-2026/By Tournament/EFL Cup/GW9/playermatchstats.csv,2025-2026,EFL Cup,9.0,gameweek,playermatchstats,30402
data/2025-2026/By Tournament/EFL Cup/GW10/playermatchstats.csv,2025-2026,EFL Cup,10.0,gameweek,playermatchstats,7653
data/2025-2026/By Tournament/EFL Cup/GW16/playermatchstats.csv,2025-2026,EFL Cup,16.0,gameweek,playermatchstats,17794
data/2025-2026/By Tournament/EFL Cup/GW17/playermatchstats.csv,2025-2026,EFL Cup,17.0,gameweek,playermatchstats,7535
data/2025-2026/By Tournament/EFL Cup/GW22/playermatchstats.csv,2025-2026,EFL Cup,22.0,gameweek,playermatchstats,14250
data/2025-2026/By Tournament/EFL Cup/GW25/playermatchstats.csv,2025-2026,EFL Cup,25.0,gameweek,playermatchstats,13849
data/2025-2026/By Tournament/EFL Cup/GW32/playermatchstats.csv,2025-2026,EFL Cup,32.0,gameweek,playermatchstats,9318
data/2025-2026/By Tournament/EFL Cup/GW2/players.csv,2025-2026,EFL Cup,2.0,gameweek,players,39225
data/2025-2026/By Tournament/EFL Cup/GW3/players.csv,2025-2026,EFL Cup,3.0,gameweek,players,39224
data/2025-2026/By Tournament/EFL Cup/GW4/players.csv,2025-2026,EFL Cup,4.0,gameweek,players,39223
data/2025-2026/By Tournament/EFL Cup/GW5/players.csv,2025-2026,EFL Cup,5.0,gameweek,players,39223
data/2025-2026/By Tournament/EFL Cup/GW6/players.csv,2025-2026,EFL Cup,6.0,gameweek,players,39223
data/2025-2026/By Tournament/EFL Cup/GW9/players.csv,2025-2026,EFL Cup,9.0,gameweek,players,39223
data/2025-2026/By Tournament/EFL Cup/GW10/players.csv,2025-2026,EFL Cup,10.0,gameweek,players,39223
data/2025-2026/By Tournament/EFL Cup/GW16/players.csv,2025-2026,EFL Cup,16.0,gameweek,players,39223
data/2025-2026/By Tournament/EFL Cup/GW17/players.csv,2025-2026,EFL Cup,17.0,gameweek,players,39223
data/2025-2026/By Tournament/EFL Cup/GW22/players.csv,2025-2026,EFL Cup,22.0,gameweek,players,39224
data/2025-2026/By Tournament/EFL Cup/GW25/players.csv,2025-2026,EFL Cup,25.0,gameweek,players,39225
data/2025-2026/By Tournament/EFL Cup/GW32/players.csv,2025-2026,EFL Cup,32.0,gameweek,players,39647
data/2025-2026/By Tournament/EFL Cup/GW2/playerstats.csv,2025-2026,EFL Cup,2.0,gameweek,playerstats,172599
data/2025-2026/By Tournament/EFL Cup/GW3/playerstats.csv,2025-2026,EFL Cup,3.0,gameweek,playerstats,173208
data/2025-2026/By Tournament/EFL Cup/GW4/playerstats.csv,2025-2026,EFL Cup,4.0,gameweek,playerstats,174101
data/2025-2026/By Tournament/EFL Cup/GW5/playerstats.csv,2025-2026,EFL Cup,5.0,gameweek,playerstats,174671
data/2025-2026/By Tournament/EFL Cup/GW6/playerstats.csv,2025-2026,EFL Cup,6.0,gameweek,playerstats,175685
data/2025-2026/By Tournament/EFL Cup/GW9/playerstats.csv,2025-2026,EFL Cup,9.0,gameweek,playerstats,175870
data/2025-2026/By Tournament/EFL Cup/GW10/playerstats.csv,2025-2026,EFL Cup,10.0,gameweek,playerstats,257270
data/2025-2026/By Tournament/EFL Cup/GW16/playerstats.csv,2025-2026,EFL Cup,16.0,gameweek,playerstats,264633
data/2025-2026/By Tournament/EFL Cup/GW17/playerstats.csv,2025-2026,EFL Cup,17.0,gameweek,playerstats,267855
data/2025-2026/By Tournament/EFL Cup/GW22/playerstats.csv,2025-2026,EFL Cup,22.0,gameweek,playerstats,277602
data/2025-2026/By Tournament/EFL Cup/GW25/playerstats.csv,2025-2026,EFL Cup,25.0,gameweek,playerstats,284828
data/2025-2026/By Tournament/EFL Cup/GW32/playerstats.csv,2025-2026,EFL Cup,32.0,gameweek,playerstats,288603
data/2025-2026/By Tournament/EFL Cup/GW2/shots.csv,2025-2026,EFL Cup,2.0,gameweek,shots,5232
data/2025-2026/By Tournament/EFL Cup/GW3/shots.csv,2025-2026,EFL Cup,3.0,gameweek,shots,31172
data/2025-2026/By Tournament/EFL Cup/GW4/shots.csv,2025-2026,EFL Cup,4.0,gameweek,shots,7640
data/2025-2026/By Tournament/EFL Cup/GW5/shots.csv,2025-2026,EFL Cup,5.0,gameweek,shots,14522
data/2025-2026/By Tournament/EFL Cup/GW6/shots.csv,2025-2026,EFL Cup,6.0,gameweek,shots,20428
data/2025-2026/By Tournament/EFL Cup/GW9/shots.csv,2025-2026,EFL Cup,9.0,gameweek,shots,20998
data/2025-2026/By Tournament/EFL Cup/GW10/shots.csv,2025-2026,EFL Cup,10.0,gameweek,shots,2961
data/2025-2026/By Tournament/EFL Cup/GW16/shots.csv,2025-2026,EFL Cup,16.0,gameweek,shots,8254
data/2025-2026/By Tournament/EFL Cup/GW17/shots.csv,2025-2026,EFL Cup,17.0,gameweek,shots,6176
data/2025-2026/By Tournament/EFL Cup/GW22/shots.csv,2025-2026,EFL Cup,22.0,gameweek,shots,5867
data/2025-2026/By Tournament/EFL Cup/GW25/shots.csv,2025-2026,EFL Cup,25.0,gameweek,shots,6310
data/2025-2026/By Tournament/EFL Cup/GW2/teams.csv,2025-2026,EFL Cup,2.0,gameweek,teams,1632
data/2025-2026/By Tournament/EFL Cup/GW3/teams.csv,2025-2026,EFL Cup,3.0,gameweek,teams,1632
data/2025-2026/By Tournament/EFL Cup/GW4/teams.csv,2025-2026,EFL Cup,4.0,gameweek,teams,1632
data/2025-2026/By Tournament/EFL Cup/GW5/teams.csv,2025-2026,EFL Cup,5.0,gameweek,teams,1632
data/2025-2026/By Tournament/EFL Cup/GW6/teams.csv,2025-2026,EFL Cup,6.0,gameweek,teams,1632
data/2025-2026/By Tournament/EFL Cup/GW9/teams.csv,2025-2026,EFL Cup,9.0,gameweek,teams,1632
data/2025-2026/By Tournament/EFL Cup/GW10/teams.csv,2025-2026,EFL Cup,10.0,gameweek,teams,1632
data/2025-2026/By Tournament/EFL Cup/GW16/teams.csv,2025-2026,EFL Cup,16.0,gameweek,teams,1632
data/2025-2026/By Tournament/EFL Cup/GW17/teams.csv,2025-2026,EFL Cup,17.0,gameweek,teams,1632
data/2025-2026/By Tournament/EFL Cup/GW22/teams.csv,2025-2026,EFL Cup,22.0,gameweek,teams,1632
data/2025-2026/By Tournament/EFL Cup/GW25/teams.csv,2025-2026,EFL Cup,25.0,gameweek,teams,1632
data/2025-2026/By Tournament/EFL Cup/GW32/teams.csv,2025-2026,EFL Cup,32.0,gameweek,teams,1630
data/2025-2026/By Tournament/EFL Cup/GW2/xg_by_minute.csv,2025-2026,EFL Cup,2.0,gameweek,xg_by_minute,2103
data/2025-2026/By Tournament/EFL Cup/GW3/xg_by_minute.csv,2025-2026,EFL Cup,3.0,gameweek,xg_by_minute,12343
data/2025-2026/By Tournament/EFL Cup/GW4/xg_by_minute.csv,2025-2026,EFL Cup,4.0,gameweek,xg_by_minute,2981
data/2025-2026/By Tournament/EFL Cup/GW5/xg_by_minute.csv,2025-2026,EFL Cup,5.0,gameweek,xg_by_minute,5682
data/2025-2026/By Tournament/EFL Cup/GW6/xg_by_minute.csv,2025-2026,EFL Cup,6.0,gameweek,xg_by_minute,8516
data/2025-2026/By Tournament/EFL Cup/GW9/xg_by_minute.csv,2025-2026,EFL Cup,9.0,gameweek,xg_by_minute,8557
data/2025-2026/By Tournament/EFL Cup/GW10/xg_by_minute.csv,2025-2026,EFL Cup,10.0,gameweek,xg_by_minute,1273
data/2025-2026/By Tournament/EFL Cup/GW16/xg_by_minute.csv,2025-2026,EFL Cup,16.0,gameweek,xg_by_minute,2987
data/2025-2026/By Tournament/EFL Cup/GW17/xg_by_minute.csv,2025-2026,EFL Cup,17.0,gameweek,xg_by_minute,2052
data/2025-2026/By Tournament/EFL Cup/GW22/xg_by_minute.csv,2025-2026,EFL Cup,22.0,gameweek,xg_by_minute,2130
data/2025-2026/By Tournament/EFL Cup/GW25/xg_by_minute.csv,2025-2026,EFL Cup,25.0,gameweek,xg_by_minute,2590
data/2025-2026/By Tournament/Europa League/GW5/average_positions.csv,2025-2026,Europa League,5.0,gameweek,average_positions,2668
data/2025-2026/By Tournament/Europa League/GW6/average_positions.csv,2025-2026,Europa League,6.0,gameweek,average_positions,2510
data/2025-2026/By Tournament/Europa League/GW8/average_positions.csv,2025-2026,Europa League,8.0,gameweek,average_positions,2696
data/2025-2026/By Tournament/Europa League/GW10/average_positions.csv,2025-2026,Europa League,10.0,gameweek,average_positions,5254
data/2025-2026/By Tournament/Europa League/GW12/average_positions.csv,2025-2026,Europa League,12.0,gameweek,average_positions,5219
data/2025-2026/By Tournament/Europa League/GW15/average_positions.csv,2025-2026,Europa League,15.0,gameweek,average_positions,5003
data/2025-2026/By Tournament/Europa League/GW23/average_positions.csv,2025-2026,Europa League,23.0,gameweek,average_positions,4878
data/2025-2026/By Tournament/Europa League/GW24/average_positions.csv,2025-2026,Europa League,24.0,gameweek,average_positions,5121
data/2025-2026/By Tournament/Europa League/GW30/average_positions.csv,2025-2026,Europa League,30.0,gameweek,average_positions,2606
data/2025-2026/By Tournament/Europa League/GW5/fixtures.csv,2025-2026,Europa League,5.0,gameweek,fixtures,2546
data/2025-2026/By Tournament/Europa League/GW6/fixtures.csv,2025-2026,Europa League,6.0,gameweek,fixtures,2533
data/2025-2026/By Tournament/Europa League/GW8/fixtures.csv,2025-2026,Europa League,8.0,gameweek,fixtures,2542
data/2025-2026/By Tournament/Europa League/GW10/fixtures.csv,2025-2026,Europa League,10.0,gameweek,fixtures,3128
data/2025-2026/By Tournament/Europa League/GW12/fixtures.csv,2025-2026,Europa League,12.0,gameweek,fixtures,3123
data/2025-2026/By Tournament/Europa League/GW15/fixtures.csv,2025-2026,Europa League,15.0,gameweek,fixtures,3122
data/2025-2026/By Tournament/Europa League/GW23/fixtures.csv,2025-2026,Europa League,23.0,gameweek,fixtures,3127
data/2025-2026/By Tournament/Europa League/GW24/fixtures.csv,2025-2026,Europa League,24.0,gameweek,fixtures,3134
data/2025-2026/By Tournament/Europa League/GW27/fixtures.csv,2025-2026,Europa League,27.0,gameweek,fixtures,2529
data/2025-2026/By Tournament/Europa League/GW28/fixtures.csv,2025-2026,Europa League,28.0,gameweek,fixtures,2528
data/2025-2026/By Tournament/Europa League/GW30/fixtures.csv,2025-2026,Europa League,30.0,gameweek,fixtures,3103
data/2025-2026/By Tournament/Europa League/GW31/fixtures.csv,2025-2026,Europa League,31.0,gameweek,fixtures,3086
data/2025-2026/By Tournament/Europa League/GW32/fixtures.csv,2025-2026,Europa League,32.0,gameweek,fixtures,3316
data/2025-2026/By Tournament/Europa League/GW33/fixtures.csv,2025-2026,Europa League,33.0,gameweek,fixtures,3303
data/2025-2026/By Tournament/Europa League/GW35/fixtures.csv,2025-2026,Europa League,35.0,gameweek,fixtures,2536
data/2025-2026/By Tournament/Europa League/GW36/fixtures.csv,2025-2026,Europa League,36.0,gameweek,fixtures,2541
data/2025-2026/By Tournament/Europa League/GW38/fixtures.csv,2025-2026,Europa League,38.0,gameweek,fixtures,2506
data/2025-2026/By Tournament/Europa League/GW5/incidents.csv,2025-2026,Europa League,5.0,gameweek,incidents,2297
data/2025-2026/By Tournament/Europa League/GW6/incidents.csv,2025-2026,Europa League,6.0,gameweek,incidents,2226
data/2025-2026/By Tournament/Europa League/GW8/incidents.csv,2025-2026,Europa League,8.0,gameweek,incidents,1925
data/2025-2026/By Tournament/Europa League/GW10/incidents.csv,2025-2026,Europa League,10.0,gameweek,incidents,3111
data/2025-2026/By Tournament/Europa League/GW12/incidents.csv,2025-2026,Europa League,12.0,gameweek,incidents,4007
data/2025-2026/By Tournament/Europa League/GW15/incidents.csv,2025-2026,Europa League,15.0,gameweek,incidents,3112
data/2025-2026/By Tournament/Europa League/GW23/incidents.csv,2025-2026,Europa League,23.0,gameweek,incidents,3167
data/2025-2026/By Tournament/Europa League/GW24/incidents.csv,2025-2026,Europa League,24.0,gameweek,incidents,2938
data/2025-2026/By Tournament/Europa League/GW30/incidents.csv,2025-2026,Europa League,30.0,gameweek,incidents,2345
data/2025-2026/By Tournament/Europa League/GW5/lineups.csv,2025-2026,Europa League,5.0,gameweek,lineups,4365
data/2025-2026/By Tournament/Europa League/GW6/lineups.csv,2025-2026,Europa League,6.0,gameweek,lineups,3991
data/2025-2026/By Tournament/Europa League/GW8/lineups.csv,2025-2026,Europa League,8.0,gameweek,lineups,4404
data/2025-2026/By Tournament/Europa League/GW10/lineups.csv,2025-2026,Europa League,10.0,gameweek,lineups,8819
data/2025-2026/By Tournament/Europa League/GW12/lineups.csv,2025-2026,Europa League,12.0,gameweek,lineups,8810
data/2025-2026/By Tournament/Europa League/GW15/lineups.csv,2025-2026,Europa League,15.0,gameweek,lineups,8271
data/2025-2026/By Tournament/Europa League/GW23/lineups.csv,2025-2026,Europa League,23.0,gameweek,lineups,8258
data/2025-2026/By Tournament/Europa League/GW24/lineups.csv,2025-2026,Europa League,24.0,gameweek,lineups,8218
data/2025-2026/By Tournament/Europa League/GW30/lineups.csv,2025-2026,Europa League,30.0,gameweek,lineups,4544
data/2025-2026/By Tournament/Europa League/GW5/match_enrichment.csv,2025-2026,Europa League,5.0,gameweek,match_enrichment,215
data/2025-2026/By Tournament/Europa League/GW6/match_enrichment.csv,2025-2026,Europa League,6.0,gameweek,match_enrichment,208
data/2025-2026/By Tournament/Europa League/GW8/match_enrichment.csv,2025-2026,Europa League,8.0,gameweek,match_enrichment,214
data/2025-2026/By Tournament/Europa League/GW10/match_enrichment.csv,2025-2026,Europa League,10.0,gameweek,match_enrichment,294
data/2025-2026/By Tournament/Europa League/GW12/match_enrichment.csv,2025-2026,Europa League,12.0,gameweek,match_enrichment,287
data/2025-2026/By Tournament/Europa League/GW15/match_enrichment.csv,2025-2026,Europa League,15.0,gameweek,match_enrichment,283
data/2025-2026/By Tournament/Europa League/GW23/match_enrichment.csv,2025-2026,Europa League,23.0,gameweek,match_enrichment,284
data/2025-2026/By Tournament/Europa League/GW24/match_enrichment.csv,2025-2026,Europa League,24.0,gameweek,match_enrichment,287
data/2025-2026/By Tournament/Europa League/GW30/match_enrichment.csv,2025-2026,Europa League,30.0,gameweek,match_enrichment,219
data/2025-2026/By Tournament/Europa League/GW5/matches.csv,2025-2026,Europa League,5.0,gameweek,matches,2546
data/2025-2026/By Tournament/Europa League/GW6/matches.csv,2025-2026,Europa League,6.0,gameweek,matches,2533
data/2025-2026/By Tournament/Europa League/GW8/matches.csv,2025-2026,Europa League,8.0,gameweek,matches,2542
data/2025-2026/By Tournament/Europa League/GW10/matches.csv,2025-2026,Europa League,10.0,gameweek,matches,3128
data/2025-2026/By Tournament/Europa League/GW12/matches.csv,2025-2026,Europa League,12.0,gameweek,matches,3123
data/2025-2026/By Tournament/Europa League/GW15/matches.csv,2025-2026,Europa League,15.0,gameweek,matches,3122
data/2025-2026/By Tournament/Europa League/GW23/matches.csv,2025-2026,Europa League,23.0,gameweek,matches,3127
data/2025-2026/By Tournament/Europa League/GW24/matches.csv,2025-2026,Europa League,24.0,gameweek,matches,3134
data/2025-2026/By Tournament/Europa League/GW27/matches.csv,2025-2026,Europa League,27.0,gameweek,matches,2529
data/2025-2026/By Tournament/Europa League/GW28/matches.csv,2025-2026,Europa League,28.0,gameweek,matches,2528
data/2025-2026/By Tournament/Europa League/GW30/matches.csv,2025-2026,Europa League,30.0,gameweek,matches,3103
data/2025-2026/By Tournament/Europa League/GW31/matches.csv,2025-2026,Europa League,31.0,gameweek,matches,3086
data/2025-2026/By Tournament/Europa League/GW32/matches.csv,2025-2026,Europa League,32.0,gameweek,matches,3316
data/2025-2026/By Tournament/Europa League/GW33/matches.csv,2025-2026,Europa League,33.0,gameweek,matches,3303
data/2025-2026/By Tournament/Europa League/GW35/matches.csv,2025-2026,Europa League,35.0,gameweek,matches,2536
data/2025-2026/By Tournament/Europa League/GW36/matches.csv,2025-2026,Europa League,36.0,gameweek,matches,2541
data/2025-2026/By Tournament/Europa League/GW38/matches.csv,2025-2026,Europa League,38.0,gameweek,matches,2506
data/2025-2026/By Tournament/Europa League/GW5/momentum.csv,2025-2026,Europa League,5.0,gameweek,momentum,5378
data/2025-2026/By Tournament/Europa League/GW6/momentum.csv,2025-2026,Europa League,6.0,gameweek,momentum,4729
data/2025-2026/By Tournament/Europa League/GW8/momentum.csv,2025-2026,Europa League,8.0,gameweek,momentum,5262
data/2025-2026/By Tournament/Europa League/GW10/momentum.csv,2025-2026,Europa League,10.0,gameweek,momentum,10717
data/2025-2026/By Tournament/Europa League/GW12/momentum.csv,2025-2026,Europa League,12.0,gameweek,momentum,10152
data/2025-2026/By Tournament/Europa League/GW15/momentum.csv,2025-2026,Europa League,15.0,gameweek,momentum,9699
data/2025-2026/By Tournament/Europa League/GW23/momentum.csv,2025-2026,Europa League,23.0,gameweek,momentum,9806
data/2025-2026/By Tournament/Europa League/GW24/momentum.csv,2025-2026,Europa League,24.0,gameweek,momentum,10099
data/2025-2026/By Tournament/Europa League/GW30/momentum.csv,2025-2026,Europa League,30.0,gameweek,momentum,5774
data/2025-2026/By Tournament/Europa League/GW5/player_gameweek_stats.csv,2025-2026,Europa League,5.0,gameweek,player_gameweek_stats,189578
data/2025-2026/By Tournament/Europa League/GW6/player_gameweek_stats.csv,2025-2026,Europa League,6.0,gameweek,player_gameweek_stats,191567
data/2025-2026/By Tournament/Europa League/GW8/player_gameweek_stats.csv,2025-2026,Europa League,8.0,gameweek,player_gameweek_stats,192037
data/2025-2026/By Tournament/Europa League/GW10/player_gameweek_stats.csv,2025-2026,Europa League,10.0,gameweek,player_gameweek_stats,270659
data/2025-2026/By Tournament/Europa League/GW12/player_gameweek_stats.csv,2025-2026,Europa League,12.0,gameweek,player_gameweek_stats,300358
data/2025-2026/By Tournament/Europa League/GW15/player_gameweek_stats.csv,2025-2026,Europa League,15.0,gameweek,player_gameweek_stats,304718
data/2025-2026/By Tournament/Europa League/GW23/player_gameweek_stats.csv,2025-2026,Europa League,23.0,gameweek,player_gameweek_stats,323716
data/2025-2026/By Tournament/Europa League/GW24/player_gameweek_stats.csv,2025-2026,Europa League,24.0,gameweek,player_gameweek_stats,326767
data/2025-2026/By Tournament/Europa League/GW27/player_gameweek_stats.csv,2025-2026,Europa League,27.0,gameweek,player_gameweek_stats,328338
data/2025-2026/By Tournament/Europa League/GW28/player_gameweek_stats.csv,2025-2026,Europa League,28.0,gameweek,player_gameweek_stats,328955
data/2025-2026/By Tournament/Europa League/GW30/player_gameweek_stats.csv,2025-2026,Europa League,30.0,gameweek,player_gameweek_stats,328964
data/2025-2026/By Tournament/Europa League/GW31/player_gameweek_stats.csv,2025-2026,Europa League,31.0,gameweek,player_gameweek_stats,326967
data/2025-2026/By Tournament/Europa League/GW32/player_gameweek_stats.csv,2025-2026,Europa League,32.0,gameweek,player_gameweek_stats,332048
data/2025-2026/By Tournament/Europa League/GW33/player_gameweek_stats.csv,2025-2026,Europa League,33.0,gameweek,player_gameweek_stats,333137
data/2025-2026/By Tournament/Europa League/GW35/player_gameweek_stats.csv,2025-2026,Europa League,35.0,gameweek,player_gameweek_stats,333176
data/2025-2026/By Tournament/Europa League/GW36/player_gameweek_stats.csv,2025-2026,Europa League,36.0,gameweek,player_gameweek_stats,335831
data/2025-2026/By Tournament/Europa League/GW38/player_gameweek_stats.csv,2025-2026,Europa League,38.0,gameweek,player_gameweek_stats,333373
data/2025-2026/By Tournament/Europa League/GW5/player_match_enrichment.csv,2025-2026,Europa League,5.0,gameweek,player_match_enrichment,1405
data/2025-2026/By Tournament/Europa League/GW6/player_match_enrichment.csv,2025-2026,Europa League,6.0,gameweek,player_match_enrichment,1370
data/2025-2026/By Tournament/Europa League/GW8/player_match_enrichment.csv,2025-2026,Europa League,8.0,gameweek,player_match_enrichment,1452
data/2025-2026/By Tournament/Europa League/GW10/player_match_enrichment.csv,2025-2026,Europa League,10.0,gameweek,player_match_enrichment,2397
data/2025-2026/By Tournament/Europa League/GW12/player_match_enrichment.csv,2025-2026,Europa League,12.0,gameweek,player_match_enrichment,2313
data/2025-2026/By Tournament/Europa League/GW15/player_match_enrichment.csv,2025-2026,Europa League,15.0,gameweek,player_match_enrichment,2336
data/2025-2026/By Tournament/Europa League/GW23/player_match_enrichment.csv,2025-2026,Europa League,23.0,gameweek,player_match_enrichment,2709
data/2025-2026/By Tournament/Europa League/GW24/player_match_enrichment.csv,2025-2026,Europa League,24.0,gameweek,player_match_enrichment,2408
data/2025-2026/By Tournament/Europa League/GW30/player_match_enrichment.csv,2025-2026,Europa League,30.0,gameweek,player_match_enrichment,1182
data/2025-2026/By Tournament/Europa League/GW5/playermatchstats.csv,2025-2026,Europa League,5.0,gameweek,playermatchstats,4518
data/2025-2026/By Tournament/Europa League/GW6/playermatchstats.csv,2025-2026,Europa League,6.0,gameweek,playermatchstats,4395
data/2025-2026/By Tournament/Europa League/GW8/playermatchstats.csv,2025-2026,Europa League,8.0,gameweek,playermatchstats,4507
data/2025-2026/By Tournament/Europa League/GW10/playermatchstats.csv,2025-2026,Europa League,10.0,gameweek,playermatchstats,7404
data/2025-2026/By Tournament/Europa League/GW12/playermatchstats.csv,2025-2026,Europa League,12.0,gameweek,playermatchstats,7590
data/2025-2026/By Tournament/Europa League/GW15/playermatchstats.csv,2025-2026,Europa League,15.0,gameweek,playermatchstats,7735
data/2025-2026/By Tournament/Europa League/GW23/playermatchstats.csv,2025-2026,Europa League,23.0,gameweek,playermatchstats,7971
data/2025-2026/By Tournament/Europa League/GW24/playermatchstats.csv,2025-2026,Europa League,24.0,gameweek,playermatchstats,8040
data/2025-2026/By Tournament/Europa League/GW27/playermatchstats.csv,2025-2026,Europa League,27.0,gameweek,playermatchstats,5279
data/2025-2026/By Tournament/Europa League/GW28/playermatchstats.csv,2025-2026,Europa League,28.0,gameweek,playermatchstats,5290
data/2025-2026/By Tournament/Europa League/GW30/playermatchstats.csv,2025-2026,Europa League,30.0,gameweek,playermatchstats,7792
data/2025-2026/By Tournament/Europa League/GW31/playermatchstats.csv,2025-2026,Europa League,31.0,gameweek,playermatchstats,9006
data/2025-2026/By Tournament/Europa League/GW32/playermatchstats.csv,2025-2026,Europa League,32.0,gameweek,playermatchstats,9102
data/2025-2026/By Tournament/Europa League/GW33/playermatchstats.csv,2025-2026,Europa League,33.0,gameweek,playermatchstats,7017
data/2025-2026/By Tournament/Europa League/GW35/playermatchstats.csv,2025-2026,Europa League,35.0,gameweek,playermatchstats,8917
data/2025-2026/By Tournament/Europa League/GW36/playermatchstats.csv,2025-2026,Europa League,36.0,gameweek,playermatchstats,9115
data/2025-2026/By Tournament/Europa League/GW38/playermatchstats.csv,2025-2026,Europa League,38.0,gameweek,playermatchstats,5293
data/2025-2026/By Tournament/Europa League/GW5/players.csv,2025-2026,Europa League,5.0,gameweek,players,39223
data/2025-2026/By Tournament/Europa League/GW6/players.csv,2025-2026,Europa League,6.0,gameweek,players,39223
data/2025-2026/By Tournament/Europa League/GW8/players.csv,2025-2026,Europa League,8.0,gameweek,players,39223
data/2025-2026/By Tournament/Europa League/GW10/players.csv,2025-2026,Europa League,10.0,gameweek,players,39223
data/2025-2026/By Tournament/Europa League/GW12/players.csv,2025-2026,Europa League,12.0,gameweek,players,39223
data/2025-2026/By Tournament/Europa League/GW15/players.csv,2025-2026,Europa League,15.0,gameweek,players,39223
data/2025-2026/By Tournament/Europa League/GW23/players.csv,2025-2026,Europa League,23.0,gameweek,players,39224
data/2025-2026/By Tournament/Europa League/GW24/players.csv,2025-2026,Europa League,24.0,gameweek,players,39223
data/2025-2026/By Tournament/Europa League/GW27/players.csv,2025-2026,Europa League,27.0,gameweek,players,39266
data/2025-2026/By Tournament/Europa League/GW28/players.csv,2025-2026,Europa League,28.0,gameweek,players,39309
data/2025-2026/By Tournament/Europa League/GW30/players.csv,2025-2026,Europa League,30.0,gameweek,players,39461
data/2025-2026/By Tournament/Europa League/GW31/players.csv,2025-2026,Europa League,31.0,gameweek,players,39606
data/2025-2026/By Tournament/Europa League/GW32/players.csv,2025-2026,Europa League,32.0,gameweek,players,39647
data/2025-2026/By Tournament/Europa League/GW33/players.csv,2025-2026,Europa League,33.0,gameweek,players,39780
data/2025-2026/By Tournament/Europa League/GW35/players.csv,2025-2026,Europa League,35.0,gameweek,players,39908
data/2025-2026/By Tournament/Europa League/GW36/players.csv,2025-2026,Europa League,36.0,gameweek,players,40203
data/2025-2026/By Tournament/Europa League/GW38/players.csv,2025-2026,Europa League,38.0,gameweek,players,40339
data/2025-2026/By Tournament/Europa League/GW5/playerstats.csv,2025-2026,Europa League,5.0,gameweek,playerstats,174671
data/2025-2026/By Tournament/Europa League/GW6/playerstats.csv,2025-2026,Europa League,6.0,gameweek,playerstats,175685
data/2025-2026/By Tournament/Europa League/GW8/playerstats.csv,2025-2026,Europa League,8.0,gameweek,playerstats,176164
data/2025-2026/By Tournament/Europa League/GW10/playerstats.csv,2025-2026,Europa League,10.0,gameweek,playerstats,257270
data/2025-2026/By Tournament/Europa League/GW12/playerstats.csv,2025-2026,Europa League,12.0,gameweek,playerstats,257804
data/2025-2026/By Tournament/Europa League/GW15/playerstats.csv,2025-2026,Europa League,15.0,gameweek,playerstats,261090
data/2025-2026/By Tournament/Europa League/GW23/playerstats.csv,2025-2026,Europa League,23.0,gameweek,playerstats,280101
data/2025-2026/By Tournament/Europa League/GW24/playerstats.csv,2025-2026,Europa League,24.0,gameweek,playerstats,283799
data/2025-2026/By Tournament/Europa League/GW27/playerstats.csv,2025-2026,Europa League,27.0,gameweek,playerstats,285474
data/2025-2026/By Tournament/Europa League/GW28/playerstats.csv,2025-2026,Europa League,28.0,gameweek,playerstats,286006
data/2025-2026/By Tournament/Europa League/GW30/playerstats.csv,2025-2026,Europa League,30.0,gameweek,playerstats,286730
data/2025-2026/By Tournament/Europa League/GW31/playerstats.csv,2025-2026,Europa League,31.0,gameweek,playerstats,288467
data/2025-2026/By Tournament/Europa League/GW32/playerstats.csv,2025-2026,Europa League,32.0,gameweek,playerstats,288603
data/2025-2026/By Tournament/Europa League/GW33/playerstats.csv,2025-2026,Europa League,33.0,gameweek,playerstats,289508
data/2025-2026/By Tournament/Europa League/GW35/playerstats.csv,2025-2026,Europa League,35.0,gameweek,playerstats,290764
data/2025-2026/By Tournament/Europa League/GW36/playerstats.csv,2025-2026,Europa League,36.0,gameweek,playerstats,292693
data/2025-2026/By Tournament/Europa League/GW38/playerstats.csv,2025-2026,Europa League,38.0,gameweek,playerstats,290510
data/2025-2026/By Tournament/Europa League/GW5/shots.csv,2025-2026,Europa League,5.0,gameweek,shots,3486
data/2025-2026/By Tournament/Europa League/GW6/shots.csv,2025-2026,Europa League,6.0,gameweek,shots,3261
data/2025-2026/By Tournament/Europa League/GW8/shots.csv,2025-2026,Europa League,8.0,gameweek,shots,3239
data/2025-2026/By Tournament/Europa League/GW10/shots.csv,2025-2026,Europa League,10.0,gameweek,shots,4495
data/2025-2026/By Tournament/Europa League/GW12/shots.csv,2025-2026,Europa League,12.0,gameweek,shots,6601
data/2025-2026/By Tournament/Europa League/GW15/shots.csv,2025-2026,Europa League,15.0,gameweek,shots,6213
data/2025-2026/By Tournament/Europa League/GW23/shots.csv,2025-2026,Europa League,23.0,gameweek,shots,5729
data/2025-2026/By Tournament/Europa League/GW24/shots.csv,2025-2026,Europa League,24.0,gameweek,shots,7717
data/2025-2026/By Tournament/Europa League/GW30/shots.csv,2025-2026,Europa League,30.0,gameweek,shots,4322
data/2025-2026/By Tournament/Europa League/GW5/teams.csv,2025-2026,Europa League,5.0,gameweek,teams,1632
data/2025-2026/By Tournament/Europa League/GW6/teams.csv,2025-2026,Europa League,6.0,gameweek,teams,1632
data/2025-2026/By Tournament/Europa League/GW8/teams.csv,2025-2026,Europa League,8.0,gameweek,teams,1632
data/2025-2026/By Tournament/Europa League/GW10/teams.csv,2025-2026,Europa League,10.0,gameweek,teams,1632
data/2025-2026/By Tournament/Europa League/GW12/teams.csv,2025-2026,Europa League,12.0,gameweek,teams,1632
data/2025-2026/By Tournament/Europa League/GW15/teams.csv,2025-2026,Europa League,15.0,gameweek,teams,1632
data/2025-2026/By Tournament/Europa League/GW23/teams.csv,2025-2026,Europa League,23.0,gameweek,teams,1632
data/2025-2026/By Tournament/Europa League/GW24/teams.csv,2025-2026,Europa League,24.0,gameweek,teams,1632
data/2025-2026/By Tournament/Europa League/GW27/teams.csv,2025-2026,Europa League,27.0,gameweek,teams,1630
data/2025-2026/By Tournament/Europa League/GW28/teams.csv,2025-2026,Europa League,28.0,gameweek,teams,1630
data/2025-2026/By Tournament/Europa League/GW30/teams.csv,2025-2026,Europa League,30.0,gameweek,teams,1630
data/2025-2026/By Tournament/Europa League/GW31/teams.csv,2025-2026,Europa League,31.0,gameweek,teams,1630
data/2025-2026/By Tournament/Europa League/GW32/teams.csv,2025-2026,Europa League,32.0,gameweek,teams,1630
data/2025-2026/By Tournament/Europa League/GW33/teams.csv,2025-2026,Europa League,33.0,gameweek,teams,1628
data/2025-2026/By Tournament/Europa League/GW35/teams.csv,2025-2026,Europa League,35.0,gameweek,teams,1628
data/2025-2026/By Tournament/Europa League/GW36/teams.csv,2025-2026,Europa League,36.0,gameweek,teams,1628
data/2025-2026/By Tournament/Europa League/GW38/teams.csv,2025-2026,Europa League,38.0,gameweek,teams,1628
data/2025-2026/By Tournament/Europa League/GW5/xg_by_minute.csv,2025-2026,Europa League,5.0,gameweek,xg_by_minute,1476
data/2025-2026/By Tournament/Europa League/GW6/xg_by_minute.csv,2025-2026,Europa League,6.0,gameweek,xg_by_minute,1269
data/2025-2026/By Tournament/Europa League/GW8/xg_by_minute.csv,2025-2026,Europa League,8.0,gameweek,xg_by_minute,1584
data/2025-2026/By Tournament/Europa League/GW10/xg_by_minute.csv,2025-2026,Europa League,10.0,gameweek,xg_by_minute,1810
data/2025-2026/By Tournament/Europa League/GW12/xg_by_minute.csv,2025-2026,Europa League,12.0,gameweek,xg_by_minute,2729
data/2025-2026/By Tournament/Europa League/GW15/xg_by_minute.csv,2025-2026,Europa League,15.0,gameweek,xg_by_minute,2569
data/2025-2026/By Tournament/Europa League/GW23/xg_by_minute.csv,2025-2026,Europa League,23.0,gameweek,xg_by_minute,2486
data/2025-2026/By Tournament/Europa League/GW24/xg_by_minute.csv,2025-2026,Europa League,24.0,gameweek,xg_by_minute,2978
data/2025-2026/By Tournament/Europa League/GW30/xg_by_minute.csv,2025-2026,Europa League,30.0,gameweek,xg_by_minute,1773
data/2025-2026/By Tournament/Premier League/GW1/average_positions.csv,2025-2026,Premier League,1.0,gameweek,average_positions,21962
data/2025-2026/By Tournament/Premier League/GW2/average_positions.csv,2025-2026,Premier League,2.0,gameweek,average_positions,22692
data/2025-2026/By Tournament/Premier League/GW3/average_positions.csv,2025-2026,Premier League,3.0,gameweek,average_positions,22027
data/2025-2026/By Tournament/Premier League/GW4/average_positions.csv,2025-2026,Premier League,4.0,gameweek,average_positions,22320
data/2025-2026/By Tournament/Premier League/GW5/average_positions.csv,2025-2026,Premier League,5.0,gameweek,average_positions,22396
data/2025-2026/By Tournament/Premier League/GW6/average_positions.csv,2025-2026,Premier League,6.0,gameweek,average_positions,22648
data/2025-2026/By Tournament/Premier League/GW7/average_positions.csv,2025-2026,Premier League,7.0,gameweek,average_positions,22834
data/2025-2026/By Tournament/Premier League/GW8/average_positions.csv,2025-2026,Premier League,8.0,gameweek,average_positions,22501
data/2025-2026/By Tournament/Premier League/GW9/average_positions.csv,2025-2026,Premier League,9.0,gameweek,average_positions,22788
data/2025-2026/By Tournament/Premier League/GW10/average_positions.csv,2025-2026,Premier League,10.0,gameweek,average_positions,22116
data/2025-2026/By Tournament/Premier League/GW11/average_positions.csv,2025-2026,Premier League,11.0,gameweek,average_positions,22274
data/2025-2026/By Tournament/Premier League/GW12/average_positions.csv,2025-2026,Premier League,12.0,gameweek,average_positions,22246
data/2025-2026/By Tournament/Premier League/GW13/average_positions.csv,2025-2026,Premier League,13.0,gameweek,average_positions,22296
data/2025-2026/By Tournament/Premier League/GW14/average_positions.csv,2025-2026,Premier League,14.0,gameweek,average_positions,22339
data/2025-2026/By Tournament/Premier League/GW15/average_positions.csv,2025-2026,Premier League,15.0,gameweek,average_positions,22695
data/2025-2026/By Tournament/Premier League/GW16/average_positions.csv,2025-2026,Premier League,16.0,gameweek,average_positions,22063
data/2025-2026/By Tournament/Premier League/GW17/average_positions.csv,2025-2026,Premier League,17.0,gameweek,average_positions,21634
data/2025-2026/By Tournament/Premier League/GW18/average_positions.csv,2025-2026,Premier League,18.0,gameweek,average_positions,21542
data/2025-2026/By Tournament/Premier League/GW19/average_positions.csv,2025-2026,Premier League,19.0,gameweek,average_positions,21536
data/2025-2026/By Tournament/Premier League/GW20/average_positions.csv,2025-2026,Premier League,20.0,gameweek,average_positions,21846
data/2025-2026/By Tournament/Premier League/GW21/average_positions.csv,2025-2026,Premier League,21.0,gameweek,average_positions,21561
data/2025-2026/By Tournament/Premier League/GW22/average_positions.csv,2025-2026,Premier League,22.0,gameweek,average_positions,21303
data/2025-2026/By Tournament/Premier League/GW23/average_positions.csv,2025-2026,Premier League,23.0,gameweek,average_positions,22134
data/2025-2026/By Tournament/Premier League/GW24/average_positions.csv,2025-2026,Premier League,24.0,gameweek,average_positions,22091
data/2025-2026/By Tournament/Premier League/GW25/average_positions.csv,2025-2026,Premier League,25.0,gameweek,average_positions,22130
data/2025-2026/By Tournament/Premier League/GW26/average_positions.csv,2025-2026,Premier League,26.0,gameweek,average_positions,24201
data/2025-2026/By Tournament/Premier League/GW27/average_positions.csv,2025-2026,Premier League,27.0,gameweek,average_positions,21606
data/2025-2026/By Tournament/Premier League/GW28/average_positions.csv,2025-2026,Premier League,28.0,gameweek,average_positions,22102
data/2025-2026/By Tournament/Premier League/GW29/average_positions.csv,2025-2026,Premier League,29.0,gameweek,average_positions,22395
data/2025-2026/By Tournament/Premier League/GW30/average_positions.csv,2025-2026,Premier League,30.0,gameweek,average_positions,21620
data/2025-2026/By Tournament/Premier League/GW31/average_positions.csv,2025-2026,Premier League,31.0,gameweek,average_positions,17642
data/2025-2026/By Tournament/Premier League/GW32/average_positions.csv,2025-2026,Premier League,32.0,gameweek,average_positions,22154
data/2025-2026/By Tournament/Premier League/GW33/average_positions.csv,2025-2026,Premier League,33.0,gameweek,average_positions,28882
data/2025-2026/By Tournament/Premier League/GW34/average_positions.csv,2025-2026,Premier League,34.0,gameweek,average_positions,14984
data/2025-2026/By Tournament/Premier League/GW35/average_positions.csv,2025-2026,Premier League,35.0,gameweek,average_positions,22161
data/2025-2026/By Tournament/Premier League/GW36/average_positions.csv,2025-2026,Premier League,36.0,gameweek,average_positions,23883
data/2025-2026/By Tournament/Premier League/GW37/average_positions.csv,2025-2026,Premier League,37.0,gameweek,average_positions,22471
data/2025-2026/By Tournament/Premier League/GW38/average_positions.csv,2025-2026,Premier League,38.0,gameweek,average_positions,22961
data/2025-2026/By Tournament/Premier League/GW1/fixtures.csv,2025-2026,Premier League,1.0,gameweek,fixtures,7926
data/2025-2026/By Tournament/Premier League/GW2/fixtures.csv,2025-2026,Premier League,2.0,gameweek,fixtures,7913
data/2025-2026/By Tournament/Premier League/GW3/fixtures.csv,2025-2026,Premier League,3.0,gameweek,fixtures,7929
data/2025-2026/By Tournament/Premier League/GW4/fixtures.csv,2025-2026,Premier League,4.0,gameweek,fixtures,7921
data/2025-2026/By Tournament/Premier League/GW5/fixtures.csv,2025-2026,Premier League,5.0,gameweek,fixtures,7933
data/2025-2026/By Tournament/Premier League/GW6/fixtures.csv,2025-2026,Premier League,6.0,gameweek,fixtures,7940
data/2025-2026/By Tournament/Premier League/GW7/fixtures.csv,2025-2026,Premier League,7.0,gameweek,fixtures,7927
data/2025-2026/By Tournament/Premier League/GW8/fixtures.csv,2025-2026,Premier League,8.0,gameweek,fixtures,7938
data/2025-2026/By Tournament/Premier League/GW9/fixtures.csv,2025-2026,Premier League,9.0,gameweek,fixtures,7931
data/2025-2026/By Tournament/Premier League/GW10/fixtures.csv,2025-2026,Premier League,10.0,gameweek,fixtures,7922
data/2025-2026/By Tournament/Premier League/GW11/fixtures.csv,2025-2026,Premier League,11.0,gameweek,fixtures,7931
data/2025-2026/By Tournament/Premier League/GW12/fixtures.csv,2025-2026,Premier League,12.0,gameweek,fixtures,7939
data/2025-2026/By Tournament/Premier League/GW13/fixtures.csv,2025-2026,Premier League,13.0,gameweek,fixtures,7941
data/2025-2026/By Tournament/Premier League/GW14/fixtures.csv,2025-2026,Premier League,14.0,gameweek,fixtures,7948
data/2025-2026/By Tournament/Premier League/GW15/fixtures.csv,2025-2026,Premier League,15.0,gameweek,fixtures,7936
data/2025-2026/By Tournament/Premier League/GW16/fixtures.csv,2025-2026,Premier League,16.0,gameweek,fixtures,7930
data/2025-2026/By Tournament/Premier League/GW17/fixtures.csv,2025-2026,Premier League,17.0,gameweek,fixtures,7935
data/2025-2026/By Tournament/Premier League/GW18/fixtures.csv,2025-2026,Premier League,18.0,gameweek,fixtures,7935
data/2025-2026/By Tournament/Premier League/GW19/fixtures.csv,2025-2026,Premier League,19.0,gameweek,fixtures,7945
data/2025-2026/By Tournament/Premier League/GW20/fixtures.csv,2025-2026,Premier League,20.0,gameweek,fixtures,7926
data/2025-2026/By Tournament/Premier League/GW21/fixtures.csv,2025-2026,Premier League,21.0,gameweek,fixtures,7939
data/2025-2026/By Tournament/Premier League/GW22/fixtures.csv,2025-2026,Premier League,22.0,gameweek,fixtures,7938
data/2025-2026/By Tournament/Premier League/GW23/fixtures.csv,2025-2026,Premier League,23.0,gameweek,fixtures,7942
data/2025-2026/By Tournament/Premier League/GW24/fixtures.csv,2025-2026,Premier League,24.0,gameweek,fixtures,7942
data/2025-2026/By Tournament/Premier League/GW25/fixtures.csv,2025-2026,Premier League,25.0,gameweek,fixtures,7949
data/2025-2026/By Tournament/Premier League/GW26/fixtures.csv,2025-2026,Premier League,26.0,gameweek,fixtures,8558
data/2025-2026/By Tournament/Premier League/GW27/fixtures.csv,2025-2026,Premier League,27.0,gameweek,fixtures,7947
data/2025-2026/By Tournament/Premier League/GW28/fixtures.csv,2025-2026,Premier League,28.0,gameweek,fixtures,7959
data/2025-2026/By Tournament/Premier League/GW29/fixtures.csv,2025-2026,Premier League,29.0,gameweek,fixtures,7923
data/2025-2026/By Tournament/Premier League/GW30/fixtures.csv,2025-2026,Premier League,30.0,gameweek,fixtures,7934
data/2025-2026/By Tournament/Premier League/GW31/fixtures.csv,2025-2026,Premier League,31.0,gameweek,fixtures,6729
data/2025-2026/By Tournament/Premier League/GW32/fixtures.csv,2025-2026,Premier League,32.0,gameweek,fixtures,7953
data/2025-2026/By Tournament/Premier League/GW33/fixtures.csv,2025-2026,Premier League,33.0,gameweek,fixtures,9748
data/2025-2026/By Tournament/Premier League/GW34/fixtures.csv,2025-2026,Premier League,34.0,gameweek,fixtures,6133
data/2025-2026/By Tournament/Premier League/GW35/fixtures.csv,2025-2026,Premier League,35.0,gameweek,fixtures,7948
data/2025-2026/By Tournament/Premier League/GW36/fixtures.csv,2025-2026,Premier League,36.0,gameweek,fixtures,8539
data/2025-2026/By Tournament/Premier League/GW37/fixtures.csv,2025-2026,Premier League,37.0,gameweek,fixtures,7947
data/2025-2026/By Tournament/Premier League/GW38/fixtures.csv,2025-2026,Premier League,38.0,gameweek,fixtures,7954
data/2025-2026/By Tournament/Premier League/GW1/incidents.csv,2025-2026,Premier League,1.0,gameweek,incidents,15520
data/2025-2026/By Tournament/Premier League/GW2/incidents.csv,2025-2026,Premier League,2.0,gameweek,incidents,18447
data/2025-2026/By Tournament/Premier League/GW3/incidents.csv,2025-2026,Premier League,3.0,gameweek,incidents,17070
data/2025-2026/By Tournament/Premier League/GW4/incidents.csv,2025-2026,Premier League,4.0,gameweek,incidents,16201
data/2025-2026/By Tournament/Premier League/GW5/incidents.csv,2025-2026,Premier League,5.0,gameweek,incidents,17437
data/2025-2026/By Tournament/Premier League/GW6/incidents.csv,2025-2026,Premier League,6.0,gameweek,incidents,19428
data/2025-2026/By Tournament/Premier League/GW7/incidents.csv,2025-2026,Premier League,7.0,gameweek,incidents,17617
data/2025-2026/By Tournament/Premier League/GW8/incidents.csv,2025-2026,Premier League,8.0,gameweek,incidents,16384
data/2025-2026/By Tournament/Premier League/GW9/incidents.csv,2025-2026,Premier League,9.0,gameweek,incidents,18087
data/2025-2026/By Tournament/Premier League/GW10/incidents.csv,2025-2026,Premier League,10.0,gameweek,incidents,17023
data/2025-2026/By Tournament/Premier League/GW11/incidents.csv,2025-2026,Premier League,11.0,gameweek,incidents,18183
data/2025-2026/By Tournament/Premier League/GW12/incidents.csv,2025-2026,Premier League,12.0,gameweek,incidents,17651
data/2025-2026/By Tournament/Premier League/GW13/incidents.csv,2025-2026,Premier League,13.0,gameweek,incidents,15054
data/2025-2026/By Tournament/Premier League/GW14/incidents.csv,2025-2026,Premier League,14.0,gameweek,incidents,13957
data/2025-2026/By Tournament/Premier League/GW15/incidents.csv,2025-2026,Premier League,15.0,gameweek,incidents,14935
data/2025-2026/By Tournament/Premier League/GW16/incidents.csv,2025-2026,Premier League,16.0,gameweek,incidents,13939
data/2025-2026/By Tournament/Premier League/GW17/incidents.csv,2025-2026,Premier League,17.0,gameweek,incidents,14543
data/2025-2026/By Tournament/Premier League/GW18/incidents.csv,2025-2026,Premier League,18.0,gameweek,incidents,12160
data/2025-2026/By Tournament/Premier League/GW19/incidents.csv,2025-2026,Premier League,19.0,gameweek,incidents,12234
data/2025-2026/By Tournament/Premier League/GW20/incidents.csv,2025-2026,Premier League,20.0,gameweek,incidents,13065
data/2025-2026/By Tournament/Premier League/GW21/incidents.csv,2025-2026,Premier League,21.0,gameweek,incidents,13986
data/2025-2026/By Tournament/Premier League/GW22/incidents.csv,2025-2026,Premier League,22.0,gameweek,incidents,12309
data/2025-2026/By Tournament/Premier League/GW23/incidents.csv,2025-2026,Premier League,23.0,gameweek,incidents,13581
data/2025-2026/By Tournament/Premier League/GW24/incidents.csv,2025-2026,Premier League,24.0,gameweek,incidents,14751
data/2025-2026/By Tournament/Premier League/GW25/incidents.csv,2025-2026,Premier League,25.0,gameweek,incidents,13999
data/2025-2026/By Tournament/Premier League/GW26/incidents.csv,2025-2026,Premier League,26.0,gameweek,incidents,14341
data/2025-2026/By Tournament/Premier League/GW27/incidents.csv,2025-2026,Premier League,27.0,gameweek,incidents,12933
data/2025-2026/By Tournament/Premier League/GW28/incidents.csv,2025-2026,Premier League,28.0,gameweek,incidents,15398
data/2025-2026/By Tournament/Premier League/GW29/incidents.csv,2025-2026,Premier League,29.0,gameweek,incidents,14706
data/2025-2026/By Tournament/Premier League/GW30/incidents.csv,2025-2026,Premier League,30.0,gameweek,incidents,11919
data/2025-2026/By Tournament/Premier League/GW31/incidents.csv,2025-2026,Premier League,31.0,gameweek,incidents,11685
data/2025-2026/By Tournament/Premier League/GW32/incidents.csv,2025-2026,Premier League,32.0,gameweek,incidents,16980
data/2025-2026/By Tournament/Premier League/GW33/incidents.csv,2025-2026,Premier League,33.0,gameweek,incidents,21389
data/2025-2026/By Tournament/Premier League/GW34/incidents.csv,2025-2026,Premier League,34.0,gameweek,incidents,12462
data/2025-2026/By Tournament/Premier League/GW35/incidents.csv,2025-2026,Premier League,35.0,gameweek,incidents,18670
data/2025-2026/By Tournament/Premier League/GW36/incidents.csv,2025-2026,Premier League,36.0,gameweek,incidents,18061
data/2025-2026/By Tournament/Premier League/GW37/incidents.csv,2025-2026,Premier League,37.0,gameweek,incidents,17910
data/2025-2026/By Tournament/Premier League/GW38/incidents.csv,2025-2026,Premier League,38.0,gameweek,incidents,17656
data/2025-2026/By Tournament/Premier League/GW1/lineups.csv,2025-2026,Premier League,1.0,gameweek,lineups,36489
data/2025-2026/By Tournament/Premier League/GW2/lineups.csv,2025-2026,Premier League,2.0,gameweek,lineups,36540
data/2025-2026/By Tournament/Premier League/GW3/lineups.csv,2025-2026,Premier League,3.0,gameweek,lineups,36556
data/2025-2026/By Tournament/Premier League/GW4/lineups.csv,2025-2026,Premier League,4.0,gameweek,lineups,36531
data/2025-2026/By Tournament/Premier League/GW5/lineups.csv,2025-2026,Premier League,5.0,gameweek,lineups,36558
data/2025-2026/By Tournament/Premier League/GW6/lineups.csv,2025-2026,Premier League,6.0,gameweek,lineups,36654
data/2025-2026/By Tournament/Premier League/GW7/lineups.csv,2025-2026,Premier League,7.0,gameweek,lineups,36567
data/2025-2026/By Tournament/Premier League/GW8/lineups.csv,2025-2026,Premier League,8.0,gameweek,lineups,36529
data/2025-2026/By Tournament/Premier League/GW9/lineups.csv,2025-2026,Premier League,9.0,gameweek,lineups,36586
data/2025-2026/By Tournament/Premier League/GW10/lineups.csv,2025-2026,Premier League,10.0,gameweek,lineups,36587
data/2025-2026/By Tournament/Premier League/GW11/lineups.csv,2025-2026,Premier League,11.0,gameweek,lineups,36565
data/2025-2026/By Tournament/Premier League/GW12/lineups.csv,2025-2026,Premier League,12.0,gameweek,lineups,36482
data/2025-2026/By Tournament/Premier League/GW13/lineups.csv,2025-2026,Premier League,13.0,gameweek,lineups,36698
data/2025-2026/By Tournament/Premier League/GW14/lineups.csv,2025-2026,Premier League,14.0,gameweek,lineups,36547
data/2025-2026/By Tournament/Premier League/GW15/lineups.csv,2025-2026,Premier League,15.0,gameweek,lineups,36562
data/2025-2026/By Tournament/Premier League/GW16/lineups.csv,2025-2026,Premier League,16.0,gameweek,lineups,36557
data/2025-2026/By Tournament/Premier League/GW17/lineups.csv,2025-2026,Premier League,17.0,gameweek,lineups,36621
data/2025-2026/By Tournament/Premier League/GW18/lineups.csv,2025-2026,Premier League,18.0,gameweek,lineups,36570
data/2025-2026/By Tournament/Premier League/GW19/lineups.csv,2025-2026,Premier League,19.0,gameweek,lineups,36600
data/2025-2026/By Tournament/Premier League/GW20/lineups.csv,2025-2026,Premier League,20.0,gameweek,lineups,36598
data/2025-2026/By Tournament/Premier League/GW21/lineups.csv,2025-2026,Premier League,21.0,gameweek,lineups,36719
data/2025-2026/By Tournament/Premier League/GW22/lineups.csv,2025-2026,Premier League,22.0,gameweek,lineups,36617
data/2025-2026/By Tournament/Premier League/GW23/lineups.csv,2025-2026,Premier League,23.0,gameweek,lineups,36663
data/2025-2026/By Tournament/Premier League/GW24/lineups.csv,2025-2026,Premier League,24.0,gameweek,lineups,36503
data/2025-2026/By Tournament/Premier League/GW25/lineups.csv,2025-2026,Premier League,25.0,gameweek,lineups,36702
data/2025-2026/By Tournament/Premier League/GW26/lineups.csv,2025-2026,Premier League,26.0,gameweek,lineups,40555
data/2025-2026/By Tournament/Premier League/GW27/lineups.csv,2025-2026,Premier League,27.0,gameweek,lineups,36659
data/2025-2026/By Tournament/Premier League/GW28/lineups.csv,2025-2026,Premier League,28.0,gameweek,lineups,36648
data/2025-2026/By Tournament/Premier League/GW29/lineups.csv,2025-2026,Premier League,29.0,gameweek,lineups,36643
data/2025-2026/By Tournament/Premier League/GW30/lineups.csv,2025-2026,Premier League,30.0,gameweek,lineups,36600
data/2025-2026/By Tournament/Premier League/GW31/lineups.csv,2025-2026,Premier League,31.0,gameweek,lineups,29075
data/2025-2026/By Tournament/Premier League/GW32/lineups.csv,2025-2026,Premier League,32.0,gameweek,lineups,35013
data/2025-2026/By Tournament/Premier League/GW33/lineups.csv,2025-2026,Premier League,33.0,gameweek,lineups,46143
data/2025-2026/By Tournament/Premier League/GW34/lineups.csv,2025-2026,Premier League,34.0,gameweek,lineups,25731
data/2025-2026/By Tournament/Premier League/GW35/lineups.csv,2025-2026,Premier League,35.0,gameweek,lineups,36694
data/2025-2026/By Tournament/Premier League/GW36/lineups.csv,2025-2026,Premier League,36.0,gameweek,lineups,40573
data/2025-2026/By Tournament/Premier League/GW37/lineups.csv,2025-2026,Premier League,37.0,gameweek,lineups,36729
data/2025-2026/By Tournament/Premier League/GW38/lineups.csv,2025-2026,Premier League,38.0,gameweek,lineups,36637
data/2025-2026/By Tournament/Premier League/GW1/match_enrichment.csv,2025-2026,Premier League,1.0,gameweek,match_enrichment,1210
data/2025-2026/By Tournament/Premier League/GW2/match_enrichment.csv,2025-2026,Premier League,2.0,gameweek,match_enrichment,1211
data/2025-2026/By Tournament/Premier League/GW3/match_enrichment.csv,2025-2026,Premier League,3.0,gameweek,match_enrichment,1208
data/2025-2026/By Tournament/Premier League/GW4/match_enrichment.csv,2025-2026,Premier League,4.0,gameweek,match_enrichment,1205
data/2025-2026/By Tournament/Premier League/GW5/match_enrichment.csv,2025-2026,Premier League,5.0,gameweek,match_enrichment,1209
data/2025-2026/By Tournament/Premier League/GW6/match_enrichment.csv,2025-2026,Premier League,6.0,gameweek,match_enrichment,1207
data/2025-2026/By Tournament/Premier League/GW7/match_enrichment.csv,2025-2026,Premier League,7.0,gameweek,match_enrichment,1208
data/2025-2026/By Tournament/Premier League/GW8/match_enrichment.csv,2025-2026,Premier League,8.0,gameweek,match_enrichment,1209
data/2025-2026/By Tournament/Premier League/GW9/match_enrichment.csv,2025-2026,Premier League,9.0,gameweek,match_enrichment,1210
data/2025-2026/By Tournament/Premier League/GW10/match_enrichment.csv,2025-2026,Premier League,10.0,gameweek,match_enrichment,1209
data/2025-2026/By Tournament/Premier League/GW11/match_enrichment.csv,2025-2026,Premier League,11.0,gameweek,match_enrichment,1210
data/2025-2026/By Tournament/Premier League/GW12/match_enrichment.csv,2025-2026,Premier League,12.0,gameweek,match_enrichment,1211
data/2025-2026/By Tournament/Premier League/GW13/match_enrichment.csv,2025-2026,Premier League,13.0,gameweek,match_enrichment,1188
data/2025-2026/By Tournament/Premier League/GW14/match_enrichment.csv,2025-2026,Premier League,14.0,gameweek,match_enrichment,1190
data/2025-2026/By Tournament/Premier League/GW15/match_enrichment.csv,2025-2026,Premier League,15.0,gameweek,match_enrichment,1191
data/2025-2026/By Tournament/Premier League/GW16/match_enrichment.csv,2025-2026,Premier League,16.0,gameweek,match_enrichment,1189
data/2025-2026/By Tournament/Premier League/GW17/match_enrichment.csv,2025-2026,Premier League,17.0,gameweek,match_enrichment,1190
data/2025-2026/By Tournament/Premier League/GW18/match_enrichment.csv,2025-2026,Premier League,18.0,gameweek,match_enrichment,1189
data/2025-2026/By Tournament/Premier League/GW19/match_enrichment.csv,2025-2026,Premier League,19.0,gameweek,match_enrichment,1191
data/2025-2026/By Tournament/Premier League/GW20/match_enrichment.csv,2025-2026,Premier League,20.0,gameweek,match_enrichment,1182
data/2025-2026/By Tournament/Premier League/GW21/match_enrichment.csv,2025-2026,Premier League,21.0,gameweek,match_enrichment,1191
data/2025-2026/By Tournament/Premier League/GW22/match_enrichment.csv,2025-2026,Premier League,22.0,gameweek,match_enrichment,1190
data/2025-2026/By Tournament/Premier League/GW23/match_enrichment.csv,2025-2026,Premier League,23.0,gameweek,match_enrichment,1188
data/2025-2026/By Tournament/Premier League/GW24/match_enrichment.csv,2025-2026,Premier League,24.0,gameweek,match_enrichment,1186
data/2025-2026/By Tournament/Premier League/GW25/match_enrichment.csv,2025-2026,Premier League,25.0,gameweek,match_enrichment,1187
data/2025-2026/By Tournament/Premier League/GW26/match_enrichment.csv,2025-2026,Premier League,26.0,gameweek,match_enrichment,1288
data/2025-2026/By Tournament/Premier League/GW27/match_enrichment.csv,2025-2026,Premier League,27.0,gameweek,match_enrichment,1189
data/2025-2026/By Tournament/Premier League/GW28/match_enrichment.csv,2025-2026,Premier League,28.0,gameweek,match_enrichment,1190
data/2025-2026/By Tournament/Premier League/GW29/match_enrichment.csv,2025-2026,Premier League,29.0,gameweek,match_enrichment,1190
data/2025-2026/By Tournament/Premier League/GW30/match_enrichment.csv,2025-2026,Premier League,30.0,gameweek,match_enrichment,1189
data/2025-2026/By Tournament/Premier League/GW31/match_enrichment.csv,2025-2026,Premier League,31.0,gameweek,match_enrichment,992
data/2025-2026/By Tournament/Premier League/GW32/match_enrichment.csv,2025-2026,Premier League,32.0,gameweek,match_enrichment,1207
data/2025-2026/By Tournament/Premier League/GW33/match_enrichment.csv,2025-2026,Premier League,33.0,gameweek,match_enrichment,1494
data/2025-2026/By Tournament/Premier League/GW34/match_enrichment.csv,2025-2026,Premier League,34.0,gameweek,match_enrichment,1030
data/2025-2026/By Tournament/Premier League/GW35/match_enrichment.csv,2025-2026,Premier League,35.0,gameweek,match_enrichment,1332
data/2025-2026/By Tournament/Premier League/GW36/match_enrichment.csv,2025-2026,Premier League,36.0,gameweek,match_enrichment,1444
data/2025-2026/By Tournament/Premier League/GW37/match_enrichment.csv,2025-2026,Premier League,37.0,gameweek,match_enrichment,1330
data/2025-2026/By Tournament/Premier League/GW38/match_enrichment.csv,2025-2026,Premier League,38.0,gameweek,match_enrichment,1370
data/2025-2026/By Tournament/Premier League/GW1/matches.csv,2025-2026,Premier League,1.0,gameweek,matches,7926
data/2025-2026/By Tournament/Premier League/GW2/matches.csv,2025-2026,Premier League,2.0,gameweek,matches,7913
data/2025-2026/By Tournament/Premier League/GW3/matches.csv,2025-2026,Premier League,3.0,gameweek,matches,7929
data/2025-2026/By Tournament/Premier League/GW4/matches.csv,2025-2026,Premier League,4.0,gameweek,matches,7921
data/2025-2026/By Tournament/Premier League/GW5/matches.csv,2025-2026,Premier League,5.0,gameweek,matches,7933
data/2025-2026/By Tournament/Premier League/GW6/matches.csv,2025-2026,Premier League,6.0,gameweek,matches,7940
data/2025-2026/By Tournament/Premier League/GW7/matches.csv,2025-2026,Premier League,7.0,gameweek,matches,7927
data/2025-2026/By Tournament/Premier League/GW8/matches.csv,2025-2026,Premier League,8.0,gameweek,matches,7938
data/2025-2026/By Tournament/Premier League/GW9/matches.csv,2025-2026,Premier League,9.0,gameweek,matches,7931
data/2025-2026/By Tournament/Premier League/GW10/matches.csv,2025-2026,Premier League,10.0,gameweek,matches,7922
data/2025-2026/By Tournament/Premier League/GW11/matches.csv,2025-2026,Premier League,11.0,gameweek,matches,7931
data/2025-2026/By Tournament/Premier League/GW12/matches.csv,2025-2026,Premier League,12.0,gameweek,matches,7939
data/2025-2026/By Tournament/Premier League/GW13/matches.csv,2025-2026,Premier League,13.0,gameweek,matches,7941
data/2025-2026/By Tournament/Premier League/GW14/matches.csv,2025-2026,Premier League,14.0,gameweek,matches,7948
data/2025-2026/By Tournament/Premier League/GW15/matches.csv,2025-2026,Premier League,15.0,gameweek,matches,7936
data/2025-2026/By Tournament/Premier League/GW16/matches.csv,2025-2026,Premier League,16.0,gameweek,matches,7930
data/2025-2026/By Tournament/Premier League/GW17/matches.csv,2025-2026,Premier League,17.0,gameweek,matches,7935
data/2025-2026/By Tournament/Premier League/GW18/matches.csv,2025-2026,Premier League,18.0,gameweek,matches,7935
data/2025-2026/By Tournament/Premier League/GW19/matches.csv,2025-2026,Premier League,19.0,gameweek,matches,7945
data/2025-2026/By Tournament/Premier League/GW20/matches.csv,2025-2026,Premier League,20.0,gameweek,matches,7926
data/2025-2026/By Tournament/Premier League/GW21/matches.csv,2025-2026,Premier League,21.0,gameweek,matches,7939
data/2025-2026/By Tournament/Premier League/GW22/matches.csv,2025-2026,Premier League,22.0,gameweek,matches,7938
data/2025-2026/By Tournament/Premier League/GW23/matches.csv,2025-2026,Premier League,23.0,gameweek,matches,7942
data/2025-2026/By Tournament/Premier League/GW24/matches.csv,2025-2026,Premier League,24.0,gameweek,matches,7942
data/2025-2026/By Tournament/Premier League/GW25/matches.csv,2025-2026,Premier League,25.0,gameweek,matches,7949
data/2025-2026/By Tournament/Premier League/GW26/matches.csv,2025-2026,Premier League,26.0,gameweek,matches,8558
data/2025-2026/By Tournament/Premier League/GW27/matches.csv,2025-2026,Premier League,27.0,gameweek,matches,7947
data/2025-2026/By Tournament/Premier League/GW28/matches.csv,2025-2026,Premier League,28.0,gameweek,matches,7959
data/2025-2026/By Tournament/Premier League/GW29/matches.csv,2025-2026,Premier League,29.0,gameweek,matches,7923
data/2025-2026/By Tournament/Premier League/GW30/matches.csv,2025-2026,Premier League,30.0,gameweek,matches,7934
data/2025-2026/By Tournament/Premier League/GW31/matches.csv,2025-2026,Premier League,31.0,gameweek,matches,6729
data/2025-2026/By Tournament/Premier League/GW32/matches.csv,2025-2026,Premier League,32.0,gameweek,matches,7953
data/2025-2026/By Tournament/Premier League/GW33/matches.csv,2025-2026,Premier League,33.0,gameweek,matches,9748
data/2025-2026/By Tournament/Premier League/GW34/matches.csv,2025-2026,Premier League,34.0,gameweek,matches,6133
data/2025-2026/By Tournament/Premier League/GW35/matches.csv,2025-2026,Premier League,35.0,gameweek,matches,7948
data/2025-2026/By Tournament/Premier League/GW36/matches.csv,2025-2026,Premier League,36.0,gameweek,matches,8539
data/2025-2026/By Tournament/Premier League/GW37/matches.csv,2025-2026,Premier League,37.0,gameweek,matches,7947
data/2025-2026/By Tournament/Premier League/GW38/matches.csv,2025-2026,Premier League,38.0,gameweek,matches,7954
data/2025-2026/By Tournament/Premier League/GW1/momentum.csv,2025-2026,Premier League,1.0,gameweek,momentum,43586
data/2025-2026/By Tournament/Premier League/GW2/momentum.csv,2025-2026,Premier League,2.0,gameweek,momentum,43765
data/2025-2026/By Tournament/Premier League/GW3/momentum.csv,2025-2026,Premier League,3.0,gameweek,momentum,43718
data/2025-2026/By Tournament/Premier League/GW4/momentum.csv,2025-2026,Premier League,4.0,gameweek,momentum,43793
data/2025-2026/By Tournament/Premier League/GW5/momentum.csv,2025-2026,Premier League,5.0,gameweek,momentum,43803
data/2025-2026/By Tournament/Premier League/GW6/momentum.csv,2025-2026,Premier League,6.0,gameweek,momentum,43819
data/2025-2026/By Tournament/Premier League/GW7/momentum.csv,2025-2026,Premier League,7.0,gameweek,momentum,43733
data/2025-2026/By Tournament/Premier League/GW8/momentum.csv,2025-2026,Premier League,8.0,gameweek,momentum,43839
data/2025-2026/By Tournament/Premier League/GW9/momentum.csv,2025-2026,Premier League,9.0,gameweek,momentum,43760
data/2025-2026/By Tournament/Premier League/GW10/momentum.csv,2025-2026,Premier League,10.0,gameweek,momentum,43803
data/2025-2026/By Tournament/Premier League/GW11/momentum.csv,2025-2026,Premier League,11.0,gameweek,momentum,43761
data/2025-2026/By Tournament/Premier League/GW12/momentum.csv,2025-2026,Premier League,12.0,gameweek,momentum,43730
data/2025-2026/By Tournament/Premier League/GW13/momentum.csv,2025-2026,Premier League,13.0,gameweek,momentum,43763
data/2025-2026/By Tournament/Premier League/GW14/momentum.csv,2025-2026,Premier League,14.0,gameweek,momentum,43752
data/2025-2026/By Tournament/Premier League/GW15/momentum.csv,2025-2026,Premier League,15.0,gameweek,momentum,43766
data/2025-2026/By Tournament/Premier League/GW16/momentum.csv,2025-2026,Premier League,16.0,gameweek,momentum,43754
data/2025-2026/By Tournament/Premier League/GW17/momentum.csv,2025-2026,Premier League,17.0,gameweek,momentum,43804
data/2025-2026/By Tournament/Premier League/GW18/momentum.csv,2025-2026,Premier League,18.0,gameweek,momentum,43778
data/2025-2026/By Tournament/Premier League/GW19/momentum.csv,2025-2026,Premier League,19.0,gameweek,momentum,43752
data/2025-2026/By Tournament/Premier League/GW20/momentum.csv,2025-2026,Premier League,20.0,gameweek,momentum,43777
data/2025-2026/By Tournament/Premier League/GW21/momentum.csv,2025-2026,Premier League,21.0,gameweek,momentum,43867
data/2025-2026/By Tournament/Premier League/GW22/momentum.csv,2025-2026,Premier League,22.0,gameweek,momentum,43791
data/2025-2026/By Tournament/Premier League/GW23/momentum.csv,2025-2026,Premier League,23.0,gameweek,momentum,43817
data/2025-2026/By Tournament/Premier League/GW24/momentum.csv,2025-2026,Premier League,24.0,gameweek,momentum,43787
data/2025-2026/By Tournament/Premier League/GW25/momentum.csv,2025-2026,Premier League,25.0,gameweek,momentum,43765
data/2025-2026/By Tournament/Premier League/GW26/momentum.csv,2025-2026,Premier League,26.0,gameweek,momentum,48562
data/2025-2026/By Tournament/Premier League/GW27/momentum.csv,2025-2026,Premier League,27.0,gameweek,momentum,43774
data/2025-2026/By Tournament/Premier League/GW28/momentum.csv,2025-2026,Premier League,28.0,gameweek,momentum,43757
data/2025-2026/By Tournament/Premier League/GW29/momentum.csv,2025-2026,Premier League,29.0,gameweek,momentum,43726
data/2025-2026/By Tournament/Premier League/GW30/momentum.csv,2025-2026,Premier League,30.0,gameweek,momentum,43773
data/2025-2026/By Tournament/Premier League/GW31/momentum.csv,2025-2026,Premier League,31.0,gameweek,momentum,34197
data/2025-2026/By Tournament/Premier League/GW32/momentum.csv,2025-2026,Premier League,32.0,gameweek,momentum,43785
data/2025-2026/By Tournament/Premier League/GW33/momentum.csv,2025-2026,Premier League,33.0,gameweek,momentum,56828
data/2025-2026/By Tournament/Premier League/GW34/momentum.csv,2025-2026,Premier League,34.0,gameweek,momentum,30711
data/2025-2026/By Tournament/Premier League/GW35/momentum.csv,2025-2026,Premier League,35.0,gameweek,momentum,43789
data/2025-2026/By Tournament/Premier League/GW36/momentum.csv,2025-2026,Premier League,36.0,gameweek,momentum,48468
data/2025-2026/By Tournament/Premier League/GW37/momentum.csv,2025-2026,Premier League,37.0,gameweek,momentum,43787
data/2025-2026/By Tournament/Premier League/GW38/momentum.csv,2025-2026,Premier League,38.0,gameweek,momentum,43755
data/2025-2026/By Tournament/Premier League/GW1/player_gameweek_stats.csv,2025-2026,Premier League,1.0,gameweek,player_gameweek_stats,254574
data/2025-2026/By Tournament/Premier League/GW2/player_gameweek_stats.csv,2025-2026,Premier League,2.0,gameweek,player_gameweek_stats,180361
data/2025-2026/By Tournament/Premier League/GW3/player_gameweek_stats.csv,2025-2026,Premier League,3.0,gameweek,player_gameweek_stats,186916
data/2025-2026/By Tournament/Premier League/GW4/player_gameweek_stats.csv,2025-2026,Premier League,4.0,gameweek,player_gameweek_stats,188028
data/2025-2026/By Tournament/Premier League/GW5/player_gameweek_stats.csv,2025-2026,Premier League,5.0,gameweek,player_gameweek_stats,189578
data/2025-2026/By Tournament/Premier League/GW6/player_gameweek_stats.csv,2025-2026,Premier League,6.0,gameweek,player_gameweek_stats,191567
data/2025-2026/By Tournament/Premier League/GW7/player_gameweek_stats.csv,2025-2026,Premier League,7.0,gameweek,player_gameweek_stats,191787
data/2025-2026/By Tournament/Premier League/GW8/player_gameweek_stats.csv,2025-2026,Premier League,8.0,gameweek,player_gameweek_stats,192037
data/2025-2026/By Tournament/Premier League/GW9/player_gameweek_stats.csv,2025-2026,Premier League,9.0,gameweek,player_gameweek_stats,192025
data/2025-2026/By Tournament/Premier League/GW10/player_gameweek_stats.csv,2025-2026,Premier League,10.0,gameweek,player_gameweek_stats,270659
data/2025-2026/By Tournament/Premier League/GW11/player_gameweek_stats.csv,2025-2026,Premier League,11.0,gameweek,player_gameweek_stats,270579
data/2025-2026/By Tournament/Premier League/GW12/player_gameweek_stats.csv,2025-2026,Premier League,12.0,gameweek,player_gameweek_stats,300358
data/2025-2026/By Tournament/Premier League/GW13/player_gameweek_stats.csv,2025-2026,Premier League,13.0,gameweek,player_gameweek_stats,270621
data/2025-2026/By Tournament/Premier League/GW14/player_gameweek_stats.csv,2025-2026,Premier League,14.0,gameweek,player_gameweek_stats,302819
data/2025-2026/By Tournament/Premier League/GW15/player_gameweek_stats.csv,2025-2026,Premier League,15.0,gameweek,player_gameweek_stats,304718
data/2025-2026/By Tournament/Premier League/GW16/player_gameweek_stats.csv,2025-2026,Premier League,16.0,gameweek,player_gameweek_stats,307431
data/2025-2026/By Tournament/Premier League/GW17/player_gameweek_stats.csv,2025-2026,Premier League,17.0,gameweek,player_gameweek_stats,309845
data/2025-2026/By Tournament/Premier League/GW18/player_gameweek_stats.csv,2025-2026,Premier League,18.0,gameweek,player_gameweek_stats,311397
data/2025-2026/By Tournament/Premier League/GW19/player_gameweek_stats.csv,2025-2026,Premier League,19.0,gameweek,player_gameweek_stats,313919
data/2025-2026/By Tournament/Premier League/GW20/player_gameweek_stats.csv,2025-2026,Premier League,20.0,gameweek,player_gameweek_stats,317026
data/2025-2026/By Tournament/Premier League/GW21/player_gameweek_stats.csv,2025-2026,Premier League,21.0,gameweek,player_gameweek_stats,319578
data/2025-2026/By Tournament/Premier League/GW22/player_gameweek_stats.csv,2025-2026,Premier League,22.0,gameweek,player_gameweek_stats,320110
data/2025-2026/By Tournament/Premier League/GW23/player_gameweek_stats.csv,2025-2026,Premier League,23.0,gameweek,player_gameweek_stats,323716
data/2025-2026/By Tournament/Premier League/GW24/player_gameweek_stats.csv,2025-2026,Premier League,24.0,gameweek,player_gameweek_stats,326767
data/2025-2026/By Tournament/Premier League/GW25/player_gameweek_stats.csv,2025-2026,Premier League,25.0,gameweek,player_gameweek_stats,295238
data/2025-2026/By Tournament/Premier League/GW26/player_gameweek_stats.csv,2025-2026,Premier League,26.0,gameweek,player_gameweek_stats,295679
data/2025-2026/By Tournament/Premier League/GW27/player_gameweek_stats.csv,2025-2026,Premier League,27.0,gameweek,player_gameweek_stats,328338
data/2025-2026/By Tournament/Premier League/GW28/player_gameweek_stats.csv,2025-2026,Premier League,28.0,gameweek,player_gameweek_stats,328955
data/2025-2026/By Tournament/Premier League/GW29/player_gameweek_stats.csv,2025-2026,Premier League,29.0,gameweek,player_gameweek_stats,329790
data/2025-2026/By Tournament/Premier League/GW30/player_gameweek_stats.csv,2025-2026,Premier League,30.0,gameweek,player_gameweek_stats,328964
data/2025-2026/By Tournament/Premier League/GW31/player_gameweek_stats.csv,2025-2026,Premier League,31.0,gameweek,player_gameweek_stats,326967
data/2025-2026/By Tournament/Premier League/GW32/player_gameweek_stats.csv,2025-2026,Premier League,32.0,gameweek,player_gameweek_stats,332048
data/2025-2026/By Tournament/Premier League/GW33/player_gameweek_stats.csv,2025-2026,Premier League,33.0,gameweek,player_gameweek_stats,333137
data/2025-2026/By Tournament/Premier League/GW34/player_gameweek_stats.csv,2025-2026,Premier League,34.0,gameweek,player_gameweek_stats,326074
data/2025-2026/By Tournament/Premier League/GW35/player_gameweek_stats.csv,2025-2026,Premier League,35.0,gameweek,player_gameweek_stats,333176
data/2025-2026/By Tournament/Premier League/GW36/player_gameweek_stats.csv,2025-2026,Premier League,36.0,gameweek,player_gameweek_stats,335831
data/2025-2026/By Tournament/Premier League/GW37/player_gameweek_stats.csv,2025-2026,Premier League,37.0,gameweek,player_gameweek_stats,337121
data/2025-2026/By Tournament/Premier League/GW38/player_gameweek_stats.csv,2025-2026,Premier League,38.0,gameweek,player_gameweek_stats,333373
data/2025-2026/By Tournament/Premier League/GW1/player_match_enrichment.csv,2025-2026,Premier League,1.0,gameweek,player_match_enrichment,21856
data/2025-2026/By Tournament/Premier League/GW2/player_match_enrichment.csv,2025-2026,Premier League,2.0,gameweek,player_match_enrichment,25283
data/2025-2026/By Tournament/Premier League/GW3/player_match_enrichment.csv,2025-2026,Premier League,3.0,gameweek,player_match_enrichment,24566
data/2025-2026/By Tournament/Premier League/GW4/player_match_enrichment.csv,2025-2026,Premier League,4.0,gameweek,player_match_enrichment,24704
data/2025-2026/By Tournament/Premier League/GW5/player_match_enrichment.csv,2025-2026,Premier League,5.0,gameweek,player_match_enrichment,24772
data/2025-2026/By Tournament/Premier League/GW6/player_match_enrichment.csv,2025-2026,Premier League,6.0,gameweek,player_match_enrichment,25197
data/2025-2026/By Tournament/Premier League/GW7/player_match_enrichment.csv,2025-2026,Premier League,7.0,gameweek,player_match_enrichment,25231
data/2025-2026/By Tournament/Premier League/GW8/player_match_enrichment.csv,2025-2026,Premier League,8.0,gameweek,player_match_enrichment,24904
data/2025-2026/By Tournament/Premier League/GW9/player_match_enrichment.csv,2025-2026,Premier League,9.0,gameweek,player_match_enrichment,25510
data/2025-2026/By Tournament/Premier League/GW10/player_match_enrichment.csv,2025-2026,Premier League,10.0,gameweek,player_match_enrichment,24612
data/2025-2026/By Tournament/Premier League/GW11/player_match_enrichment.csv,2025-2026,Premier League,11.0,gameweek,player_match_enrichment,24653
data/2025-2026/By Tournament/Premier League/GW12/player_match_enrichment.csv,2025-2026,Premier League,12.0,gameweek,player_match_enrichment,24639
data/2025-2026/By Tournament/Premier League/GW13/player_match_enrichment.csv,2025-2026,Premier League,13.0,gameweek,player_match_enrichment,24747
data/2025-2026/By Tournament/Premier League/GW14/player_match_enrichment.csv,2025-2026,Premier League,14.0,gameweek,player_match_enrichment,24823
data/2025-2026/By Tournament/Premier League/GW15/player_match_enrichment.csv,2025-2026,Premier League,15.0,gameweek,player_match_enrichment,25193
data/2025-2026/By Tournament/Premier League/GW16/player_match_enrichment.csv,2025-2026,Premier League,16.0,gameweek,player_match_enrichment,24476
data/2025-2026/By Tournament/Premier League/GW17/player_match_enrichment.csv,2025-2026,Premier League,17.0,gameweek,player_match_enrichment,24570
data/2025-2026/By Tournament/Premier League/GW18/player_match_enrichment.csv,2025-2026,Premier League,18.0,gameweek,player_match_enrichment,23833
data/2025-2026/By Tournament/Premier League/GW19/player_match_enrichment.csv,2025-2026,Premier League,19.0,gameweek,player_match_enrichment,23936
data/2025-2026/By Tournament/Premier League/GW20/player_match_enrichment.csv,2025-2026,Premier League,20.0,gameweek,player_match_enrichment,24233
data/2025-2026/By Tournament/Premier League/GW21/player_match_enrichment.csv,2025-2026,Premier League,21.0,gameweek,player_match_enrichment,23941
data/2025-2026/By Tournament/Premier League/GW22/player_match_enrichment.csv,2025-2026,Premier League,22.0,gameweek,player_match_enrichment,23701
data/2025-2026/By Tournament/Premier League/GW23/player_match_enrichment.csv,2025-2026,Premier League,23.0,gameweek,player_match_enrichment,24583
data/2025-2026/By Tournament/Premier League/GW24/player_match_enrichment.csv,2025-2026,Premier League,24.0,gameweek,player_match_enrichment,24536
data/2025-2026/By Tournament/Premier League/GW25/player_match_enrichment.csv,2025-2026,Premier League,25.0,gameweek,player_match_enrichment,24527
data/2025-2026/By Tournament/Premier League/GW26/player_match_enrichment.csv,2025-2026,Premier League,26.0,gameweek,player_match_enrichment,26760
data/2025-2026/By Tournament/Premier League/GW27/player_match_enrichment.csv,2025-2026,Premier League,27.0,gameweek,player_match_enrichment,24136
data/2025-2026/By Tournament/Premier League/GW28/player_match_enrichment.csv,2025-2026,Premier League,28.0,gameweek,player_match_enrichment,24476
data/2025-2026/By Tournament/Premier League/GW29/player_match_enrichment.csv,2025-2026,Premier League,29.0,gameweek,player_match_enrichment,24871
data/2025-2026/By Tournament/Premier League/GW30/player_match_enrichment.csv,2025-2026,Premier League,30.0,gameweek,player_match_enrichment,24015
data/2025-2026/By Tournament/Premier League/GW31/player_match_enrichment.csv,2025-2026,Premier League,31.0,gameweek,player_match_enrichment,19555
data/2025-2026/By Tournament/Premier League/GW32/player_match_enrichment.csv,2025-2026,Premier League,32.0,gameweek,player_match_enrichment,24662
data/2025-2026/By Tournament/Premier League/GW33/player_match_enrichment.csv,2025-2026,Premier League,33.0,gameweek,player_match_enrichment,31889
data/2025-2026/By Tournament/Premier League/GW34/player_match_enrichment.csv,2025-2026,Premier League,34.0,gameweek,player_match_enrichment,16742
data/2025-2026/By Tournament/Premier League/GW35/player_match_enrichment.csv,2025-2026,Premier League,35.0,gameweek,player_match_enrichment,24708
data/2025-2026/By Tournament/Premier League/GW36/player_match_enrichment.csv,2025-2026,Premier League,36.0,gameweek,player_match_enrichment,26486
data/2025-2026/By Tournament/Premier League/GW37/player_match_enrichment.csv,2025-2026,Premier League,37.0,gameweek,player_match_enrichment,24855
data/2025-2026/By Tournament/Premier League/GW38/player_match_enrichment.csv,2025-2026,Premier League,38.0,gameweek,player_match_enrichment,25381
data/2025-2026/By Tournament/Premier League/GW1/playermatchstats.csv,2025-2026,Premier League,1.0,gameweek,playermatchstats,57966
data/2025-2026/By Tournament/Premier League/GW2/playermatchstats.csv,2025-2026,Premier League,2.0,gameweek,playermatchstats,60564
data/2025-2026/By Tournament/Premier League/GW3/playermatchstats.csv,2025-2026,Premier League,3.0,gameweek,playermatchstats,58711
data/2025-2026/By Tournament/Premier League/GW4/playermatchstats.csv,2025-2026,Premier League,4.0,gameweek,playermatchstats,59180
data/2025-2026/By Tournament/Premier League/GW5/playermatchstats.csv,2025-2026,Premier League,5.0,gameweek,playermatchstats,59231
data/2025-2026/By Tournament/Premier League/GW6/playermatchstats.csv,2025-2026,Premier League,6.0,gameweek,playermatchstats,60268
data/2025-2026/By Tournament/Premier League/GW7/playermatchstats.csv,2025-2026,Premier League,7.0,gameweek,playermatchstats,60425
data/2025-2026/By Tournament/Premier League/GW8/playermatchstats.csv,2025-2026,Premier League,8.0,gameweek,playermatchstats,59392
data/2025-2026/By Tournament/Premier League/GW9/playermatchstats.csv,2025-2026,Premier League,9.0,gameweek,playermatchstats,60968
data/2025-2026/By Tournament/Premier League/GW10/playermatchstats.csv,2025-2026,Premier League,10.0,gameweek,playermatchstats,58864
data/2025-2026/By Tournament/Premier League/GW11/playermatchstats.csv,2025-2026,Premier League,11.0,gameweek,playermatchstats,58894
data/2025-2026/By Tournament/Premier League/GW12/playermatchstats.csv,2025-2026,Premier League,12.0,gameweek,playermatchstats,75785
data/2025-2026/By Tournament/Premier League/GW13/playermatchstats.csv,2025-2026,Premier League,13.0,gameweek,playermatchstats,75796
data/2025-2026/By Tournament/Premier League/GW14/playermatchstats.csv,2025-2026,Premier League,14.0,gameweek,playermatchstats,59183
data/2025-2026/By Tournament/Premier League/GW15/playermatchstats.csv,2025-2026,Premier League,15.0,gameweek,playermatchstats,60243
data/2025-2026/By Tournament/Premier League/GW16/playermatchstats.csv,2025-2026,Premier League,16.0,gameweek,playermatchstats,58451
data/2025-2026/By Tournament/Premier League/GW17/playermatchstats.csv,2025-2026,Premier League,17.0,gameweek,playermatchstats,58591
data/2025-2026/By Tournament/Premier League/GW18/playermatchstats.csv,2025-2026,Premier League,18.0,gameweek,playermatchstats,56961
data/2025-2026/By Tournament/Premier League/GW19/playermatchstats.csv,2025-2026,Premier League,19.0,gameweek,playermatchstats,57097
data/2025-2026/By Tournament/Premier League/GW20/playermatchstats.csv,2025-2026,Premier League,20.0,gameweek,playermatchstats,57871
data/2025-2026/By Tournament/Premier League/GW21/playermatchstats.csv,2025-2026,Premier League,21.0,gameweek,playermatchstats,57256
data/2025-2026/By Tournament/Premier League/GW22/playermatchstats.csv,2025-2026,Premier League,22.0,gameweek,playermatchstats,56512
data/2025-2026/By Tournament/Premier League/GW23/playermatchstats.csv,2025-2026,Premier League,23.0,gameweek,playermatchstats,58816
data/2025-2026/By Tournament/Premier League/GW24/playermatchstats.csv,2025-2026,Premier League,24.0,gameweek,playermatchstats,58664
data/2025-2026/By Tournament/Premier League/GW25/playermatchstats.csv,2025-2026,Premier League,25.0,gameweek,playermatchstats,58538
data/2025-2026/By Tournament/Premier League/GW26/playermatchstats.csv,2025-2026,Premier League,26.0,gameweek,playermatchstats,83216
data/2025-2026/By Tournament/Premier League/GW27/playermatchstats.csv,2025-2026,Premier League,27.0,gameweek,playermatchstats,75880
data/2025-2026/By Tournament/Premier League/GW28/playermatchstats.csv,2025-2026,Premier League,28.0,gameweek,playermatchstats,76299
data/2025-2026/By Tournament/Premier League/GW29/playermatchstats.csv,2025-2026,Premier League,29.0,gameweek,playermatchstats,72623
data/2025-2026/By Tournament/Premier League/GW30/playermatchstats.csv,2025-2026,Premier League,30.0,gameweek,playermatchstats,74021
data/2025-2026/By Tournament/Premier League/GW31/playermatchstats.csv,2025-2026,Premier League,31.0,gameweek,playermatchstats,58875
data/2025-2026/By Tournament/Premier League/GW32/playermatchstats.csv,2025-2026,Premier League,32.0,gameweek,playermatchstats,74913
data/2025-2026/By Tournament/Premier League/GW33/playermatchstats.csv,2025-2026,Premier League,33.0,gameweek,playermatchstats,97411
data/2025-2026/By Tournament/Premier League/GW34/playermatchstats.csv,2025-2026,Premier League,34.0,gameweek,playermatchstats,52647
data/2025-2026/By Tournament/Premier League/GW35/playermatchstats.csv,2025-2026,Premier League,35.0,gameweek,playermatchstats,75102
data/2025-2026/By Tournament/Premier League/GW36/playermatchstats.csv,2025-2026,Premier League,36.0,gameweek,playermatchstats,80933
data/2025-2026/By Tournament/Premier League/GW37/playermatchstats.csv,2025-2026,Premier League,37.0,gameweek,playermatchstats,74268
data/2025-2026/By Tournament/Premier League/GW38/playermatchstats.csv,2025-2026,Premier League,38.0,gameweek,playermatchstats,74774
data/2025-2026/By Tournament/Premier League/GW1/players.csv,2025-2026,Premier League,1.0,gameweek,players,39225
data/2025-2026/By Tournament/Premier League/GW2/players.csv,2025-2026,Premier League,2.0,gameweek,players,39225
data/2025-2026/By Tournament/Premier League/GW3/players.csv,2025-2026,Premier League,3.0,gameweek,players,39224
data/2025-2026/By Tournament/Premier League/GW4/players.csv,2025-2026,Premier League,4.0,gameweek,players,39223
data/2025-2026/By Tournament/Premier League/GW5/players.csv,2025-2026,Premier League,5.0,gameweek,players,39223
data/2025-2026/By Tournament/Premier League/GW6/players.csv,2025-2026,Premier League,6.0,gameweek,players,39223
data/2025-2026/By Tournament/Premier League/GW7/players.csv,2025-2026,Premier League,7.0,gameweek,players,39223
data/2025-2026/By Tournament/Premier League/GW8/players.csv,2025-2026,Premier League,8.0,gameweek,players,39223
data/2025-2026/By Tournament/Premier League/GW9/players.csv,2025-2026,Premier League,9.0,gameweek,players,39223
data/2025-2026/By Tournament/Premier League/GW10/players.csv,2025-2026,Premier League,10.0,gameweek,players,39223
data/2025-2026/By Tournament/Premier League/GW11/players.csv,2025-2026,Premier League,11.0,gameweek,players,39223
data/2025-2026/By Tournament/Premier League/GW12/players.csv,2025-2026,Premier League,12.0,gameweek,players,39223
data/2025-2026/By Tournament/Premier League/GW13/players.csv,2025-2026,Premier League,13.0,gameweek,players,39223
data/2025-2026/By Tournament/Premier League/GW14/players.csv,2025-2026,Premier League,14.0,gameweek,players,39223
data/2025-2026/By Tournament/Premier League/GW15/players.csv,2025-2026,Premier League,15.0,gameweek,players,39223
data/2025-2026/By Tournament/Premier League/GW16/players.csv,2025-2026,Premier League,16.0,gameweek,players,39223
data/2025-2026/By Tournament/Premier League/GW17/players.csv,2025-2026,Premier League,17.0,gameweek,players,39223
data/2025-2026/By Tournament/Premier League/GW18/players.csv,2025-2026,Premier League,18.0,gameweek,players,39223
data/2025-2026/By Tournament/Premier League/GW19/players.csv,2025-2026,Premier League,19.0,gameweek,players,39223
data/2025-2026/By Tournament/Premier League/GW20/players.csv,2025-2026,Premier League,20.0,gameweek,players,39224
data/2025-2026/By Tournament/Premier League/GW21/players.csv,2025-2026,Premier League,21.0,gameweek,players,39224
data/2025-2026/By Tournament/Premier League/GW22/players.csv,2025-2026,Premier League,22.0,gameweek,players,39224
data/2025-2026/By Tournament/Premier League/GW23/players.csv,2025-2026,Premier League,23.0,gameweek,players,39224
data/2025-2026/By Tournament/Premier League/GW24/players.csv,2025-2026,Premier League,24.0,gameweek,players,39223
data/2025-2026/By Tournament/Premier League/GW25/players.csv,2025-2026,Premier League,25.0,gameweek,players,39225
data/2025-2026/By Tournament/Premier League/GW26/players.csv,2025-2026,Premier League,26.0,gameweek,players,39225
data/2025-2026/By Tournament/Premier League/GW27/players.csv,2025-2026,Premier League,27.0,gameweek,players,39266
data/2025-2026/By Tournament/Premier League/GW28/players.csv,2025-2026,Premier League,28.0,gameweek,players,39309
data/2025-2026/By Tournament/Premier League/GW29/players.csv,2025-2026,Premier League,29.0,gameweek,players,39367
data/2025-2026/By Tournament/Premier League/GW30/players.csv,2025-2026,Premier League,30.0,gameweek,players,39461
data/2025-2026/By Tournament/Premier League/GW31/players.csv,2025-2026,Premier League,31.0,gameweek,players,39606
data/2025-2026/By Tournament/Premier League/GW32/players.csv,2025-2026,Premier League,32.0,gameweek,players,39647
data/2025-2026/By Tournament/Premier League/GW33/players.csv,2025-2026,Premier League,33.0,gameweek,players,39780
data/2025-2026/By Tournament/Premier League/GW34/players.csv,2025-2026,Premier League,34.0,gameweek,players,39821
data/2025-2026/By Tournament/Premier League/GW35/players.csv,2025-2026,Premier League,35.0,gameweek,players,39908
data/2025-2026/By Tournament/Premier League/GW36/players.csv,2025-2026,Premier League,36.0,gameweek,players,40203
data/2025-2026/By Tournament/Premier League/GW37/players.csv,2025-2026,Premier League,37.0,gameweek,players,40297
data/2025-2026/By Tournament/Premier League/GW38/players.csv,2025-2026,Premier League,38.0,gameweek,players,40339
data/2025-2026/By Tournament/Premier League/GW1/playerstats.csv,2025-2026,Premier League,1.0,gameweek,playerstats,254574
data/2025-2026/By Tournament/Premier League/GW2/playerstats.csv,2025-2026,Premier League,2.0,gameweek,playerstats,172599
data/2025-2026/By Tournament/Premier League/GW3/playerstats.csv,2025-2026,Premier League,3.0,gameweek,playerstats,173208
data/2025-2026/By Tournament/Premier League/GW4/playerstats.csv,2025-2026,Premier League,4.0,gameweek,playerstats,174101
data/2025-2026/By Tournament/Premier League/GW5/playerstats.csv,2025-2026,Premier League,5.0,gameweek,playerstats,174671
data/2025-2026/By Tournament/Premier League/GW6/playerstats.csv,2025-2026,Premier League,6.0,gameweek,playerstats,175685
data/2025-2026/By Tournament/Premier League/GW7/playerstats.csv,2025-2026,Premier League,7.0,gameweek,playerstats,175752
data/2025-2026/By Tournament/Premier League/GW8/playerstats.csv,2025-2026,Premier League,8.0,gameweek,playerstats,176164
data/2025-2026/By Tournament/Premier League/GW9/playerstats.csv,2025-2026,Premier League,9.0,gameweek,playerstats,175870
data/2025-2026/By Tournament/Premier League/GW10/playerstats.csv,2025-2026,Premier League,10.0,gameweek,playerstats,257270
data/2025-2026/By Tournament/Premier League/GW11/playerstats.csv,2025-2026,Premier League,11.0,gameweek,playerstats,256797
data/2025-2026/By Tournament/Premier League/GW12/playerstats.csv,2025-2026,Premier League,12.0,gameweek,playerstats,257804
data/2025-2026/By Tournament/Premier League/GW13/playerstats.csv,2025-2026,Premier League,13.0,gameweek,playerstats,258002
data/2025-2026/By Tournament/Premier League/GW14/playerstats.csv,2025-2026,Premier League,14.0,gameweek,playerstats,259845
data/2025-2026/By Tournament/Premier League/GW15/playerstats.csv,2025-2026,Premier League,15.0,gameweek,playerstats,261090
data/2025-2026/By Tournament/Premier League/GW16/playerstats.csv,2025-2026,Premier League,16.0,gameweek,playerstats,264633
data/2025-2026/By Tournament/Premier League/GW17/playerstats.csv,2025-2026,Premier League,17.0,gameweek,playerstats,267855
data/2025-2026/By Tournament/Premier League/GW18/playerstats.csv,2025-2026,Premier League,18.0,gameweek,playerstats,269533
data/2025-2026/By Tournament/Premier League/GW19/playerstats.csv,2025-2026,Premier League,19.0,gameweek,playerstats,271870
data/2025-2026/By Tournament/Premier League/GW20/playerstats.csv,2025-2026,Premier League,20.0,gameweek,playerstats,275048
data/2025-2026/By Tournament/Premier League/GW21/playerstats.csv,2025-2026,Premier League,21.0,gameweek,playerstats,276725
data/2025-2026/By Tournament/Premier League/GW22/playerstats.csv,2025-2026,Premier League,22.0,gameweek,playerstats,277602
data/2025-2026/By Tournament/Premier League/GW23/playerstats.csv,2025-2026,Premier League,23.0,gameweek,playerstats,280101
data/2025-2026/By Tournament/Premier League/GW24/playerstats.csv,2025-2026,Premier League,24.0,gameweek,playerstats,283799
data/2025-2026/By Tournament/Premier League/GW25/playerstats.csv,2025-2026,Premier League,25.0,gameweek,playerstats,284828
data/2025-2026/By Tournament/Premier League/GW26/playerstats.csv,2025-2026,Premier League,26.0,gameweek,playerstats,285075
data/2025-2026/By Tournament/Premier League/GW27/playerstats.csv,2025-2026,Premier League,27.0,gameweek,playerstats,285474
data/2025-2026/By Tournament/Premier League/GW28/playerstats.csv,2025-2026,Premier League,28.0,gameweek,playerstats,286006
data/2025-2026/By Tournament/Premier League/GW29/playerstats.csv,2025-2026,Premier League,29.0,gameweek,playerstats,286923
data/2025-2026/By Tournament/Premier League/GW30/playerstats.csv,2025-2026,Premier League,30.0,gameweek,playerstats,286730
data/2025-2026/By Tournament/Premier League/GW31/playerstats.csv,2025-2026,Premier League,31.0,gameweek,playerstats,288467
data/2025-2026/By Tournament/Premier League/GW32/playerstats.csv,2025-2026,Premier League,32.0,gameweek,playerstats,288603
data/2025-2026/By Tournament/Premier League/GW33/playerstats.csv,2025-2026,Premier League,33.0,gameweek,playerstats,289508
data/2025-2026/By Tournament/Premier League/GW34/playerstats.csv,2025-2026,Premier League,34.0,gameweek,playerstats,289988
data/2025-2026/By Tournament/Premier League/GW35/playerstats.csv,2025-2026,Premier League,35.0,gameweek,playerstats,290764
data/2025-2026/By Tournament/Premier League/GW36/playerstats.csv,2025-2026,Premier League,36.0,gameweek,playerstats,292693
data/2025-2026/By Tournament/Premier League/GW37/playerstats.csv,2025-2026,Premier League,37.0,gameweek,playerstats,293523
data/2025-2026/By Tournament/Premier League/GW38/playerstats.csv,2025-2026,Premier League,38.0,gameweek,playerstats,290510
data/2025-2026/By Tournament/Premier League/GW1/shots.csv,2025-2026,Premier League,1.0,gameweek,shots,31858
data/2025-2026/By Tournament/Premier League/GW2/shots.csv,2025-2026,Premier League,2.0,gameweek,shots,26367
data/2025-2026/By Tournament/Premier League/GW3/shots.csv,2025-2026,Premier League,3.0,gameweek,shots,28910
data/2025-2026/By Tournament/Premier League/GW4/shots.csv,2025-2026,Premier League,4.0,gameweek,shots,28486
data/2025-2026/By Tournament/Premier League/GW5/shots.csv,2025-2026,Premier League,5.0,gameweek,shots,27552
data/2025-2026/By Tournament/Premier League/GW6/shots.csv,2025-2026,Premier League,6.0,gameweek,shots,34654
data/2025-2026/By Tournament/Premier League/GW7/shots.csv,2025-2026,Premier League,7.0,gameweek,shots,29462
data/2025-2026/By Tournament/Premier League/GW8/shots.csv,2025-2026,Premier League,8.0,gameweek,shots,33254
data/2025-2026/By Tournament/Premier League/GW9/shots.csv,2025-2026,Premier League,9.0,gameweek,shots,32481
data/2025-2026/By Tournament/Premier League/GW10/shots.csv,2025-2026,Premier League,10.0,gameweek,shots,29471
data/2025-2026/By Tournament/Premier League/GW11/shots.csv,2025-2026,Premier League,11.0,gameweek,shots,28572
data/2025-2026/By Tournament/Premier League/GW12/shots.csv,2025-2026,Premier League,12.0,gameweek,shots,33523
data/2025-2026/By Tournament/Premier League/GW13/shots.csv,2025-2026,Premier League,13.0,gameweek,shots,31636
data/2025-2026/By Tournament/Premier League/GW14/shots.csv,2025-2026,Premier League,14.0,gameweek,shots,30531
data/2025-2026/By Tournament/Premier League/GW15/shots.csv,2025-2026,Premier League,15.0,gameweek,shots,34161
data/2025-2026/By Tournament/Premier League/GW16/shots.csv,2025-2026,Premier League,16.0,gameweek,shots,30402
data/2025-2026/By Tournament/Premier League/GW17/shots.csv,2025-2026,Premier League,17.0,gameweek,shots,30042
data/2025-2026/By Tournament/Premier League/GW18/shots.csv,2025-2026,Premier League,18.0,gameweek,shots,34340
data/2025-2026/By Tournament/Premier League/GW19/shots.csv,2025-2026,Premier League,19.0,gameweek,shots,35231
data/2025-2026/By Tournament/Premier League/GW20/shots.csv,2025-2026,Premier League,20.0,gameweek,shots,28234
data/2025-2026/By Tournament/Premier League/GW21/shots.csv,2025-2026,Premier League,21.0,gameweek,shots,35325
data/2025-2026/By Tournament/Premier League/GW22/shots.csv,2025-2026,Premier League,22.0,gameweek,shots,31997
data/2025-2026/By Tournament/Premier League/GW23/shots.csv,2025-2026,Premier League,23.0,gameweek,shots,30372
data/2025-2026/By Tournament/Premier League/GW24/shots.csv,2025-2026,Premier League,24.0,gameweek,shots,30818
data/2025-2026/By Tournament/Premier League/GW25/shots.csv,2025-2026,Premier League,25.0,gameweek,shots,33168
data/2025-2026/By Tournament/Premier League/GW26/shots.csv,2025-2026,Premier League,26.0,gameweek,shots,37431
data/2025-2026/By Tournament/Premier League/GW27/shots.csv,2025-2026,Premier League,27.0,gameweek,shots,33599
data/2025-2026/By Tournament/Premier League/GW28/shots.csv,2025-2026,Premier League,28.0,gameweek,shots,34691
data/2025-2026/By Tournament/Premier League/GW29/shots.csv,2025-2026,Premier League,29.0,gameweek,shots,28670
data/2025-2026/By Tournament/Premier League/GW30/shots.csv,2025-2026,Premier League,30.0,gameweek,shots,33812
data/2025-2026/By Tournament/Premier League/GW31/shots.csv,2025-2026,Premier League,31.0,gameweek,shots,27693
data/2025-2026/By Tournament/Premier League/GW32/shots.csv,2025-2026,Premier League,32.0,gameweek,shots,35567
data/2025-2026/By Tournament/Premier League/GW33/shots.csv,2025-2026,Premier League,33.0,gameweek,shots,39418
data/2025-2026/By Tournament/Premier League/GW34/shots.csv,2025-2026,Premier League,34.0,gameweek,shots,20452
data/2025-2026/By Tournament/Premier League/GW35/shots.csv,2025-2026,Premier League,35.0,gameweek,shots,34214
data/2025-2026/By Tournament/Premier League/GW36/shots.csv,2025-2026,Premier League,36.0,gameweek,shots,36409
data/2025-2026/By Tournament/Premier League/GW37/shots.csv,2025-2026,Premier League,37.0,gameweek,shots,33097
data/2025-2026/By Tournament/Premier League/GW38/shots.csv,2025-2026,Premier League,38.0,gameweek,shots,37195
data/2025-2026/By Tournament/Premier League/GW1/teams.csv,2025-2026,Premier League,1.0,gameweek,teams,1632
data/2025-2026/By Tournament/Premier League/GW2/teams.csv,2025-2026,Premier League,2.0,gameweek,teams,1632
data/2025-2026/By Tournament/Premier League/GW3/teams.csv,2025-2026,Premier League,3.0,gameweek,teams,1632
data/2025-2026/By Tournament/Premier League/GW4/teams.csv,2025-2026,Premier League,4.0,gameweek,teams,1632
data/2025-2026/By Tournament/Premier League/GW5/teams.csv,2025-2026,Premier League,5.0,gameweek,teams,1632
data/2025-2026/By Tournament/Premier League/GW6/teams.csv,2025-2026,Premier League,6.0,gameweek,teams,1632
data/2025-2026/By Tournament/Premier League/GW7/teams.csv,2025-2026,Premier League,7.0,gameweek,teams,1632
data/2025-2026/By Tournament/Premier League/GW8/teams.csv,2025-2026,Premier League,8.0,gameweek,teams,1632
data/2025-2026/By Tournament/Premier League/GW9/teams.csv,2025-2026,Premier League,9.0,gameweek,teams,1632
data/2025-2026/By Tournament/Premier League/GW10/teams.csv,2025-2026,Premier League,10.0,gameweek,teams,1632
data/2025-2026/By Tournament/Premier League/GW11/teams.csv,2025-2026,Premier League,11.0,gameweek,teams,1632
data/2025-2026/By Tournament/Premier League/GW12/teams.csv,2025-2026,Premier League,12.0,gameweek,teams,1632
data/2025-2026/By Tournament/Premier League/GW13/teams.csv,2025-2026,Premier League,13.0,gameweek,teams,1632
data/2025-2026/By Tournament/Premier League/GW14/teams.csv,2025-2026,Premier League,14.0,gameweek,teams,1632
data/2025-2026/By Tournament/Premier League/GW15/teams.csv,2025-2026,Premier League,15.0,gameweek,teams,1632
data/2025-2026/By Tournament/Premier League/GW16/teams.csv,2025-2026,Premier League,16.0,gameweek,teams,1632
data/2025-2026/By Tournament/Premier League/GW17/teams.csv,2025-2026,Premier League,17.0,gameweek,teams,1632
data/2025-2026/By Tournament/Premier League/GW18/teams.csv,2025-2026,Premier League,18.0,gameweek,teams,1632
data/2025-2026/By Tournament/Premier League/GW19/teams.csv,2025-2026,Premier League,19.0,gameweek,teams,1632
data/2025-2026/By Tournament/Premier League/GW20/teams.csv,2025-2026,Premier League,20.0,gameweek,teams,1632
data/2025-2026/By Tournament/Premier League/GW21/teams.csv,2025-2026,Premier League,21.0,gameweek,teams,1632
data/2025-2026/By Tournament/Premier League/GW22/teams.csv,2025-2026,Premier League,22.0,gameweek,teams,1632
data/2025-2026/By Tournament/Premier League/GW23/teams.csv,2025-2026,Premier League,23.0,gameweek,teams,1632
data/2025-2026/By Tournament/Premier League/GW24/teams.csv,2025-2026,Premier League,24.0,gameweek,teams,1632
data/2025-2026/By Tournament/Premier League/GW25/teams.csv,2025-2026,Premier League,25.0,gameweek,teams,1632
data/2025-2026/By Tournament/Premier League/GW26/teams.csv,2025-2026,Premier League,26.0,gameweek,teams,1630
data/2025-2026/By Tournament/Premier League/GW27/teams.csv,2025-2026,Premier League,27.0,gameweek,teams,1630
data/2025-2026/By Tournament/Premier League/GW28/teams.csv,2025-2026,Premier League,28.0,gameweek,teams,1630
data/2025-2026/By Tournament/Premier League/GW29/teams.csv,2025-2026,Premier League,29.0,gameweek,teams,1630
data/2025-2026/By Tournament/Premier League/GW30/teams.csv,2025-2026,Premier League,30.0,gameweek,teams,1630
data/2025-2026/By Tournament/Premier League/GW31/teams.csv,2025-2026,Premier League,31.0,gameweek,teams,1630
data/2025-2026/By Tournament/Premier League/GW32/teams.csv,2025-2026,Premier League,32.0,gameweek,teams,1630
data/2025-2026/By Tournament/Premier League/GW33/teams.csv,2025-2026,Premier League,33.0,gameweek,teams,1628
data/2025-2026/By Tournament/Premier League/GW34/teams.csv,2025-2026,Premier League,34.0,gameweek,teams,1628
data/2025-2026/By Tournament/Premier League/GW35/teams.csv,2025-2026,Premier League,35.0,gameweek,teams,1628
data/2025-2026/By Tournament/Premier League/GW36/teams.csv,2025-2026,Premier League,36.0,gameweek,teams,1628
data/2025-2026/By Tournament/Premier League/GW37/teams.csv,2025-2026,Premier League,37.0,gameweek,teams,1628
data/2025-2026/By Tournament/Premier League/GW38/teams.csv,2025-2026,Premier League,38.0,gameweek,teams,1628
data/2025-2026/By Tournament/Premier League/GW1/xg_by_minute.csv,2025-2026,Premier League,1.0,gameweek,xg_by_minute,12783
data/2025-2026/By Tournament/Premier League/GW2/xg_by_minute.csv,2025-2026,Premier League,2.0,gameweek,xg_by_minute,11339
data/2025-2026/By Tournament/Premier League/GW3/xg_by_minute.csv,2025-2026,Premier League,3.0,gameweek,xg_by_minute,11343
data/2025-2026/By Tournament/Premier League/GW4/xg_by_minute.csv,2025-2026,Premier League,4.0,gameweek,xg_by_minute,11734
data/2025-2026/By Tournament/Premier League/GW5/xg_by_minute.csv,2025-2026,Premier League,5.0,gameweek,xg_by_minute,11810
data/2025-2026/By Tournament/Premier League/GW6/xg_by_minute.csv,2025-2026,Premier League,6.0,gameweek,xg_by_minute,13939
data/2025-2026/By Tournament/Premier League/GW7/xg_by_minute.csv,2025-2026,Premier League,7.0,gameweek,xg_by_minute,11906
data/2025-2026/By Tournament/Premier League/GW8/xg_by_minute.csv,2025-2026,Premier League,8.0,gameweek,xg_by_minute,13490
data/2025-2026/By Tournament/Premier League/GW9/xg_by_minute.csv,2025-2026,Premier League,9.0,gameweek,xg_by_minute,13221
data/2025-2026/By Tournament/Premier League/GW10/xg_by_minute.csv,2025-2026,Premier League,10.0,gameweek,xg_by_minute,12048
data/2025-2026/By Tournament/Premier League/GW11/xg_by_minute.csv,2025-2026,Premier League,11.0,gameweek,xg_by_minute,11516
data/2025-2026/By Tournament/Premier League/GW12/xg_by_minute.csv,2025-2026,Premier League,12.0,gameweek,xg_by_minute,13705
data/2025-2026/By Tournament/Premier League/GW13/xg_by_minute.csv,2025-2026,Premier League,13.0,gameweek,xg_by_minute,12896
data/2025-2026/By Tournament/Premier League/GW14/xg_by_minute.csv,2025-2026,Premier League,14.0,gameweek,xg_by_minute,11814
data/2025-2026/By Tournament/Premier League/GW15/xg_by_minute.csv,2025-2026,Premier League,15.0,gameweek,xg_by_minute,13886
data/2025-2026/By Tournament/Premier League/GW16/xg_by_minute.csv,2025-2026,Premier League,16.0,gameweek,xg_by_minute,12787
data/2025-2026/By Tournament/Premier League/GW17/xg_by_minute.csv,2025-2026,Premier League,17.0,gameweek,xg_by_minute,12192
data/2025-2026/By Tournament/Premier League/GW18/xg_by_minute.csv,2025-2026,Premier League,18.0,gameweek,xg_by_minute,14323
data/2025-2026/By Tournament/Premier League/GW19/xg_by_minute.csv,2025-2026,Premier League,19.0,gameweek,xg_by_minute,13628
data/2025-2026/By Tournament/Premier League/GW20/xg_by_minute.csv,2025-2026,Premier League,20.0,gameweek,xg_by_minute,12383
data/2025-2026/By Tournament/Premier League/GW21/xg_by_minute.csv,2025-2026,Premier League,21.0,gameweek,xg_by_minute,13873
data/2025-2026/By Tournament/Premier League/GW22/xg_by_minute.csv,2025-2026,Premier League,22.0,gameweek,xg_by_minute,12969
data/2025-2026/By Tournament/Premier League/GW23/xg_by_minute.csv,2025-2026,Premier League,23.0,gameweek,xg_by_minute,12665
data/2025-2026/By Tournament/Premier League/GW24/xg_by_minute.csv,2025-2026,Premier League,24.0,gameweek,xg_by_minute,12298
data/2025-2026/By Tournament/Premier League/GW25/xg_by_minute.csv,2025-2026,Premier League,25.0,gameweek,xg_by_minute,13232
data/2025-2026/By Tournament/Premier League/GW26/xg_by_minute.csv,2025-2026,Premier League,26.0,gameweek,xg_by_minute,15377
data/2025-2026/By Tournament/Premier League/GW27/xg_by_minute.csv,2025-2026,Premier League,27.0,gameweek,xg_by_minute,13910
data/2025-2026/By Tournament/Premier League/GW28/xg_by_minute.csv,2025-2026,Premier League,28.0,gameweek,xg_by_minute,13749
data/2025-2026/By Tournament/Premier League/GW29/xg_by_minute.csv,2025-2026,Premier League,29.0,gameweek,xg_by_minute,11408
data/2025-2026/By Tournament/Premier League/GW30/xg_by_minute.csv,2025-2026,Premier League,30.0,gameweek,xg_by_minute,13930
data/2025-2026/By Tournament/Premier League/GW31/xg_by_minute.csv,2025-2026,Premier League,31.0,gameweek,xg_by_minute,11050
data/2025-2026/By Tournament/Premier League/GW32/xg_by_minute.csv,2025-2026,Premier League,32.0,gameweek,xg_by_minute,14330
data/2025-2026/By Tournament/Premier League/GW33/xg_by_minute.csv,2025-2026,Premier League,33.0,gameweek,xg_by_minute,15650
data/2025-2026/By Tournament/Premier League/GW34/xg_by_minute.csv,2025-2026,Premier League,34.0,gameweek,xg_by_minute,8796
data/2025-2026/By Tournament/Premier League/GW35/xg_by_minute.csv,2025-2026,Premier League,35.0,gameweek,xg_by_minute,13982
data/2025-2026/By Tournament/Premier League/GW36/xg_by_minute.csv,2025-2026,Premier League,36.0,gameweek,xg_by_minute,14425
data/2025-2026/By Tournament/Premier League/GW37/xg_by_minute.csv,2025-2026,Premier League,37.0,gameweek,xg_by_minute,13021
data/2025-2026/By Tournament/Premier League/GW38/xg_by_minute.csv,2025-2026,Premier League,38.0,gameweek,xg_by_minute,14550
data/2025-2026/supplemental/incidents_quarantined.csv,2025-2026,supplemental,,season,incidents_quarantined,5941
data/2026-2027/By Gameweek/GW1/fixtures.csv,2026-2027,All,1.0,gameweek,fixtures,4836
data/2026-2027/By Gameweek/GW2/fixtures.csv,2026-2027,All,2.0,gameweek,fixtures,4836
data/2026-2027/By Gameweek/GW3/fixtures.csv,2026-2027,All,3.0,gameweek,fixtures,4836
data/2026-2027/By Gameweek/GW4/fixtures.csv,2026-2027,All,4.0,gameweek,fixtures,4836
data/2026-2027/By Gameweek/GW5/fixtures.csv,2026-2027,All,5.0,gameweek,fixtures,4836
data/2026-2027/By Gameweek/GW6/fixtures.csv,2026-2027,All,6.0,gameweek,fixtures,4836
data/2026-2027/By Gameweek/GW7/fixtures.csv,2026-2027,All,7.0,gameweek,fixtures,4836
data/2026-2027/By Gameweek/GW8/fixtures.csv,2026-2027,All,8.0,gameweek,fixtures,4836
data/2026-2027/By Gameweek/GW9/fixtures.csv,2026-2027,All,9.0,gameweek,fixtures,4836
data/2026-2027/By Gameweek/GW10/fixtures.csv,2026-2027,All,10.0,gameweek,fixtures,4846
data/2026-2027/By Gameweek/GW11/fixtures.csv,2026-2027,All,11.0,gameweek,fixtures,4846
data/2026-2027/By Gameweek/GW12/fixtures.csv,2026-2027,All,12.0,gameweek,fixtures,4846
data/2026-2027/By Gameweek/GW13/fixtures.csv,2026-2027,All,13.0,gameweek,fixtures,4846
data/2026-2027/By Gameweek/GW14/fixtures.csv,2026-2027,All,14.0,gameweek,fixtures,4846
data/2026-2027/By Gameweek/GW15/fixtures.csv,2026-2027,All,15.0,gameweek,fixtures,4846
data/2026-2027/By Gameweek/GW16/fixtures.csv,2026-2027,All,16.0,gameweek,fixtures,4846
data/2026-2027/By Gameweek/GW17/fixtures.csv,2026-2027,All,17.0,gameweek,fixtures,4846
data/2026-2027/By Gameweek/GW18/fixtures.csv,2026-2027,All,18.0,gameweek,fixtures,4846
data/2026-2027/By Gameweek/GW19/fixtures.csv,2026-2027,All,19.0,gameweek,fixtures,4846
data/2026-2027/By Gameweek/GW20/fixtures.csv,2026-2027,All,20.0,gameweek,fixtures,4846
data/2026-2027/By Gameweek/GW21/fixtures.csv,2026-2027,All,21.0,gameweek,fixtures,4846
data/2026-2027/By Gameweek/GW22/fixtures.csv,2026-2027,All,22.0,gameweek,fixtures,4846
data/2026-2027/By Gameweek/GW23/fixtures.csv,2026-2027,All,23.0,gameweek,fixtures,4846
data/2026-2027/By Gameweek/GW24/fixtures.csv,2026-2027,All,24.0,gameweek,fixtures,4846
data/2026-2027/By Gameweek/GW25/fixtures.csv,2026-2027,All,25.0,gameweek,fixtures,4846
data/2026-2027/By Gameweek/GW26/fixtures.csv,2026-2027,All,26.0,gameweek,fixtures,4846
data/2026-2027/By Gameweek/GW27/fixtures.csv,2026-2027,All,27.0,gameweek,fixtures,4846
data/2026-2027/By Gameweek/GW28/fixtures.csv,2026-2027,All,28.0,gameweek,fixtures,4846
data/2026-2027/By Gameweek/GW29/fixtures.csv,2026-2027,All,29.0,gameweek,fixtures,4846
data/2026-2027/By Gameweek/GW30/fixtures.csv,2026-2027,All,30.0,gameweek,fixtures,4846
data/2026-2027/By Gameweek/GW31/fixtures.csv,2026-2027,All,31.0,gameweek,fixtures,4846
data/2026-2027/By Gameweek/GW32/fixtures.csv,2026-2027,All,32.0,gameweek,fixtures,4846
data/2026-2027/By Gameweek/GW33/fixtures.csv,2026-2027,All,33.0,gameweek,fixtures,4846
data/2026-2027/By Gameweek/GW34/fixtures.csv,2026-2027,All,34.0,gameweek,fixtures,4846
data/2026-2027/By Gameweek/GW35/fixtures.csv,2026-2027,All,35.0,gameweek,fixtures,4846
data/2026-2027/By Gameweek/GW36/fixtures.csv,2026-2027,All,36.0,gameweek,fixtures,4846
data/2026-2027/By Gameweek/GW37/fixtures.csv,2026-2027,All,37.0,gameweek,fixtures,4846
data/2026-2027/By Gameweek/GW38/fixtures.csv,2026-2027,All,38.0,gameweek,fixtures,4846
data/2026-2027/gameweek_summaries.csv,2026-2027,All,,season,gameweek_summaries,9561
data/2026-2027/By Gameweek/GW1/matches.csv,2026-2027,All,1.0,gameweek,matches,4836
data/2026-2027/By Gameweek/GW2/matches.csv,2026-2027,All,2.0,gameweek,matches,4836
data/2026-2027/By Gameweek/GW3/matches.csv,2026-2027,All,3.0,gameweek,matches,4836
data/2026-2027/By Gameweek/GW4/matches.csv,2026-2027,All,4.0,gameweek,matches,4836
data/2026-2027/By Gameweek/GW5/matches.csv,2026-2027,All,5.0,gameweek,matches,4836
data/2026-2027/By Gameweek/GW6/matches.csv,2026-2027,All,6.0,gameweek,matches,4836
data/2026-2027/By Gameweek/GW7/matches.csv,2026-2027,All,7.0,gameweek,matches,4836
data/2026-2027/By Gameweek/GW8/matches.csv,2026-2027,All,8.0,gameweek,matches,4836
data/2026-2027/By Gameweek/GW9/matches.csv,2026-2027,All,9.0,gameweek,matches,4836
data/2026-2027/By Gameweek/GW10/matches.csv,2026-2027,All,10.0,gameweek,matches,4846
data/2026-2027/By Gameweek/GW11/matches.csv,2026-2027,All,11.0,gameweek,matches,4846
data/2026-2027/By Gameweek/GW12/matches.csv,2026-2027,All,12.0,gameweek,matches,4846
data/2026-2027/By Gameweek/GW13/matches.csv,2026-2027,All,13.0,gameweek,matches,4846
data/2026-2027/By Gameweek/GW14/matches.csv,2026-2027,All,14.0,gameweek,matches,4846
data/2026-2027/By Gameweek/GW15/matches.csv,2026-2027,All,15.0,gameweek,matches,4846
data/2026-2027/By Gameweek/GW16/matches.csv,2026-2027,All,16.0,gameweek,matches,4846
data/2026-2027/By Gameweek/GW17/matches.csv,2026-2027,All,17.0,gameweek,matches,4846
data/2026-2027/By Gameweek/GW18/matches.csv,2026-2027,All,18.0,gameweek,matches,4846
data/2026-2027/By Gameweek/GW19/matches.csv,2026-2027,All,19.0,gameweek,matches,4846
data/2026-2027/By Gameweek/GW20/matches.csv,2026-2027,All,20.0,gameweek,matches,4846
data/2026-2027/By Gameweek/GW21/matches.csv,2026-2027,All,21.0,gameweek,matches,4846
data/2026-2027/By Gameweek/GW22/matches.csv,2026-2027,All,22.0,gameweek,matches,4846
data/2026-2027/By Gameweek/GW23/matches.csv,2026-2027,All,23.0,gameweek,matches,4846
data/2026-2027/By Gameweek/GW24/matches.csv,2026-2027,All,24.0,gameweek,matches,4846
data/2026-2027/By Gameweek/GW25/matches.csv,2026-2027,All,25.0,gameweek,matches,4846
data/2026-2027/By Gameweek/GW26/matches.csv,2026-2027,All,26.0,gameweek,matches,4846
data/2026-2027/By Gameweek/GW27/matches.csv,2026-2027,All,27.0,gameweek,matches,4846
data/2026-2027/By Gameweek/GW28/matches.csv,2026-2027,All,28.0,gameweek,matches,4846
data/2026-2027/By Gameweek/GW29/matches.csv,2026-2027,All,29.0,gameweek,matches,4846
data/2026-2027/By Gameweek/GW30/matches.csv,2026-2027,All,30.0,gameweek,matches,4846
data/2026-2027/By Gameweek/GW31/matches.csv,2026-2027,All,31.0,gameweek,matches,4846
data/2026-2027/By Gameweek/GW32/matches.csv,2026-2027,All,32.0,gameweek,matches,4846
data/2026-2027/By Gameweek/GW33/matches.csv,2026-2027,All,33.0,gameweek,matches,4846
data/2026-2027/By Gameweek/GW34/matches.csv,2026-2027,All,34.0,gameweek,matches,4846
data/2026-2027/By Gameweek/GW35/matches.csv,2026-2027,All,35.0,gameweek,matches,4846
data/2026-2027/By Gameweek/GW36/matches.csv,2026-2027,All,36.0,gameweek,matches,4846
data/2026-2027/By Gameweek/GW37/matches.csv,2026-2027,All,37.0,gameweek,matches,4846
data/2026-2027/By Gameweek/GW38/matches.csv,2026-2027,All,38.0,gameweek,matches,4846
data/2026-2027/By Gameweek/GW1/player_gameweek_stats.csv,2026-2027,All,1.0,gameweek,player_gameweek_stats,153575
data/2026-2027/By Gameweek/GW2/player_gameweek_stats.csv,2026-2027,All,2.0,gameweek,player_gameweek_stats,1390
data/2026-2027/By Gameweek/GW3/player_gameweek_stats.csv,2026-2027,All,3.0,gameweek,player_gameweek_stats,1390
data/2026-2027/By Gameweek/GW4/player_gameweek_stats.csv,2026-2027,All,4.0,gameweek,player_gameweek_stats,1390
data/2026-2027/By Gameweek/GW5/player_gameweek_stats.csv,2026-2027,All,5.0,gameweek,player_gameweek_stats,1390
data/2026-2027/By Gameweek/GW6/player_gameweek_stats.csv,2026-2027,All,6.0,gameweek,player_gameweek_stats,1390
data/2026-2027/By Gameweek/GW7/player_gameweek_stats.csv,2026-2027,All,7.0,gameweek,player_gameweek_stats,1390
data/2026-2027/By Gameweek/GW8/player_gameweek_stats.csv,2026-2027,All,8.0,gameweek,player_gameweek_stats,1390
data/2026-2027/By Gameweek/GW9/player_gameweek_stats.csv,2026-2027,All,9.0,gameweek,player_gameweek_stats,1390
data/2026-2027/By Gameweek/GW10/player_gameweek_stats.csv,2026-2027,All,10.0,gameweek,player_gameweek_stats,1390
data/2026-2027/By Gameweek/GW11/player_gameweek_stats.csv,2026-2027,All,11.0,gameweek,player_gameweek_stats,1390
data/2026-2027/By Gameweek/GW12/player_gameweek_stats.csv,2026-2027,All,12.0,gameweek,player_gameweek_stats,1390
data/2026-2027/By Gameweek/GW13/player_gameweek_stats.csv,2026-2027,All,13.0,gameweek,player_gameweek_stats,1390
data/2026-2027/By Gameweek/GW14/player_gameweek_stats.csv,2026-2027,All,14.0,gameweek,player_gameweek_stats,1390
data/2026-2027/By Gameweek/GW15/player_gameweek_stats.csv,2026-2027,All,15.0,gameweek,player_gameweek_stats,1390
data/2026-2027/By Gameweek/GW16/player_gameweek_stats.csv,2026-2027,All,16.0,gameweek,player_gameweek_stats,1390
data/2026-2027/By Gameweek/GW17/player_gameweek_stats.csv,2026-2027,All,17.0,gameweek,player_gameweek_stats,1390
data/2026-2027/By Gameweek/GW18/player_gameweek_stats.csv,2026-2027,All,18.0,gameweek,player_gameweek_stats,1390
data/2026-2027/By Gameweek/GW19/player_gameweek_stats.csv,2026-2027,All,19.0,gameweek,player_gameweek_stats,1390
data/2026-2027/By Gameweek/GW20/player_gameweek_stats.csv,2026-2027,All,20.0,gameweek,player_gameweek_stats,1390
data/2026-2027/By Gameweek/GW21/player_gameweek_stats.csv,2026-2027,All,21.0,gameweek,player_gameweek_stats,1390
data/2026-2027/By Gameweek/GW22/player_gameweek_stats.csv,2026-2027,All,22.0,gameweek,player_gameweek_stats,1390
data/2026-2027/By Gameweek/GW23/player_gameweek_stats.csv,2026-2027,All,23.0,gameweek,player_gameweek_stats,1390
data/2026-2027/By Gameweek/GW24/player_gameweek_stats.csv,2026-2027,All,24.0,gameweek,player_gameweek_stats,1390
data/2026-2027/By Gameweek/GW25/player_gameweek_stats.csv,2026-2027,All,25.0,gameweek,player_gameweek_stats,1390
data/2026-2027/By Gameweek/GW26/player_gameweek_stats.csv,2026-2027,All,26.0,gameweek,player_gameweek_stats,1390
data/2026-2027/By Gameweek/GW27/player_gameweek_stats.csv,2026-2027,All,27.0,gameweek,player_gameweek_stats,1390
data/2026-2027/By Gameweek/GW28/player_gameweek_stats.csv,2026-2027,All,28.0,gameweek,player_gameweek_stats,1390
data/2026-2027/By Gameweek/GW29/player_gameweek_stats.csv,2026-2027,All,29.0,gameweek,player_gameweek_stats,1390
data/2026-2027/By Gameweek/GW30/player_gameweek_stats.csv,2026-2027,All,30.0,gameweek,player_gameweek_stats,1390
data/2026-2027/By Gameweek/GW31/player_gameweek_stats.csv,2026-2027,All,31.0,gameweek,player_gameweek_stats,1390
data/2026-2027/By Gameweek/GW32/player_gameweek_stats.csv,2026-2027,All,32.0,gameweek,player_gameweek_stats,1390
data/2026-2027/By Gameweek/GW33/player_gameweek_stats.csv,2026-2027,All,33.0,gameweek,player_gameweek_stats,1390
data/2026-2027/By Gameweek/GW34/player_gameweek_stats.csv,2026-2027,All,34.0,gameweek,player_gameweek_stats,1390
data/2026-2027/By Gameweek/GW35/player_gameweek_stats.csv,2026-2027,All,35.0,gameweek,player_gameweek_stats,1390
data/2026-2027/By Gameweek/GW36/player_gameweek_stats.csv,2026-2027,All,36.0,gameweek,player_gameweek_stats,1390
data/2026-2027/By Gameweek/GW37/player_gameweek_stats.csv,2026-2027,All,37.0,gameweek,player_gameweek_stats,1390
data/2026-2027/By Gameweek/GW38/player_gameweek_stats.csv,2026-2027,All,38.0,gameweek,player_gameweek_stats,1390
data/2026-2027/By Gameweek/GW1/playermatchstats.csv,2026-2027,All,1.0,gameweek,playermatchstats,958
data/2026-2027/By Gameweek/GW2/playermatchstats.csv,2026-2027,All,2.0,gameweek,playermatchstats,958
data/2026-2027/By Gameweek/GW3/playermatchstats.csv,2026-2027,All,3.0,gameweek,playermatchstats,958
data/2026-2027/By Gameweek/GW4/playermatchstats.csv,2026-2027,All,4.0,gameweek,playermatchstats,958
data/2026-2027/By Gameweek/GW5/playermatchstats.csv,2026-2027,All,5.0,gameweek,playermatchstats,958
data/2026-2027/By Gameweek/GW6/playermatchstats.csv,2026-2027,All,6.0,gameweek,playermatchstats,958
data/2026-2027/By Gameweek/GW7/playermatchstats.csv,2026-2027,All,7.0,gameweek,playermatchstats,958
data/2026-2027/By Gameweek/GW8/playermatchstats.csv,2026-2027,All,8.0,gameweek,playermatchstats,958
data/2026-2027/By Gameweek/GW9/playermatchstats.csv,2026-2027,All,9.0,gameweek,playermatchstats,958
data/2026-2027/By Gameweek/GW10/playermatchstats.csv,2026-2027,All,10.0,gameweek,playermatchstats,958
data/2026-2027/By Gameweek/GW11/playermatchstats.csv,2026-2027,All,11.0,gameweek,playermatchstats,958
data/2026-2027/By Gameweek/GW12/playermatchstats.csv,2026-2027,All,12.0,gameweek,playermatchstats,958
data/2026-2027/By Gameweek/GW13/playermatchstats.csv,2026-2027,All,13.0,gameweek,playermatchstats,958
data/2026-2027/By Gameweek/GW14/playermatchstats.csv,2026-2027,All,14.0,gameweek,playermatchstats,958
data/2026-2027/By Gameweek/GW15/playermatchstats.csv,2026-2027,All,15.0,gameweek,playermatchstats,958
data/2026-2027/By Gameweek/GW16/playermatchstats.csv,2026-2027,All,16.0,gameweek,playermatchstats,958
data/2026-2027/By Gameweek/GW17/playermatchstats.csv,2026-2027,All,17.0,gameweek,playermatchstats,958
data/2026-2027/By Gameweek/GW18/playermatchstats.csv,2026-2027,All,18.0,gameweek,playermatchstats,958
data/2026-2027/By Gameweek/GW19/playermatchstats.csv,2026-2027,All,19.0,gameweek,playermatchstats,958
data/2026-2027/By Gameweek/GW20/playermatchstats.csv,2026-2027,All,20.0,gameweek,playermatchstats,958
data/2026-2027/By Gameweek/GW21/playermatchstats.csv,2026-2027,All,21.0,gameweek,playermatchstats,958
data/2026-2027/By Gameweek/GW22/playermatchstats.csv,2026-2027,All,22.0,gameweek,playermatchstats,958
data/2026-2027/By Gameweek/GW23/playermatchstats.csv,2026-2027,All,23.0,gameweek,playermatchstats,958
data/2026-2027/By Gameweek/GW24/playermatchstats.csv,2026-2027,All,24.0,gameweek,playermatchstats,958
data/2026-2027/By Gameweek/GW25/playermatchstats.csv,2026-2027,All,25.0,gameweek,playermatchstats,958
data/2026-2027/By Gameweek/GW26/playermatchstats.csv,2026-2027,All,26.0,gameweek,playermatchstats,958
data/2026-2027/By Gameweek/GW27/playermatchstats.csv,2026-2027,All,27.0,gameweek,playermatchstats,958
data/2026-2027/By Gameweek/GW28/playermatchstats.csv,2026-2027,All,28.0,gameweek,playermatchstats,958
data/2026-2027/By Gameweek/GW29/playermatchstats.csv,2026-2027,All,29.0,gameweek,playermatchstats,958
data/2026-2027/By Gameweek/GW30/playermatchstats.csv,2026-2027,All,30.0,gameweek,playermatchstats,958
data/2026-2027/By Gameweek/GW31/playermatchstats.csv,2026-2027,All,31.0,gameweek,playermatchstats,958
data/2026-2027/By Gameweek/GW32/playermatchstats.csv,2026-2027,All,32.0,gameweek,playermatchstats,958
data/2026-2027/By Gameweek/GW33/playermatchstats.csv,2026-2027,All,33.0,gameweek,playermatchstats,958
data/2026-2027/By Gameweek/GW34/playermatchstats.csv,2026-2027,All,34.0,gameweek,playermatchstats,958
data/2026-2027/By Gameweek/GW35/playermatchstats.csv,2026-2027,All,35.0,gameweek,playermatchstats,958
data/2026-2027/By Gameweek/GW36/playermatchstats.csv,2026-2027,All,36.0,gameweek,playermatchstats,958
data/2026-2027/By Gameweek/GW37/playermatchstats.csv,2026-2027,All,37.0,gameweek,playermatchstats,958
data/2026-2027/By Gameweek/GW38/playermatchstats.csv,2026-2027,All,38.0,gameweek,playermatchstats,958
data/2026-2027/By Gameweek/GW1/players.csv,2026-2027,All,1.0,gameweek,players,27226
data/2026-2027/By Gameweek/GW2/players.csv,2026-2027,All,2.0,gameweek,players,27226
data/2026-2027/By Gameweek/GW3/players.csv,2026-2027,All,3.0,gameweek,players,27226
data/2026-2027/By Gameweek/GW4/players.csv,2026-2027,All,4.0,gameweek,players,27226
data/2026-2027/By Gameweek/GW5/players.csv,2026-2027,All,5.0,gameweek,players,27226
data/2026-2027/By Gameweek/GW6/players.csv,2026-2027,All,6.0,gameweek,players,27226
data/2026-2027/By Gameweek/GW7/players.csv,2026-2027,All,7.0,gameweek,players,27226
data/2026-2027/By Gameweek/GW8/players.csv,2026-2027,All,8.0,gameweek,players,27226
data/2026-2027/By Gameweek/GW9/players.csv,2026-2027,All,9.0,gameweek,players,27226
data/2026-2027/By Gameweek/GW10/players.csv,2026-2027,All,10.0,gameweek,players,27226
data/2026-2027/By Gameweek/GW11/players.csv,2026-2027,All,11.0,gameweek,players,27226
data/2026-2027/By Gameweek/GW12/players.csv,2026-2027,All,12.0,gameweek,players,27226
data/2026-2027/By Gameweek/GW13/players.csv,2026-2027,All,13.0,gameweek,players,27226
data/2026-2027/By Gameweek/GW14/players.csv,2026-2027,All,14.0,gameweek,players,27226
data/2026-2027/By Gameweek/GW15/players.csv,2026-2027,All,15.0,gameweek,players,27226
data/2026-2027/By Gameweek/GW16/players.csv,2026-2027,All,16.0,gameweek,players,27226
data/2026-2027/By Gameweek/GW17/players.csv,2026-2027,All,17.0,gameweek,players,27226
data/2026-2027/By Gameweek/GW18/players.csv,2026-2027,All,18.0,gameweek,players,27226
data/2026-2027/By Gameweek/GW19/players.csv,2026-2027,All,19.0,gameweek,players,27226
data/2026-2027/By Gameweek/GW20/players.csv,2026-2027,All,20.0,gameweek,players,27226
data/2026-2027/By Gameweek/GW21/players.csv,2026-2027,All,21.0,gameweek,players,27226
data/2026-2027/By Gameweek/GW22/players.csv,2026-2027,All,22.0,gameweek,players,27226
data/2026-2027/By Gameweek/GW23/players.csv,2026-2027,All,23.0,gameweek,players,27226
data/2026-2027/By Gameweek/GW24/players.csv,2026-2027,All,24.0,gameweek,players,27226
data/2026-2027/By Gameweek/GW25/players.csv,2026-2027,All,25.0,gameweek,players,27226
data/2026-2027/By Gameweek/GW26/players.csv,2026-2027,All,26.0,gameweek,players,27226
data/2026-2027/By Gameweek/GW27/players.csv,2026-2027,All,27.0,gameweek,players,27226
data/2026-2027/By Gameweek/GW28/players.csv,2026-2027,All,28.0,gameweek,players,27226
data/2026-2027/By Gameweek/GW29/players.csv,2026-2027,All,29.0,gameweek,players,27226
data/2026-2027/By Gameweek/GW30/players.csv,2026-2027,All,30.0,gameweek,players,27226
data/2026-2027/By Gameweek/GW31/players.csv,2026-2027,All,31.0,gameweek,players,27226
data/2026-2027/By Gameweek/GW32/players.csv,2026-2027,All,32.0,gameweek,players,27226
data/2026-2027/By Gameweek/GW33/players.csv,2026-2027,All,33.0,gameweek,players,27226
data/2026-2027/By Gameweek/GW34/players.csv,2026-2027,All,34.0,gameweek,players,27226
data/2026-2027/By Gameweek/GW35/players.csv,2026-2027,All,35.0,gameweek,players,27226
data/2026-2027/By Gameweek/GW36/players.csv,2026-2027,All,36.0,gameweek,players,27226
data/2026-2027/By Gameweek/GW37/players.csv,2026-2027,All,37.0,gameweek,players,27226
data/2026-2027/By Gameweek/GW38/players.csv,2026-2027,All,38.0,gameweek,players,27226
data/2026-2027/players.csv,2026-2027,All,,season,players,27226
data/2026-2027/By Gameweek/GW1/playerstats.csv,2026-2027,All,1.0,gameweek,playerstats,153575
data/2026-2027/By Gameweek/GW2/playerstats.csv,2026-2027,All,2.0,gameweek,playerstats,1390
data/2026-2027/By Gameweek/GW3/playerstats.csv,2026-2027,All,3.0,gameweek,playerstats,1390
data/2026-2027/By Gameweek/GW4/playerstats.csv,2026-2027,All,4.0,gameweek,playerstats,1390
data/2026-2027/By Gameweek/GW5/playerstats.csv,2026-2027,All,5.0,gameweek,playerstats,1390
data/2026-2027/By Gameweek/GW6/playerstats.csv,2026-2027,All,6.0,gameweek,playerstats,1390
data/2026-2027/By Gameweek/GW7/playerstats.csv,2026-2027,All,7.0,gameweek,playerstats,1390
data/2026-2027/By Gameweek/GW8/playerstats.csv,2026-2027,All,8.0,gameweek,playerstats,1390
data/2026-2027/By Gameweek/GW9/playerstats.csv,2026-2027,All,9.0,gameweek,playerstats,1390
data/2026-2027/By Gameweek/GW10/playerstats.csv,2026-2027,All,10.0,gameweek,playerstats,1390
data/2026-2027/By Gameweek/GW11/playerstats.csv,2026-2027,All,11.0,gameweek,playerstats,1390
data/2026-2027/By Gameweek/GW12/playerstats.csv,2026-2027,All,12.0,gameweek,playerstats,1390
data/2026-2027/By Gameweek/GW13/playerstats.csv,2026-2027,All,13.0,gameweek,playerstats,1390
data/2026-2027/By Gameweek/GW14/playerstats.csv,2026-2027,All,14.0,gameweek,playerstats,1390
data/2026-2027/By Gameweek/GW15/playerstats.csv,2026-2027,All,15.0,gameweek,playerstats,1390
data/2026-2027/By Gameweek/GW16/playerstats.csv,2026-2027,All,16.0,gameweek,playerstats,1390
data/2026-2027/By Gameweek/GW17/playerstats.csv,2026-2027,All,17.0,gameweek,playerstats,1390
data/2026-2027/By Gameweek/GW18/playerstats.csv,2026-2027,All,18.0,gameweek,playerstats,1390
data/2026-2027/By Gameweek/GW19/playerstats.csv,2026-2027,All,19.0,gameweek,playerstats,1390
data/2026-2027/By Gameweek/GW20/playerstats.csv,2026-2027,All,20.0,gameweek,playerstats,1390
data/2026-2027/By Gameweek/GW21/playerstats.csv,2026-2027,All,21.0,gameweek,playerstats,1390
data/2026-2027/By Gameweek/GW22/playerstats.csv,2026-2027,All,22.0,gameweek,playerstats,1390
data/2026-2027/By Gameweek/GW23/playerstats.csv,2026-2027,All,23.0,gameweek,playerstats,1390
data/2026-2027/By Gameweek/GW24/playerstats.csv,2026-2027,All,24.0,gameweek,playerstats,1390
data/2026-2027/By Gameweek/GW25/playerstats.csv,2026-2027,All,25.0,gameweek,playerstats,1390
data/2026-2027/By Gameweek/GW26/playerstats.csv,2026-2027,All,26.0,gameweek,playerstats,1390
data/2026-2027/By Gameweek/GW27/playerstats.csv,2026-2027,All,27.0,gameweek,playerstats,1390
data/2026-2027/By Gameweek/GW28/playerstats.csv,2026-2027,All,28.0,gameweek,playerstats,1390
data/2026-2027/By Gameweek/GW29/playerstats.csv,2026-2027,All,29.0,gameweek,playerstats,1390
data/2026-2027/By Gameweek/GW30/playerstats.csv,2026-2027,All,30.0,gameweek,playerstats,1390
data/2026-2027/By Gameweek/GW31/playerstats.csv,2026-2027,All,31.0,gameweek,playerstats,1390
data/2026-2027/By Gameweek/GW32/playerstats.csv,2026-2027,All,32.0,gameweek,playerstats,1390
data/2026-2027/By Gameweek/GW33/playerstats.csv,2026-2027,All,33.0,gameweek,playerstats,1390
data/2026-2027/By Gameweek/GW34/playerstats.csv,2026-2027,All,34.0,gameweek,playerstats,1390
data/2026-2027/By Gameweek/GW35/playerstats.csv,2026-2027,All,35.0,gameweek,playerstats,1390
data/2026-2027/By Gameweek/GW36/playerstats.csv,2026-2027,All,36.0,gameweek,playerstats,1390
data/2026-2027/By Gameweek/GW37/playerstats.csv,2026-2027,All,37.0,gameweek,playerstats,1390
data/2026-2027/By Gameweek/GW38/playerstats.csv,2026-2027,All,38.0,gameweek,playerstats,1390
data/2026-2027/playerstats.csv,2026-2027,All,,season,playerstats,153575
data/2026-2027/team_history.csv,2026-2027,All,,season,team_history,199382
data/2026-2027/By Gameweek/GW1/teams.csv,2026-2027,All,1.0,gameweek,teams,926
data/2026-2027/By Gameweek/GW2/teams.csv,2026-2027,All,2.0,gameweek,teams,926
data/2026-2027/By Gameweek/GW3/teams.csv,2026-2027,All,3.0,gameweek,teams,926
data/2026-2027/By Gameweek/GW4/teams.csv,2026-2027,All,4.0,gameweek,teams,926
data/2026-2027/By Gameweek/GW5/teams.csv,2026-2027,All,5.0,gameweek,teams,926
data/2026-2027/By Gameweek/GW6/teams.csv,2026-2027,All,6.0,gameweek,teams,926
data/2026-2027/By Gameweek/GW7/teams.csv,2026-2027,All,7.0,gameweek,teams,926
data/2026-2027/By Gameweek/GW8/teams.csv,2026-2027,All,8.0,gameweek,teams,926
data/2026-2027/By Gameweek/GW9/teams.csv,2026-2027,All,9.0,gameweek,teams,926
data/2026-2027/By Gameweek/GW10/teams.csv,2026-2027,All,10.0,gameweek,teams,926
data/2026-2027/By Gameweek/GW11/teams.csv,2026-2027,All,11.0,gameweek,teams,926
data/2026-2027/By Gameweek/GW12/teams.csv,2026-2027,All,12.0,gameweek,teams,926
data/2026-2027/By Gameweek/GW13/teams.csv,2026-2027,All,13.0,gameweek,teams,926
data/2026-2027/By Gameweek/GW14/teams.csv,2026-2027,All,14.0,gameweek,teams,926
data/2026-2027/By Gameweek/GW15/teams.csv,2026-2027,All,15.0,gameweek,teams,926
data/2026-2027/By Gameweek/GW16/teams.csv,2026-2027,All,16.0,gameweek,teams,926
data/2026-2027/By Gameweek/GW17/teams.csv,2026-2027,All,17.0,gameweek,teams,926
data/2026-2027/By Gameweek/GW18/teams.csv,2026-2027,All,18.0,gameweek,teams,926
data/2026-2027/By Gameweek/GW19/teams.csv,2026-2027,All,19.0,gameweek,teams,926
data/2026-2027/By Gameweek/GW20/teams.csv,2026-2027,All,20.0,gameweek,teams,926
data/2026-2027/By Gameweek/GW21/teams.csv,2026-2027,All,21.0,gameweek,teams,926
data/2026-2027/By Gameweek/GW22/teams.csv,2026-2027,All,22.0,gameweek,teams,926
data/2026-2027/By Gameweek/GW23/teams.csv,2026-2027,All,23.0,gameweek,teams,926
data/2026-2027/By Gameweek/GW24/teams.csv,2026-2027,All,24.0,gameweek,teams,926
data/2026-2027/By Gameweek/GW25/teams.csv,2026-2027,All,25.0,gameweek,teams,926
data/2026-2027/By Gameweek/GW26/teams.csv,2026-2027,All,26.0,gameweek,teams,926
data/2026-2027/By Gameweek/GW27/teams.csv,2026-2027,All,27.0,gameweek,teams,926
data/2026-2027/By Gameweek/GW28/teams.csv,2026-2027,All,28.0,gameweek,teams,926
data/2026-2027/By Gameweek/GW29/teams.csv,2026-2027,All,29.0,gameweek,teams,926
data/2026-2027/By Gameweek/GW30/teams.csv,2026-2027,All,30.0,gameweek,teams,926
data/2026-2027/By Gameweek/GW31/teams.csv,2026-2027,All,31.0,gameweek,teams,926
data/2026-2027/By Gameweek/GW32/teams.csv,2026-2027,All,32.0,gameweek,teams,926
data/2026-2027/By Gameweek/GW33/teams.csv,2026-2027,All,33.0,gameweek,teams,926
data/2026-2027/By Gameweek/GW34/teams.csv,2026-2027,All,34.0,gameweek,teams,926
data/2026-2027/By Gameweek/GW35/teams.csv,2026-2027,All,35.0,gameweek,teams,926
data/2026-2027/By Gameweek/GW36/teams.csv,2026-2027,All,36.0,gameweek,teams,926
data/2026-2027/By Gameweek/GW37/teams.csv,2026-2027,All,37.0,gameweek,teams,926
data/2026-2027/By Gameweek/GW38/teams.csv,2026-2027,All,38.0,gameweek,teams,926
data/2026-2027/teams.csv,2026-2027,All,,season,teams,926
data/2026-2027/By Tournament/Community Shield/GW0/fixtures.csv,2026-2027,Community Shield,0.0,gameweek,fixtures,2519
data/2026-2027/By Tournament/Community Shield/GW0/matches.csv,2026-2027,Community Shield,0.0,gameweek,matches,2519
data/2026-2027/By Tournament/Community Shield/GW0/playermatchstats.csv,2026-2027,Community Shield,0.0,gameweek,playermatchstats,958
data/2026-2027/By Tournament/Community Shield/GW0/players.csv,2026-2027,Community Shield,0.0,gameweek,players,27226
data/2026-2027/By Tournament/Community Shield/GW0/playerstats.csv,2026-2027,Community Shield,0.0,gameweek,playerstats,1390
data/2026-2027/By Tournament/Community Shield/GW0/teams.csv,2026-2027,Community Shield,0.0,gameweek,teams,926
data/2026-2027/By Tournament/Friendlies/GW0/fixtures.csv,2026-2027,Friendlies,0.0,gameweek,fixtures,37070
data/2026-2027/By Tournament/Friendlies/GW0/matches.csv,2026-2027,Friendlies,0.0,gameweek,matches,37070
data/2026-2027/By Tournament/Friendlies/GW0/playermatchstats.csv,2026-2027,Friendlies,0.0,gameweek,playermatchstats,107717
data/2026-2027/By Tournament/Friendlies/GW0/players.csv,2026-2027,Friendlies,0.0,gameweek,players,27226
data/2026-2027/By Tournament/Friendlies/GW0/playerstats.csv,2026-2027,Friendlies,0.0,gameweek,playerstats,1390
data/2026-2027/By Tournament/Friendlies/GW0/teams.csv,2026-2027,Friendlies,0.0,gameweek,teams,926
data/2026-2027/By Tournament/Premier League/GW1/fixtures.csv,2026-2027,Premier League,1.0,gameweek,fixtures,4836
data/2026-2027/By Tournament/Premier League/GW2/fixtures.csv,2026-2027,Premier League,2.0,gameweek,fixtures,4836
data/2026-2027/By Tournament/Premier League/GW3/fixtures.csv,2026-2027,Premier League,3.0,gameweek,fixtures,4836
data/2026-2027/By Tournament/Premier League/GW4/fixtures.csv,2026-2027,Premier League,4.0,gameweek,fixtures,4836
data/2026-2027/By Tournament/Premier League/GW5/fixtures.csv,2026-2027,Premier League,5.0,gameweek,fixtures,4836
data/2026-2027/By Tournament/Premier League/GW6/fixtures.csv,2026-2027,Premier League,6.0,gameweek,fixtures,4836
data/2026-2027/By Tournament/Premier League/GW7/fixtures.csv,2026-2027,Premier League,7.0,gameweek,fixtures,4836
data/2026-2027/By Tournament/Premier League/GW8/fixtures.csv,2026-2027,Premier League,8.0,gameweek,fixtures,4836
data/2026-2027/By Tournament/Premier League/GW9/fixtures.csv,2026-2027,Premier League,9.0,gameweek,fixtures,4836
data/2026-2027/By Tournament/Premier League/GW10/fixtures.csv,2026-2027,Premier League,10.0,gameweek,fixtures,4846
data/2026-2027/By Tournament/Premier League/GW11/fixtures.csv,2026-2027,Premier League,11.0,gameweek,fixtures,4846
data/2026-2027/By Tournament/Premier League/GW12/fixtures.csv,2026-2027,Premier League,12.0,gameweek,fixtures,4846
data/2026-2027/By Tournament/Premier League/GW13/fixtures.csv,2026-2027,Premier League,13.0,gameweek,fixtures,4846
data/2026-2027/By Tournament/Premier League/GW14/fixtures.csv,2026-2027,Premier League,14.0,gameweek,fixtures,4846
data/2026-2027/By Tournament/Premier League/GW15/fixtures.csv,2026-2027,Premier League,15.0,gameweek,fixtures,4846
data/2026-2027/By Tournament/Premier League/GW16/fixtures.csv,2026-2027,Premier League,16.0,gameweek,fixtures,4846
data/2026-2027/By Tournament/Premier League/GW17/fixtures.csv,2026-2027,Premier League,17.0,gameweek,fixtures,4846
data/2026-2027/By Tournament/Premier League/GW18/fixtures.csv,2026-2027,Premier League,18.0,gameweek,fixtures,4846
data/2026-2027/By Tournament/Premier League/GW19/fixtures.csv,2026-2027,Premier League,19.0,gameweek,fixtures,4846
data/2026-2027/By Tournament/Premier League/GW20/fixtures.csv,2026-2027,Premier League,20.0,gameweek,fixtures,4846
data/2026-2027/By Tournament/Premier League/GW21/fixtures.csv,2026-2027,Premier League,21.0,gameweek,fixtures,4846
data/2026-2027/By Tournament/Premier League/GW22/fixtures.csv,2026-2027,Premier League,22.0,gameweek,fixtures,4846
data/2026-2027/By Tournament/Premier League/GW23/fixtures.csv,2026-2027,Premier League,23.0,gameweek,fixtures,4846
data/2026-2027/By Tournament/Premier League/GW24/fixtures.csv,2026-2027,Premier League,24.0,gameweek,fixtures,4846
data/2026-2027/By Tournament/Premier League/GW25/fixtures.csv,2026-2027,Premier League,25.0,gameweek,fixtures,4846
data/2026-2027/By Tournament/Premier League/GW26/fixtures.csv,2026-2027,Premier League,26.0,gameweek,fixtures,4846
data/2026-2027/By Tournament/Premier League/GW27/fixtures.csv,2026-2027,Premier League,27.0,gameweek,fixtures,4846
data/2026-2027/By Tournament/Premier League/GW28/fixtures.csv,2026-2027,Premier League,28.0,gameweek,fixtures,4846
data/2026-2027/By Tournament/Premier League/GW29/fixtures.csv,2026-2027,Premier League,29.0,gameweek,fixtures,4846
data/2026-2027/By Tournament/Premier League/GW30/fixtures.csv,2026-2027,Premier League,30.0,gameweek,fixtures,4846
data/2026-2027/By Tournament/Premier League/GW31/fixtures.csv,2026-2027,Premier League,31.0,gameweek,fixtures,4846
data/2026-2027/By Tournament/Premier League/GW32/fixtures.csv,2026-2027,Premier League,32.0,gameweek,fixtures,4846
data/2026-2027/By Tournament/Premier League/GW33/fixtures.csv,2026-2027,Premier League,33.0,gameweek,fixtures,4846
data/2026-2027/By Tournament/Premier League/GW34/fixtures.csv,2026-2027,Premier League,34.0,gameweek,fixtures,4846
data/2026-2027/By Tournament/Premier League/GW35/fixtures.csv,2026-2027,Premier League,35.0,gameweek,fixtures,4846
data/2026-2027/By Tournament/Premier League/GW36/fixtures.csv,2026-2027,Premier League,36.0,gameweek,fixtures,4846
data/2026-2027/By Tournament/Premier League/GW37/fixtures.csv,2026-2027,Premier League,37.0,gameweek,fixtures,4846
data/2026-2027/By Tournament/Premier League/GW38/fixtures.csv,2026-2027,Premier League,38.0,gameweek,fixtures,4846
data/2026-2027/By Tournament/Premier League/GW1/matches.csv,2026-2027,Premier League,1.0,gameweek,matches,4836
data/2026-2027/By Tournament/Premier League/GW2/matches.csv,2026-2027,Premier League,2.0,gameweek,matches,4836
data/2026-2027/By Tournament/Premier League/GW3/matches.csv,2026-2027,Premier League,3.0,gameweek,matches,4836
data/2026-2027/By Tournament/Premier League/GW4/matches.csv,2026-2027,Premier League,4.0,gameweek,matches,4836
data/2026-2027/By Tournament/Premier League/GW5/matches.csv,2026-2027,Premier League,5.0,gameweek,matches,4836
data/2026-2027/By Tournament/Premier League/GW6/matches.csv,2026-2027,Premier League,6.0,gameweek,matches,4836
data/2026-2027/By Tournament/Premier League/GW7/matches.csv,2026-2027,Premier League,7.0,gameweek,matches,4836
data/2026-2027/By Tournament/Premier League/GW8/matches.csv,2026-2027,Premier League,8.0,gameweek,matches,4836
data/2026-2027/By Tournament/Premier League/GW9/matches.csv,2026-2027,Premier League,9.0,gameweek,matches,4836
data/2026-2027/By Tournament/Premier League/GW10/matches.csv,2026-2027,Premier League,10.0,gameweek,matches,4846
data/2026-2027/By Tournament/Premier League/GW11/matches.csv,2026-2027,Premier League,11.0,gameweek,matches,4846
data/2026-2027/By Tournament/Premier League/GW12/matches.csv,2026-2027,Premier League,12.0,gameweek,matches,4846
data/2026-2027/By Tournament/Premier League/GW13/matches.csv,2026-2027,Premier League,13.0,gameweek,matches,4846
data/2026-2027/By Tournament/Premier League/GW14/matches.csv,2026-2027,Premier League,14.0,gameweek,matches,4846
data/2026-2027/By Tournament/Premier League/GW15/matches.csv,2026-2027,Premier League,15.0,gameweek,matches,4846
data/2026-2027/By Tournament/Premier League/GW16/matches.csv,2026-2027,Premier League,16.0,gameweek,matches,4846
data/2026-2027/By Tournament/Premier League/GW17/matches.csv,2026-2027,Premier League,17.0,gameweek,matches,4846
data/2026-2027/By Tournament/Premier League/GW18/matches.csv,2026-2027,Premier League,18.0,gameweek,matches,4846
data/2026-2027/By Tournament/Premier League/GW19/matches.csv,2026-2027,Premier League,19.0,gameweek,matches,4846
data/2026-2027/By Tournament/Premier League/GW20/matches.csv,2026-2027,Premier League,20.0,gameweek,matches,4846
data/2026-2027/By Tournament/Premier League/GW21/matches.csv,2026-2027,Premier League,21.0,gameweek,matches,4846
data/2026-2027/By Tournament/Premier League/GW22/matches.csv,2026-2027,Premier League,22.0,gameweek,matches,4846
data/2026-2027/By Tournament/Premier League/GW23/matches.csv,2026-2027,Premier League,23.0,gameweek,matches,4846
data/2026-2027/By Tournament/Premier League/GW24/matches.csv,2026-2027,Premier League,24.0,gameweek,matches,4846
data/2026-2027/By Tournament/Premier League/GW25/matches.csv,2026-2027,Premier League,25.0,gameweek,matches,4846
data/2026-2027/By Tournament/Premier League/GW26/matches.csv,2026-2027,Premier League,26.0,gameweek,matches,4846
data/2026-2027/By Tournament/Premier League/GW27/matches.csv,2026-2027,Premier League,27.0,gameweek,matches,4846
data/2026-2027/By Tournament/Premier League/GW28/matches.csv,2026-2027,Premier League,28.0,gameweek,matches,4846
data/2026-2027/By Tournament/Premier League/GW29/matches.csv,2026-2027,Premier League,29.0,gameweek,matches,4846
data/2026-2027/By Tournament/Premier League/GW30/matches.csv,2026-2027,Premier League,30.0,gameweek,matches,4846
data/2026-2027/By Tournament/Premier League/GW31/matches.csv,2026-2027,Premier League,31.0,gameweek,matches,4846
data/2026-2027/By Tournament/Premier League/GW32/matches.csv,2026-2027,Premier League,32.0,gameweek,matches,4846
data/2026-2027/By Tournament/Premier League/GW33/matches.csv,2026-2027,Premier League,33.0,gameweek,matches,4846
data/2026-2027/By Tournament/Premier League/GW34/matches.csv,2026-2027,Premier League,34.0,gameweek,matches,4846
data/2026-2027/By Tournament/Premier League/GW35/matches.csv,2026-2027,Premier League,35.0,gameweek,matches,4846
data/2026-2027/By Tournament/Premier League/GW36/matches.csv,2026-2027,Premier League,36.0,gameweek,matches,4846
data/2026-2027/By Tournament/Premier League/GW37/matches.csv,2026-2027,Premier League,37.0,gameweek,matches,4846
data/2026-2027/By Tournament/Premier League/GW38/matches.csv,2026-2027,Premier League,38.0,gameweek,matches,4846
data/2026-2027/By Tournament/Premier League/GW1/player_gameweek_stats.csv,2026-2027,Premier League,1.0,gameweek,player_gameweek_stats,153575
data/2026-2027/By Tournament/Premier League/GW2/player_gameweek_stats.csv,2026-2027,Premier League,2.0,gameweek,player_gameweek_stats,1390
data/2026-2027/By Tournament/Premier League/GW3/player_gameweek_stats.csv,2026-2027,Premier League,3.0,gameweek,player_gameweek_stats,1390
data/2026-2027/By Tournament/Premier League/GW4/player_gameweek_stats.csv,2026-2027,Premier League,4.0,gameweek,player_gameweek_stats,1390
data/2026-2027/By Tournament/Premier League/GW5/player_gameweek_stats.csv,2026-2027,Premier League,5.0,gameweek,player_gameweek_stats,1390
data/2026-2027/By Tournament/Premier League/GW6/player_gameweek_stats.csv,2026-2027,Premier League,6.0,gameweek,player_gameweek_stats,1390
data/2026-2027/By Tournament/Premier League/GW7/player_gameweek_stats.csv,2026-2027,Premier League,7.0,gameweek,player_gameweek_stats,1390
data/2026-2027/By Tournament/Premier League/GW8/player_gameweek_stats.csv,2026-2027,Premier League,8.0,gameweek,player_gameweek_stats,1390
data/2026-2027/By Tournament/Premier League/GW9/player_gameweek_stats.csv,2026-2027,Premier League,9.0,gameweek,player_gameweek_stats,1390
data/2026-2027/By Tournament/Premier League/GW10/player_gameweek_stats.csv,2026-2027,Premier League,10.0,gameweek,player_gameweek_stats,1390
data/2026-2027/By Tournament/Premier League/GW11/player_gameweek_stats.csv,2026-2027,Premier League,11.0,gameweek,player_gameweek_stats,1390
data/2026-2027/By Tournament/Premier League/GW12/player_gameweek_stats.csv,2026-2027,Premier League,12.0,gameweek,player_gameweek_stats,1390
data/2026-2027/By Tournament/Premier League/GW13/player_gameweek_stats.csv,2026-2027,Premier League,13.0,gameweek,player_gameweek_stats,1390
data/2026-2027/By Tournament/Premier League/GW14/player_gameweek_stats.csv,2026-2027,Premier League,14.0,gameweek,player_gameweek_stats,1390
data/2026-2027/By Tournament/Premier League/GW15/player_gameweek_stats.csv,2026-2027,Premier League,15.0,gameweek,player_gameweek_stats,1390
data/2026-2027/By Tournament/Premier League/GW16/player_gameweek_stats.csv,2026-2027,Premier League,16.0,gameweek,player_gameweek_stats,1390
data/2026-2027/By Tournament/Premier League/GW17/player_gameweek_stats.csv,2026-2027,Premier League,17.0,gameweek,player_gameweek_stats,1390
data/2026-2027/By Tournament/Premier League/GW18/player_gameweek_stats.csv,2026-2027,Premier League,18.0,gameweek,player_gameweek_stats,1390
data/2026-2027/By Tournament/Premier League/GW19/player_gameweek_stats.csv,2026-2027,Premier League,19.0,gameweek,player_gameweek_stats,1390
data/2026-2027/By Tournament/Premier League/GW20/player_gameweek_stats.csv,2026-2027,Premier League,20.0,gameweek,player_gameweek_stats,1390
data/2026-2027/By Tournament/Premier League/GW21/player_gameweek_stats.csv,2026-2027,Premier League,21.0,gameweek,player_gameweek_stats,1390
data/2026-2027/By Tournament/Premier League/GW22/player_gameweek_stats.csv,2026-2027,Premier League,22.0,gameweek,player_gameweek_stats,1390
data/2026-2027/By Tournament/Premier League/GW23/player_gameweek_stats.csv,2026-2027,Premier League,23.0,gameweek,player_gameweek_stats,1390
data/2026-2027/By Tournament/Premier League/GW24/player_gameweek_stats.csv,2026-2027,Premier League,24.0,gameweek,player_gameweek_stats,1390
data/2026-2027/By Tournament/Premier League/GW25/player_gameweek_stats.csv,2026-2027,Premier League,25.0,gameweek,player_gameweek_stats,1390
data/2026-2027/By Tournament/Premier League/GW26/player_gameweek_stats.csv,2026-2027,Premier League,26.0,gameweek,player_gameweek_stats,1390
data/2026-2027/By Tournament/Premier League/GW27/player_gameweek_stats.csv,2026-2027,Premier League,27.0,gameweek,player_gameweek_stats,1390
data/2026-2027/By Tournament/Premier League/GW28/player_gameweek_stats.csv,2026-2027,Premier League,28.0,gameweek,player_gameweek_stats,1390
data/2026-2027/By Tournament/Premier League/GW29/player_gameweek_stats.csv,2026-2027,Premier League,29.0,gameweek,player_gameweek_stats,1390
data/2026-2027/By Tournament/Premier League/GW30/player_gameweek_stats.csv,2026-2027,Premier League,30.0,gameweek,player_gameweek_stats,1390
data/2026-2027/By Tournament/Premier League/GW31/player_gameweek_stats.csv,2026-2027,Premier League,31.0,gameweek,player_gameweek_stats,1390
data/2026-2027/By Tournament/Premier League/GW32/player_gameweek_stats.csv,2026-2027,Premier League,32.0,gameweek,player_gameweek_stats,1390
data/2026-2027/By Tournament/Premier League/GW33/player_gameweek_stats.csv,2026-2027,Premier League,33.0,gameweek,player_gameweek_stats,1390
data/2026-2027/By Tournament/Premier League/GW34/player_gameweek_stats.csv,2026-2027,Premier League,34.0,gameweek,player_gameweek_stats,1390
data/2026-2027/By Tournament/Premier League/GW35/player_gameweek_stats.csv,2026-2027,Premier League,35.0,gameweek,player_gameweek_stats,1390
data/2026-2027/By Tournament/Premier League/GW36/player_gameweek_stats.csv,2026-2027,Premier League,36.0,gameweek,player_gameweek_stats,1390
data/2026-2027/By Tournament/Premier League/GW37/player_gameweek_stats.csv,2026-2027,Premier League,37.0,gameweek,player_gameweek_stats,1390
data/2026-2027/By Tournament/Premier League/GW38/player_gameweek_stats.csv,2026-2027,Premier League,38.0,gameweek,player_gameweek_stats,1390
data/2026-2027/By Tournament/Premier League/GW1/playermatchstats.csv,2026-2027,Premier League,1.0,gameweek,playermatchstats,958
data/2026-2027/By Tournament/Premier League/GW2/playermatchstats.csv,2026-2027,Premier League,2.0,gameweek,playermatchstats,958
data/2026-2027/By Tournament/Premier League/GW3/playermatchstats.csv,2026-2027,Premier League,3.0,gameweek,playermatchstats,958
data/2026-2027/By Tournament/Premier League/GW4/playermatchstats.csv,2026-2027,Premier League,4.0,gameweek,playermatchstats,958
data/2026-2027/By Tournament/Premier League/GW5/playermatchstats.csv,2026-2027,Premier League,5.0,gameweek,playermatchstats,958
data/2026-2027/By Tournament/Premier League/GW6/playermatchstats.csv,2026-2027,Premier League,6.0,gameweek,playermatchstats,958
data/2026-2027/By Tournament/Premier League/GW7/playermatchstats.csv,2026-2027,Premier League,7.0,gameweek,playermatchstats,958
data/2026-2027/By Tournament/Premier League/GW8/playermatchstats.csv,2026-2027,Premier League,8.0,gameweek,playermatchstats,958
data/2026-2027/By Tournament/Premier League/GW9/playermatchstats.csv,2026-2027,Premier League,9.0,gameweek,playermatchstats,958
data/2026-2027/By Tournament/Premier League/GW10/playermatchstats.csv,2026-2027,Premier League,10.0,gameweek,playermatchstats,958
data/2026-2027/By Tournament/Premier League/GW11/playermatchstats.csv,2026-2027,Premier League,11.0,gameweek,playermatchstats,958
data/2026-2027/By Tournament/Premier League/GW12/playermatchstats.csv,2026-2027,Premier League,12.0,gameweek,playermatchstats,958
data/2026-2027/By Tournament/Premier League/GW13/playermatchstats.csv,2026-2027,Premier League,13.0,gameweek,playermatchstats,958
data/2026-2027/By Tournament/Premier League/GW14/playermatchstats.csv,2026-2027,Premier League,14.0,gameweek,playermatchstats,958
data/2026-2027/By Tournament/Premier League/GW15/playermatchstats.csv,2026-2027,Premier League,15.0,gameweek,playermatchstats,958
data/2026-2027/By Tournament/Premier League/GW16/playermatchstats.csv,2026-2027,Premier League,16.0,gameweek,playermatchstats,958
data/2026-2027/By Tournament/Premier League/GW17/playermatchstats.csv,2026-2027,Premier League,17.0,gameweek,playermatchstats,958
data/2026-2027/By Tournament/Premier League/GW18/playermatchstats.csv,2026-2027,Premier League,18.0,gameweek,playermatchstats,958
data/2026-2027/By Tournament/Premier League/GW19/playermatchstats.csv,2026-2027,Premier League,19.0,gameweek,playermatchstats,958
data/2026-2027/By Tournament/Premier League/GW20/playermatchstats.csv,2026-2027,Premier League,20.0,gameweek,playermatchstats,958
data/2026-2027/By Tournament/Premier League/GW21/playermatchstats.csv,2026-2027,Premier League,21.0,gameweek,playermatchstats,958
data/2026-2027/By Tournament/Premier League/GW22/playermatchstats.csv,2026-2027,Premier League,22.0,gameweek,playermatchstats,958
data/2026-2027/By Tournament/Premier League/GW23/playermatchstats.csv,2026-2027,Premier League,23.0,gameweek,playermatchstats,958
data/2026-2027/By Tournament/Premier League/GW24/playermatchstats.csv,2026-2027,Premier League,24.0,gameweek,playermatchstats,958
data/2026-2027/By Tournament/Premier League/GW25/playermatchstats.csv,2026-2027,Premier League,25.0,gameweek,playermatchstats,958
data/2026-2027/By Tournament/Premier League/GW26/playermatchstats.csv,2026-2027,Premier League,26.0,gameweek,playermatchstats,958
data/2026-2027/By Tournament/Premier League/GW27/playermatchstats.csv,2026-2027,Premier League,27.0,gameweek,playermatchstats,958
data/2026-2027/By Tournament/Premier League/GW28/playermatchstats.csv,2026-2027,Premier League,28.0,gameweek,playermatchstats,958
data/2026-2027/By Tournament/Premier League/GW29/playermatchstats.csv,2026-2027,Premier League,29.0,gameweek,playermatchstats,958
data/2026-2027/By Tournament/Premier League/GW30/playermatchstats.csv,2026-2027,Premier League,30.0,gameweek,playermatchstats,958
data/2026-2027/By Tournament/Premier League/GW31/playermatchstats.csv,2026-2027,Premier League,31.0,gameweek,playermatchstats,958
data/2026-2027/By Tournament/Premier League/GW32/playermatchstats.csv,2026-2027,Premier League,32.0,gameweek,playermatchstats,958
data/2026-2027/By Tournament/Premier League/GW33/playermatchstats.csv,2026-2027,Premier League,33.0,gameweek,playermatchstats,958
data/2026-2027/By Tournament/Premier League/GW34/playermatchstats.csv,2026-2027,Premier League,34.0,gameweek,playermatchstats,958
data/2026-2027/By Tournament/Premier League/GW35/playermatchstats.csv,2026-2027,Premier League,35.0,gameweek,playermatchstats,958
data/2026-2027/By Tournament/Premier League/GW36/playermatchstats.csv,2026-2027,Premier League,36.0,gameweek,playermatchstats,958
data/2026-2027/By Tournament/Premier League/GW37/playermatchstats.csv,2026-2027,Premier League,37.0,gameweek,playermatchstats,958
data/2026-2027/By Tournament/Premier League/GW38/playermatchstats.csv,2026-2027,Premier League,38.0,gameweek,playermatchstats,958
data/2026-2027/By Tournament/Premier League/GW1/players.csv,2026-2027,Premier League,1.0,gameweek,players,27226
data/2026-2027/By Tournament/Premier League/GW2/players.csv,2026-2027,Premier League,2.0,gameweek,players,27226
data/2026-2027/By Tournament/Premier League/GW3/players.csv,2026-2027,Premier League,3.0,gameweek,players,27226
data/2026-2027/By Tournament/Premier League/GW4/players.csv,2026-2027,Premier League,4.0,gameweek,players,27226
data/2026-2027/By Tournament/Premier League/GW5/players.csv,2026-2027,Premier League,5.0,gameweek,players,27226
data/2026-2027/By Tournament/Premier League/GW6/players.csv,2026-2027,Premier League,6.0,gameweek,players,27226
data/2026-2027/By Tournament/Premier League/GW7/players.csv,2026-2027,Premier League,7.0,gameweek,players,27226
data/2026-2027/By Tournament/Premier League/GW8/players.csv,2026-2027,Premier League,8.0,gameweek,players,27226
data/2026-2027/By Tournament/Premier League/GW9/players.csv,2026-2027,Premier League,9.0,gameweek,players,27226
data/2026-2027/By Tournament/Premier League/GW10/players.csv,2026-2027,Premier League,10.0,gameweek,players,27226
data/2026-2027/By Tournament/Premier League/GW11/players.csv,2026-2027,Premier League,11.0,gameweek,players,27226
data/2026-2027/By Tournament/Premier League/GW12/players.csv,2026-2027,Premier League,12.0,gameweek,players,27226
data/2026-2027/By Tournament/Premier League/GW13/players.csv,2026-2027,Premier League,13.0,gameweek,players,27226
data/2026-2027/By Tournament/Premier League/GW14/players.csv,2026-2027,Premier League,14.0,gameweek,players,27226
data/2026-2027/By Tournament/Premier League/GW15/players.csv,2026-2027,Premier League,15.0,gameweek,players,27226
data/2026-2027/By Tournament/Premier League/GW16/players.csv,2026-2027,Premier League,16.0,gameweek,players,27226
data/2026-2027/By Tournament/Premier League/GW17/players.csv,2026-2027,Premier League,17.0,gameweek,players,27226
data/2026-2027/By Tournament/Premier League/GW18/players.csv,2026-2027,Premier League,18.0,gameweek,players,27226
data/2026-2027/By Tournament/Premier League/GW19/players.csv,2026-2027,Premier League,19.0,gameweek,players,27226
data/2026-2027/By Tournament/Premier League/GW20/players.csv,2026-2027,Premier League,20.0,gameweek,players,27226
data/2026-2027/By Tournament/Premier League/GW21/players.csv,2026-2027,Premier League,21.0,gameweek,players,27226
data/2026-2027/By Tournament/Premier League/GW22/players.csv,2026-2027,Premier League,22.0,gameweek,players,27226
data/2026-2027/By Tournament/Premier League/GW23/players.csv,2026-2027,Premier League,23.0,gameweek,players,27226
data/2026-2027/By Tournament/Premier League/GW24/players.csv,2026-2027,Premier League,24.0,gameweek,players,27226
data/2026-2027/By Tournament/Premier League/GW25/players.csv,2026-2027,Premier League,25.0,gameweek,players,27226
data/2026-2027/By Tournament/Premier League/GW26/players.csv,2026-2027,Premier League,26.0,gameweek,players,27226
data/2026-2027/By Tournament/Premier League/GW27/players.csv,2026-2027,Premier League,27.0,gameweek,players,27226
data/2026-2027/By Tournament/Premier League/GW28/players.csv,2026-2027,Premier League,28.0,gameweek,players,27226
data/2026-2027/By Tournament/Premier League/GW29/players.csv,2026-2027,Premier League,29.0,gameweek,players,27226
data/2026-2027/By Tournament/Premier League/GW30/players.csv,2026-2027,Premier League,30.0,gameweek,players,27226
data/2026-2027/By Tournament/Premier League/GW31/players.csv,2026-2027,Premier League,31.0,gameweek,players,27226
data/2026-2027/By Tournament/Premier League/GW32/players.csv,2026-2027,Premier League,32.0,gameweek,players,27226
data/2026-2027/By Tournament/Premier League/GW33/players.csv,2026-2027,Premier League,33.0,gameweek,players,27226
data/2026-2027/By Tournament/Premier League/GW34/players.csv,2026-2027,Premier League,34.0,gameweek,players,27226
data/2026-2027/By Tournament/Premier League/GW35/players.csv,2026-2027,Premier League,35.0,gameweek,players,27226
data/2026-2027/By Tournament/Premier League/GW36/players.csv,2026-2027,Premier League,36.0,gameweek,players,27226
data/2026-2027/By Tournament/Premier League/GW37/players.csv,2026-2027,Premier League,37.0,gameweek,players,27226
data/2026-2027/By Tournament/Premier League/GW38/players.csv,2026-2027,Premier League,38.0,gameweek,players,27226
data/2026-2027/By Tournament/Premier League/GW1/playerstats.csv,2026-2027,Premier League,1.0,gameweek,playerstats,153575
data/2026-2027/By Tournament/Premier League/GW2/playerstats.csv,2026-2027,Premier League,2.0,gameweek,playerstats,1390
data/2026-2027/By Tournament/Premier League/GW3/playerstats.csv,2026-2027,Premier League,3.0,gameweek,playerstats,1390
data/2026-2027/By Tournament/Premier League/GW4/playerstats.csv,2026-2027,Premier League,4.0,gameweek,playerstats,1390
data/2026-2027/By Tournament/Premier League/GW5/playerstats.csv,2026-2027,Premier League,5.0,gameweek,playerstats,1390
data/2026-2027/By Tournament/Premier League/GW6/playerstats.csv,2026-2027,Premier League,6.0,gameweek,playerstats,1390
data/2026-2027/By Tournament/Premier League/GW7/playerstats.csv,2026-2027,Premier League,7.0,gameweek,playerstats,1390
data/2026-2027/By Tournament/Premier League/GW8/playerstats.csv,2026-2027,Premier League,8.0,gameweek,playerstats,1390
data/2026-2027/By Tournament/Premier League/GW9/playerstats.csv,2026-2027,Premier League,9.0,gameweek,playerstats,1390
data/2026-2027/By Tournament/Premier League/GW10/playerstats.csv,2026-2027,Premier League,10.0,gameweek,playerstats,1390
data/2026-2027/By Tournament/Premier League/GW11/playerstats.csv,2026-2027,Premier League,11.0,gameweek,playerstats,1390
data/2026-2027/By Tournament/Premier League/GW12/playerstats.csv,2026-2027,Premier League,12.0,gameweek,playerstats,1390
data/2026-2027/By Tournament/Premier League/GW13/playerstats.csv,2026-2027,Premier League,13.0,gameweek,playerstats,1390
data/2026-2027/By Tournament/Premier League/GW14/playerstats.csv,2026-2027,Premier League,14.0,gameweek,playerstats,1390
data/2026-2027/By Tournament/Premier League/GW15/playerstats.csv,2026-2027,Premier League,15.0,gameweek,playerstats,1390
data/2026-2027/By Tournament/Premier League/GW16/playerstats.csv,2026-2027,Premier League,16.0,gameweek,playerstats,1390
data/2026-2027/By Tournament/Premier League/GW17/playerstats.csv,2026-2027,Premier League,17.0,gameweek,playerstats,1390
data/2026-2027/By Tournament/Premier League/GW18/playerstats.csv,2026-2027,Premier League,18.0,gameweek,playerstats,1390
data/2026-2027/By Tournament/Premier League/GW19/playerstats.csv,2026-2027,Premier League,19.0,gameweek,playerstats,1390
data/2026-2027/By Tournament/Premier League/GW20/playerstats.csv,2026-2027,Premier League,20.0,gameweek,playerstats,1390
data/2026-2027/By Tournament/Premier League/GW21/playerstats.csv,2026-2027,Premier League,21.0,gameweek,playerstats,1390
data/2026-2027/By Tournament/Premier League/GW22/playerstats.csv,2026-2027,Premier League,22.0,gameweek,playerstats,1390
data/2026-2027/By Tournament/Premier League/GW23/playerstats.csv,2026-2027,Premier League,23.0,gameweek,playerstats,1390
data/2026-2027/By Tournament/Premier League/GW24/playerstats.csv,2026-2027,Premier League,24.0,gameweek,playerstats,1390
data/2026-2027/By Tournament/Premier League/GW25/playerstats.csv,2026-2027,Premier League,25.0,gameweek,playerstats,1390
data/2026-2027/By Tournament/Premier League/GW26/playerstats.csv,2026-2027,Premier League,26.0,gameweek,playerstats,1390
data/2026-2027/By Tournament/Premier League/GW27/playerstats.csv,2026-2027,Premier League,27.0,gameweek,playerstats,1390
data/2026-2027/By Tournament/Premier League/GW28/playerstats.csv,2026-2027,Premier League,28.0,gameweek,playerstats,1390
data/2026-2027/By Tournament/Premier League/GW29/playerstats.csv,2026-2027,Premier League,29.0,gameweek,playerstats,1390
data/2026-2027/By Tournament/Premier League/GW30/playerstats.csv,2026-2027,Premier League,30.0,gameweek,playerstats,1390
data/2026-2027/By Tournament/Premier League/GW31/playerstats.csv,2026-2027,Premier League,31.0,gameweek,playerstats,1390
data/2026-2027/By Tournament/Premier League/GW32/playerstats.csv,2026-2027,Premier League,32.0,gameweek,playerstats,1390
data/2026-2027/By Tournament/Premier League/GW33/playerstats.csv,2026-2027,Premier League,33.0,gameweek,playerstats,1390
data/2026-2027/By Tournament/Premier League/GW34/playerstats.csv,2026-2027,Premier League,34.0,gameweek,playerstats,1390
data/2026-2027/By Tournament/Premier League/GW35/playerstats.csv,2026-2027,Premier League,35.0,gameweek,playerstats,1390
data/2026-2027/By Tournament/Premier League/GW36/playerstats.csv,2026-2027,Premier League,36.0,gameweek,playerstats,1390
data/2026-2027/By Tournament/Premier League/GW37/playerstats.csv,2026-2027,Premier League,37.0,gameweek,playerstats,1390
data/2026-2027/By Tournament/Premier League/GW38/playerstats.csv,2026-2027,Premier League,38.0,gameweek,playerstats,1390
data/2026-2027/By Tournament/Premier League/GW1/teams.csv,2026-2027,Premier League,1.0,gameweek,teams,926
data/2026-2027/By Tournament/Premier League/GW2/teams.csv,2026-2027,Premier League,2.0,gameweek,teams,926
data/2026-2027/By Tournament/Premier League/GW3/teams.csv,2026-2027,Premier League,3.0,gameweek,teams,926
data/2026-2027/By Tournament/Premier League/GW4/teams.csv,2026-2027,Premier League,4.0,gameweek,teams,926
data/2026-2027/By Tournament/Premier League/GW5/teams.csv,2026-2027,Premier League,5.0,gameweek,teams,926
data/2026-2027/By Tournament/Premier League/GW6/teams.csv,2026-2027,Premier League,6.0,gameweek,teams,926
data/2026-2027/By Tournament/Premier League/GW7/teams.csv,2026-2027,Premier League,7.0,gameweek,teams,926
data/2026-2027/By Tournament/Premier League/GW8/teams.csv,2026-2027,Premier League,8.0,gameweek,teams,926
data/2026-2027/By Tournament/Premier League/GW9/teams.csv,2026-2027,Premier League,9.0,gameweek,teams,926
data/2026-2027/By Tournament/Premier League/GW10/teams.csv,2026-2027,Premier League,10.0,gameweek,teams,926
data/2026-2027/By Tournament/Premier League/GW11/teams.csv,2026-2027,Premier League,11.0,gameweek,teams,926
data/2026-2027/By Tournament/Premier League/GW12/teams.csv,2026-2027,Premier League,12.0,gameweek,teams,926
data/2026-2027/By Tournament/Premier League/GW13/teams.csv,2026-2027,Premier League,13.0,gameweek,teams,926
data/2026-2027/By Tournament/Premier League/GW14/teams.csv,2026-2027,Premier League,14.0,gameweek,teams,926
data/2026-2027/By Tournament/Premier League/GW15/teams.csv,2026-2027,Premier League,15.0,gameweek,teams,926
data/2026-2027/By Tournament/Premier League/GW16/teams.csv,2026-2027,Premier League,16.0,gameweek,teams,926
data/2026-2027/By Tournament/Premier League/GW17/teams.csv,2026-2027,Premier League,17.0,gameweek,teams,926
data/2026-2027/By Tournament/Premier League/GW18/teams.csv,2026-2027,Premier League,18.0,gameweek,teams,926
data/2026-2027/By Tournament/Premier League/GW19/teams.csv,2026-2027,Premier League,19.0,gameweek,teams,926
data/2026-2027/By Tournament/Premier League/GW20/teams.csv,2026-2027,Premier League,20.0,gameweek,teams,926
data/2026-2027/By Tournament/Premier League/GW21/teams.csv,2026-2027,Premier League,21.0,gameweek,teams,926
data/2026-2027/By Tournament/Premier League/GW22/teams.csv,2026-2027,Premier League,22.0,gameweek,teams,926
data/2026-2027/By Tournament/Premier League/GW23/teams.csv,2026-2027,Premier League,23.0,gameweek,teams,926
data/2026-2027/By Tournament/Premier League/GW24/teams.csv,2026-2027,Premier League,24.0,gameweek,teams,926
data/2026-2027/By Tournament/Premier League/GW25/teams.csv,2026-2027,Premier League,25.0,gameweek,teams,926
data/2026-2027/By Tournament/Premier League/GW26/teams.csv,2026-2027,Premier League,26.0,gameweek,teams,926
data/2026-2027/By Tournament/Premier League/GW27/teams.csv,2026-2027,Premier League,27.0,gameweek,teams,926
data/2026-2027/By Tournament/Premier League/GW28/teams.csv,2026-2027,Premier League,28.0,gameweek,teams,926
data/2026-2027/By Tournament/Premier League/GW29/teams.csv,2026-2027,Premier League,29.0,gameweek,teams,926
data/2026-2027/By Tournament/Premier League/GW30/teams.csv,2026-2027,Premier League,30.0,gameweek,teams,926
data/2026-2027/By Tournament/Premier League/GW31/teams.csv,2026-2027,Premier League,31.0,gameweek,teams,926
data/2026-2027/By Tournament/Premier League/GW32/teams.csv,2026-2027,Premier League,32.0,gameweek,teams,926
data/2026-2027/By Tournament/Premier League/GW33/teams.csv,2026-2027,Premier League,33.0,gameweek,teams,926
data/2026-2027/By Tournament/Premier League/GW34/teams.csv,2026-2027,Premier League,34.0,gameweek,teams,926
data/2026-2027/By Tournament/Premier League/GW35/teams.csv,2026-2027,Premier League,35.0,gameweek,teams,926
data/2026-2027/By Tournament/Premier League/GW36/teams.csv,2026-2027,Premier League,36.0,gameweek,teams,926
data/2026-2027/By Tournament/Premier League/GW37/teams.csv,2026-2027,Premier League,37.0,gameweek,teams,926
data/2026-2027/By Tournament/Premier League/GW38/teams.csv,2026-2027,Premier League,38.0,gameweek,teams,926
data/2026-2027/By Tournament/Uefa Super Cup/GW0/fixtures.csv,2026-2027,Uefa Super Cup,0.0,gameweek,fixtures,2527
data/2026-2027/By Tournament/Uefa Super Cup/GW0/matches.csv,2026-2027,Uefa Super Cup,0.0,gameweek,matches,2527
data/2026-2027/By Tournament/Uefa Super Cup/GW0/playermatchstats.csv,2026-2027,Uefa Super Cup,0.0,gameweek,playermatchstats,958
data/2026-2027/By Tournament/Uefa Super Cup/GW0/players.csv,2026-2027,Uefa Super Cup,0.0,gameweek,players,27226
data/2026-2027/By Tournament/Uefa Super Cup/GW0/playerstats.csv,2026-2027,Uefa Super Cup,0.0,gameweek,playerstats,1390
data/2026-2027/By Tournament/Uefa Super Cup/GW0/teams.csv,2026-2027,Uefa Super Cup,0.0,gameweek,teams,926
