match_id,team_code,player_name,is_starter,llm_player_rotation,mem_rotation,shuf_rotation
25-26-prem-aston-villa-vs-leeds-united,7,Cash,1,,0.2,
25-26-prem-aston-villa-vs-leeds-united,7,Digne,0,,0.2,
25-26-prem-aston-villa-vs-leeds-united,7,Konsa,1,,0.0,
25-26-prem-aston-villa-vs-leeds-united,7,Maatsen,1,,0.8,
25-26-prem-aston-villa-vs-leeds-united,7,Mings,1,,0.8,
25-26-prem-aston-villa-vs-leeds-united,7,Bogarde,0,,,
25-26-prem-aston-villa-vs-leeds-united,7,Rogers,1,,0.0,
25-26-prem-aston-villa-vs-leeds-united,7,Buendía,1,,0.8,
25-26-prem-aston-villa-vs-leeds-united,7,Barkley,0,,0.8,
25-26-prem-aston-villa-vs-leeds-united,7,Watkins,1,,0.0,
25-26-prem-aston-villa-vs-leeds-united,7,Sancho,0,,0.8,
25-26-prem-aston-villa-vs-leeds-united,7,Wright,0,,,
25-26-prem-aston-villa-vs-leeds-united,7,Burrowes,0,,,
25-26-prem-aston-villa-vs-leeds-united,7,Proctor,0,,,
25-26-prem-aston-villa-vs-leeds-united,7,Patterson,0,,,
25-26-prem-aston-villa-vs-leeds-united,7,Lindelöf,0,,0.8,
25-26-prem-aston-villa-vs-leeds-united,7,Onana,1,,0.0,
25-26-prem-aston-villa-vs-leeds-united,7,Douglas Luiz,1,,0.0,
25-26-prem-aston-villa-vs-leeds-united,7,Bailey,1,,0.2,
25-26-prem-aston-villa-vs-leeds-united,7,Hollingshead,0,,,
25-26-prem-aston-villa-vs-leeds-united,7,Leon Routh,0,,,
25-26-prem-aston-villa-vs-leeds-united,7,Martinez,1,,0.0,
25-26-prem-aston-villa-vs-leeds-united,7,Carroll,0,,,
25-26-prem-aston-villa-vs-leeds-united,7,Pau,0,,0.0,
25-26-prem-aston-villa-vs-leeds-united,7,A.García,0,,0.8,
25-26-prem-aston-villa-vs-leeds-united,7,George Hemmings,0,,,
25-26-prem-aston-villa-vs-leeds-united,7,Abraham,0,,0.8,
25-26-prem-aston-villa-vs-leeds-united,2,Aaronson,1,,0.2,
25-26-prem-aston-villa-vs-leeds-united,2,James,0,0.2,0.8,
25-26-prem-aston-villa-vs-leeds-united,2,Ampadu,1,,0.0,
25-26-prem-aston-villa-vs-leeds-united,2,Gruev,1,,0.8,
25-26-prem-aston-villa-vs-leeds-united,2,Piroe,0,,0.8,
25-26-prem-aston-villa-vs-leeds-united,2,Nmecha,0,0.8,0.8,
25-26-prem-aston-villa-vs-leeds-united,2,Longstaff,0,,0.8,
25-26-prem-aston-villa-vs-leeds-united,2,Calvert-Lewin,1,0.2,0.0,
25-26-prem-aston-villa-vs-leeds-united,2,Justin,1,,0.0,
25-26-prem-aston-villa-vs-leeds-united,2,Meslier,0,,0.0,
25-26-prem-aston-villa-vs-leeds-united,2,Bijol,0,,0.8,
25-26-prem-aston-villa-vs-leeds-united,2,Tanaka,0,,0.2,
25-26-prem-aston-villa-vs-leeds-united,2,Stach,1,0.2,0.8,
25-26-prem-aston-villa-vs-leeds-united,2,Perri,0,,0.7,
25-26-prem-aston-villa-vs-leeds-united,2,Darlow,1,,0.7,
25-26-prem-aston-villa-vs-leeds-united,2,Bogle,1,,0.0,
25-26-prem-aston-villa-vs-leeds-united,2,Gnonto,0,,0.0,
25-26-prem-aston-villa-vs-leeds-united,2,Chambers,0,,0.8,
25-26-prem-aston-villa-vs-leeds-united,2,Bornauw,0,,0.8,
25-26-prem-aston-villa-vs-leeds-united,2,Byram,0,,0.8,
25-26-prem-aston-villa-vs-leeds-united,2,Gudmundsson,1,,0.8,
25-26-prem-aston-villa-vs-leeds-united,2,Struijk,1,0.2,0.0,
25-26-prem-aston-villa-vs-leeds-united,2,Rodon,1,,0.0,
25-26-prem-aston-villa-vs-leeds-united,2,Buonanotte,0,,0.2,
25-26-prem-aston-villa-vs-leeds-united,2,Cairns,0,,0.7,
25-26-prem-chelsea-vs-burnley,8,Sánchez,1,,0.2,
25-26-prem-chelsea-vs-burnley,8,Jörgensen,0,,0.8,
25-26-prem-chelsea-vs-burnley,8,Gusto,1,0.2,0.2,
25-26-prem-chelsea-vs-burnley,8,B.Badiashile,0,,0.8,
25-26-prem-chelsea-vs-burnley,8,Fofana,1,,0.2,
25-26-prem-chelsea-vs-burnley,8,Tosin,0,,0.2,
25-26-prem-chelsea-vs-burnley,8,Acheampong,0,,0.8,
25-26-prem-chelsea-vs-burnley,8,Palmer,1,0.2,0.0,
25-26-prem-chelsea-vs-burnley,8,Neto,1,,0.2,
25-26-prem-chelsea-vs-burnley,8,Enzo,1,,0.2,
25-26-prem-chelsea-vs-burnley,8,Estêvão,0,,0.2,
25-26-prem-chelsea-vs-burnley,8,Caicedo,1,,0.0,
25-26-prem-chelsea-vs-burnley,8,Andrey Santos,1,,0.8,
25-26-prem-chelsea-vs-burnley,8,João Pedro,1,,0.8,
25-26-prem-chelsea-vs-burnley,8,Marc Guiu,0,,0.8,
25-26-prem-chelsea-vs-burnley,8,Garnacho,0,,0.2,
25-26-prem-chelsea-vs-burnley,8,Hato,0,0.2,0.8,
25-26-prem-chelsea-vs-burnley,8,Emenalo,0,,,
25-26-prem-chelsea-vs-burnley,8,Sharman-Lowe,0,,1.0,
25-26-prem-chelsea-vs-burnley,8,M.Sarr,0,,0.7,
25-26-prem-chelsea-vs-burnley,8,Merrick,0,,,
25-26-prem-chelsea-vs-burnley,8,Chalobah,1,,0.7,
25-26-prem-chelsea-vs-burnley,8,Slonina,0,,0.7,
25-26-prem-chelsea-vs-burnley,8,James,1,0.2,0.8,
25-26-prem-chelsea-vs-burnley,8,Lavia,0,,0.2,
25-26-prem-chelsea-vs-burnley,8,Delap,0,,0.8,
25-26-prem-chelsea-vs-burnley,90,Hladký,0,,0.2,
25-26-prem-chelsea-vs-burnley,90,Edwards,1,,0.2,
25-26-prem-chelsea-vs-burnley,90,Barnes,0,,0.2,
25-26-prem-chelsea-vs-burnley,90,Dúbravka,1,,0.8,
25-26-prem-chelsea-vs-burnley,90,Ward-Prowse,0,,0.2,
25-26-prem-chelsea-vs-burnley,90,Ugochukwu,1,,0.2,
25-26-prem-chelsea-vs-burnley,90,Foster,0,,0.2,
25-26-prem-chelsea-vs-burnley,90,Ekdal,0,,0.2,
25-26-prem-chelsea-vs-burnley,90,Estève,1,,0.2,
25-26-prem-chelsea-vs-burnley,90,Worrall,1,,0.8,
25-26-prem-chelsea-vs-burnley,90,Humphreys,1,,0.8,
25-26-prem-chelsea-vs-burnley,90,Hannibal,1,,0.2,
25-26-prem-chelsea-vs-burnley,90,Laurent,1,,0.2,
25-26-prem-chelsea-vs-burnley,90,Tchaouna,0,,0.2,
25-26-prem-chelsea-vs-burnley,90,Anthony,1,,0.8,
25-26-prem-chelsea-vs-burnley,90,Bruun Larsen,0,,0.8,
25-26-prem-chelsea-vs-burnley,90,Boateng,0,,0.8,
25-26-prem-chelsea-vs-burnley,90,Flemming,1,,0.2,
25-26-prem-chelsea-vs-burnley,90,Florentino,0,,0.8,
25-26-prem-chelsea-vs-burnley,90,Pimlott,0,,,
25-26-prem-chelsea-vs-burnley,90,Brierley,0,,,
25-26-prem-chelsea-vs-burnley,90,Walker,1,,0.8,
25-26-prem-chelsea-vs-burnley,90,Hartman,0,,0.2,
25-26-prem-chelsea-vs-burnley,90,Lucas Pires,0,,0.2,
25-26-prem-chelsea-vs-burnley,90,Weiss,0,,,
25-26-prem-brentford-vs-brighton-hove-albion,94,Collins,0,0.8,0.0,
25-26-prem-brentford-vs-brighton-hove-albion,94,Lewis-Potter,1,,0.0,
25-26-prem-brentford-vs-brighton-hove-albion,94,Ajer,1,,0.2,
25-26-prem-brentford-vs-brighton-hove-albion,94,Henry,1,,0.2,
25-26-prem-brentford-vs-brighton-hove-albion,94,Kayode,0,,0.8,
25-26-prem-brentford-vs-brighton-hove-albion,94,Pinnock,0,0.8,0.0,
25-26-prem-brentford-vs-brighton-hove-albion,94,Van den Berg,1,,0.0,
25-26-prem-brentford-vs-brighton-hove-albion,94,Schade,0,0.8,0.8,
25-26-prem-brentford-vs-brighton-hove-albion,94,Damsgaard,0,,0.0,
25-26-prem-brentford-vs-brighton-hove-albion,94,Henderson,1,,,
25-26-prem-brentford-vs-brighton-hove-albion,94,Janelt,1,,0.0,
25-26-prem-brentford-vs-brighton-hove-albion,94,Thiago,1,,0.8,
25-26-prem-brentford-vs-brighton-hove-albion,94,Nelson,0,0.8,0.8,
25-26-prem-brentford-vs-brighton-hove-albion,94,Bentt,0,,,
25-26-prem-brentford-vs-brighton-hove-albion,94,O.Dango,1,,,
25-26-prem-brentford-vs-brighton-hove-albion,94,Kelleher,1,,0.0,
25-26-prem-brentford-vs-brighton-hove-albion,94,Hickey,1,0.8,1.0,
25-26-prem-brentford-vs-brighton-hove-albion,94,Eyestone,0,,,
25-26-prem-brentford-vs-brighton-hove-albion,94,Valdimarsson,0,0.8,0.8,
25-26-prem-brentford-vs-brighton-hove-albion,94,Jensen,1,0.8,0.8,
25-26-prem-brentford-vs-brighton-hove-albion,94,Yarmoliuk,0,0.8,0.8,
25-26-prem-brentford-vs-brighton-hove-albion,94,Furo,0,0.8,,
25-26-prem-brentford-vs-brighton-hove-albion,94,Donovan,0,0.8,,
25-26-prem-brentford-vs-brighton-hove-albion,94,Balcombe,0,,,
25-26-prem-brentford-vs-brighton-hove-albion,36,Verbruggen,1,,0.0,
25-26-prem-brentford-vs-brighton-hove-albion,36,Boscagli,0,,0.2,
25-26-prem-brentford-vs-brighton-hove-albion,36,Mitoma,1,,0.0,
25-26-prem-brentford-vs-brighton-hove-albion,36,Georginio,0,,0.2,
25-26-prem-brentford-vs-brighton-hove-albion,36,Simmonds,0,,,
25-26-prem-brentford-vs-brighton-hove-albion,36,Groß,1,,,
25-26-prem-brentford-vs-brighton-hove-albion,36,Howell,0,,,
25-26-prem-brentford-vs-brighton-hove-albion,36,Baleba,0,,0.2,
25-26-prem-brentford-vs-brighton-hove-albion,36,Wieffer,1,,0.8,
25-26-prem-brentford-vs-brighton-hove-albion,36,Steele,0,,0.7,
25-26-prem-brentford-vs-brighton-hove-albion,36,Milner,1,,0.8,
25-26-prem-brentford-vs-brighton-hove-albion,36,Welbeck,1,,0.2,
25-26-prem-brentford-vs-brighton-hove-albion,36,F.Kadıoğlu,1,,0.2,
25-26-prem-brentford-vs-brighton-hove-albion,36,Igor,0,,0.8,
25-26-prem-brentford-vs-brighton-hove-albion,36,Tasker,0,,,
25-26-prem-brentford-vs-brighton-hove-albion,36,Hinshelwood,1,,0.2,
25-26-prem-brentford-vs-brighton-hove-albion,36,O'Riley,0,,0.2,
25-26-prem-brentford-vs-brighton-hove-albion,36,Oriola,0,,,
25-26-prem-brentford-vs-brighton-hove-albion,36,McGill,0,,,
25-26-prem-brentford-vs-brighton-hove-albion,36,De Cuyper,0,,0.2,
25-26-prem-brentford-vs-brighton-hove-albion,36,Dunk,1,,0.0,
25-26-prem-brentford-vs-brighton-hove-albion,36,Van Hecke,1,,0.0,
25-26-prem-brentford-vs-brighton-hove-albion,36,Veltman,0,,0.8,
25-26-prem-brentford-vs-brighton-hove-albion,36,March,0,,0.8,
25-26-prem-brentford-vs-brighton-hove-albion,36,Minteh,0,,0.8,
25-26-prem-brentford-vs-brighton-hove-albion,36,Gomez,1,,0.2,
25-26-prem-brentford-vs-brighton-hove-albion,36,Kostoulas,0,,,
25-26-prem-west-ham-united-vs-afc-bournemouth,21,Diouf,1,,0.2,
25-26-prem-west-ham-united-vs-afc-bournemouth,21,Kilman,0,,0.2,
25-26-prem-west-ham-united-vs-afc-bournemouth,21,Mavropanos,1,,0.8,
25-26-prem-west-ham-united-vs-afc-bournemouth,21,Scarles,0,,,
25-26-prem-west-ham-united-vs-afc-bournemouth,21,Wan-Bissaka,1,,0.2,
25-26-prem-west-ham-united-vs-afc-bournemouth,21,Souček,1,,0.2,
25-26-prem-west-ham-united-vs-afc-bournemouth,21,Summerville,1,,0.2,
25-26-prem-west-ham-united-vs-afc-bournemouth,21,Bowen,1,,0.2,
25-26-prem-west-ham-united-vs-afc-bournemouth,21,Hermansen,1,,,
25-26-prem-west-ham-united-vs-afc-bournemouth,21,M.Fernandes,1,,0.2,
25-26-prem-west-ham-united-vs-afc-bournemouth,21,Disasi,1,,0.8,
25-26-prem-west-ham-united-vs-afc-bournemouth,21,Todibo,0,0.2,0.2,
25-26-prem-west-ham-united-vs-afc-bournemouth,21,Walker-Peters,0,,0.2,
25-26-prem-west-ham-united-vs-afc-bournemouth,21,Wilson,0,0.2,,
25-26-prem-west-ham-united-vs-afc-bournemouth,21,Golambeckis,0,,,
25-26-prem-west-ham-united-vs-afc-bournemouth,21,S.Magassa,1,,,
25-26-prem-west-ham-united-vs-afc-bournemouth,21,Fabianski,0,0.8,0.8,
25-26-prem-west-ham-united-vs-afc-bournemouth,21,Mayers,0,,,
25-26-prem-west-ham-united-vs-afc-bournemouth,21,Mohamadou Kanté,0,,0.8,
25-26-prem-west-ham-united-vs-afc-bournemouth,21,Taty,1,,,
25-26-prem-west-ham-united-vs-afc-bournemouth,21,Lamadrid,0,,,
25-26-prem-west-ham-united-vs-afc-bournemouth,21,Adama,0,,,
25-26-prem-west-ham-united-vs-afc-bournemouth,21,Areola,0,,0.2,
25-26-prem-west-ham-united-vs-afc-bournemouth,91,Petrović,1,,0.2,
25-26-prem-west-ham-united-vs-afc-bournemouth,91,McKenna,0,,0.2,
25-26-prem-west-ham-united-vs-afc-bournemouth,91,Senesi,1,,0.2,
25-26-prem-west-ham-united-vs-afc-bournemouth,91,Smith,0,,0.8,
25-26-prem-west-ham-united-vs-afc-bournemouth,91,Truffert,1,,0.2,
25-26-prem-west-ham-united-vs-afc-bournemouth,91,Hill,1,,0.8,
25-26-prem-west-ham-united-vs-afc-bournemouth,91,Evanilson,1,,0.2,
25-26-prem-west-ham-united-vs-afc-bournemouth,91,Enes Ünal,0,,0.8,
25-26-prem-west-ham-united-vs-afc-bournemouth,91,Kroupi.Jr,1,0.2,0.8,0.2
25-26-prem-west-ham-united-vs-afc-bournemouth,91,Milosavljević,0,,,
25-26-prem-west-ham-united-vs-afc-bournemouth,91,Forster,0,,0.7,
25-26-prem-west-ham-united-vs-afc-bournemouth,91,Rayan,1,0.2,0.8,0.2
25-26-prem-west-ham-united-vs-afc-bournemouth,91,Tóth.A,0,,,
25-26-prem-west-ham-united-vs-afc-bournemouth,91,Mandas,0,,0.7,
25-26-prem-west-ham-united-vs-afc-bournemouth,91,Adams,1,0.8,0.8,0.8
25-26-prem-west-ham-united-vs-afc-bournemouth,91,DaCosta,0,,,
25-26-prem-west-ham-united-vs-afc-bournemouth,91,Stevens,0,,0.8,
25-26-prem-west-ham-united-vs-afc-bournemouth,91,Brooks,0,,0.8,
25-26-prem-west-ham-united-vs-afc-bournemouth,91,Akinmboni,0,,,
25-26-prem-west-ham-united-vs-afc-bournemouth,91,Diakité,0,,0.8,
25-26-prem-west-ham-united-vs-afc-bournemouth,91,Adli,1,,0.2,
25-26-prem-west-ham-united-vs-afc-bournemouth,91,A.Jimenez,1,,0.8,
25-26-prem-west-ham-united-vs-afc-bournemouth,91,Rees-Dottin,0,,,
25-26-prem-west-ham-united-vs-afc-bournemouth,91,Bevan,0,,,
25-26-prem-west-ham-united-vs-afc-bournemouth,91,Tavernier,0,0.8,0.2,0.8
25-26-prem-west-ham-united-vs-afc-bournemouth,91,Christie,0,,0.2,
25-26-prem-west-ham-united-vs-afc-bournemouth,91,Cook,0,,0.2,
25-26-prem-west-ham-united-vs-afc-bournemouth,91,Scott,1,,0.8,
25-26-prem-manchester-city-vs-newcastle-united,43,Semenyo,1,,,
25-26-prem-manchester-city-vs-newcastle-united,43,Trafford,0,,0.7,
25-26-prem-manchester-city-vs-newcastle-united,43,Guéhi,1,,0.2,
25-26-prem-manchester-city-vs-newcastle-united,43,Bettinelli,0,,0.7,
25-26-prem-manchester-city-vs-newcastle-united,43,Aït-Nouri,1,,0.2,
25-26-prem-manchester-city-vs-newcastle-united,43,Stones,0,,0.8,
25-26-prem-manchester-city-vs-newcastle-united,43,Lewis,0,,0.2,
25-26-prem-manchester-city-vs-newcastle-united,43,O'Reilly,1,,,
25-26-prem-manchester-city-vs-newcastle-united,43,Savinho,0,0.8,0.2,
25-26-prem-manchester-city-vs-newcastle-united,43,Cherki,0,0.2,0.8,
25-26-prem-manchester-city-vs-newcastle-united,43,Rodrigo,1,,0.0,
25-26-prem-manchester-city-vs-newcastle-united,43,N.Gonzalez,0,,0.8,
25-26-prem-manchester-city-vs-newcastle-united,43,Nypan,0,,,
25-26-prem-manchester-city-vs-newcastle-united,43,Gray,0,,,
25-26-prem-manchester-city-vs-newcastle-united,43,Heskey,0,,,
25-26-prem-manchester-city-vs-newcastle-united,43,Alleyne,0,,,
25-26-prem-manchester-city-vs-newcastle-united,43,Reijnders,0,,0.8,
25-26-prem-manchester-city-vs-newcastle-united,43,Bernardo,1,,0.2,
25-26-prem-manchester-city-vs-newcastle-united,43,Rúben,1,,0.0,
25-26-prem-manchester-city-vs-newcastle-united,43,Marmoush,1,,0.2,
25-26-prem-manchester-city-vs-newcastle-united,43,Foden,0,,0.0,
25-26-prem-manchester-city-vs-newcastle-united,43,McAidoo,0,,,
25-26-prem-manchester-city-vs-newcastle-united,43,Aké,0,,0.8,
25-26-prem-manchester-city-vs-newcastle-united,43,Khusanov,0,,,
25-26-prem-manchester-city-vs-newcastle-united,43,Matheus N.,1,,0.8,
25-26-prem-manchester-city-vs-newcastle-united,43,Haaland,1,0.2,0.0,
25-26-prem-manchester-city-vs-newcastle-united,43,Donnarumma,1,,0.0,
25-26-prem-manchester-city-vs-newcastle-united,4,Wissa,0,,0.2,
25-26-prem-manchester-city-vs-newcastle-united,4,Gillespie,0,,,
25-26-prem-manchester-city-vs-newcastle-united,4,Hall,1,,0.2,
25-26-prem-manchester-city-vs-newcastle-united,4,Botman,0,,0.0,
25-26-prem-manchester-city-vs-newcastle-united,4,Burn,1,,0.8,
25-26-prem-manchester-city-vs-newcastle-united,4,Trippier,1,,0.2,
25-26-prem-manchester-city-vs-newcastle-united,4,A.Murphy,0,,,
25-26-prem-manchester-city-vs-newcastle-united,4,Gordon,1,,0.0,
25-26-prem-manchester-city-vs-newcastle-united,4,Elanga,1,,0.8,
25-26-prem-manchester-city-vs-newcastle-united,4,Barnes,0,,0.8,
25-26-prem-manchester-city-vs-newcastle-united,4,J.Murphy,0,,0.8,
25-26-prem-manchester-city-vs-newcastle-united,4,Joelinton,0,,0.0,
25-26-prem-manchester-city-vs-newcastle-united,4,Tonali,1,,0.0,
25-26-prem-manchester-city-vs-newcastle-united,4,Willock,1,,0.2,
25-26-prem-manchester-city-vs-newcastle-united,4,Osula,0,,0.8,
25-26-prem-manchester-city-vs-newcastle-united,4,Neave,0,,,
25-26-prem-manchester-city-vs-newcastle-united,4,Ramsdale,0,,0.0,
25-26-prem-manchester-city-vs-newcastle-united,4,Thiaw,1,,0.2,
25-26-prem-manchester-city-vs-newcastle-united,4,Seung soo,0,,,
25-26-prem-manchester-city-vs-newcastle-united,4,Woltemade,1,,,
25-26-prem-manchester-city-vs-newcastle-united,4,Shahar,0,,,
25-26-prem-manchester-city-vs-newcastle-united,4,Alabi,0,,,
25-26-prem-manchester-city-vs-newcastle-united,4,J.Ramsey,1,,,
25-26-prem-manchester-city-vs-newcastle-united,4,Pope,1,,0.8,
25-26-prem-manchester-city-vs-newcastle-united,4,Ruddy,0,,,
25-26-prem-manchester-city-vs-newcastle-united,4,Pivas,0,,,
25-26-prem-sunderland-vs-fulham,56,Moore,0,,0.0,
25-26-prem-sunderland-vs-fulham,56,Ballard,1,,0.2,
25-26-prem-sunderland-vs-fulham,56,Hume,1,,0.0,
25-26-prem-sunderland-vs-fulham,56,Cirkin,0,,0.0,
25-26-prem-sunderland-vs-fulham,56,Diarra,1,,0.2,
25-26-prem-sunderland-vs-fulham,56,Aleksić,0,,0.8,
25-26-prem-sunderland-vs-fulham,56,E.Le Fée,1,,0.0,
25-26-prem-sunderland-vs-fulham,56,Mundle,0,,0.2,
25-26-prem-sunderland-vs-fulham,56,Poveda,0,,0.8,
25-26-prem-sunderland-vs-fulham,56,Rigg,0,,0.0,
25-26-prem-sunderland-vs-fulham,56,Sadiki,1,,0.8,
25-26-prem-sunderland-vs-fulham,56,Talbi,0,,0.2,
25-26-prem-sunderland-vs-fulham,56,H.Jones,0,,0.8,
25-26-prem-sunderland-vs-fulham,56,Isidor,0,,0.0,
25-26-prem-sunderland-vs-fulham,56,Mayenda,0,,0.8,
25-26-prem-sunderland-vs-fulham,56,Abdullahi,0,,0.8,
25-26-prem-sunderland-vs-fulham,56,Xhaka,0,,0.2,
25-26-prem-sunderland-vs-fulham,56,Roefs,1,,,
25-26-prem-sunderland-vs-fulham,56,Alderete,1,,0.8,
25-26-prem-sunderland-vs-fulham,56,Mukiele,1,,0.2,
25-26-prem-sunderland-vs-fulham,56,Geertruida,0,,0.0,
25-26-prem-sunderland-vs-fulham,56,Brobbey,1,,0.2,
25-26-prem-sunderland-vs-fulham,56,Jocelin.T,1,,,
25-26-prem-sunderland-vs-fulham,56,Ellborg,0,,,
25-26-prem-sunderland-vs-fulham,56,Angulo,1,,0.8,
25-26-prem-sunderland-vs-fulham,56,Ba,0,,0.8,
25-26-prem-sunderland-vs-fulham,56,O'Nien,0,,0.0,
25-26-prem-sunderland-vs-fulham,56,Jenson Jones,0,,,
25-26-prem-sunderland-vs-fulham,54,J.Cuenca,0,,,
25-26-prem-sunderland-vs-fulham,54,Tete,1,,0.2,
25-26-prem-sunderland-vs-fulham,54,Amissah,0,,,
25-26-prem-sunderland-vs-fulham,54,Iwobi,1,,0.0,
25-26-prem-sunderland-vs-fulham,54,Smith Rowe,1,,0.0,
25-26-prem-sunderland-vs-fulham,54,King,0,,,
25-26-prem-sunderland-vs-fulham,54,Reed,0,,0.8,
25-26-prem-sunderland-vs-fulham,54,Muniz,0,,0.2,
25-26-prem-sunderland-vs-fulham,54,Bobb,0,,0.2,
25-26-prem-sunderland-vs-fulham,54,Ridgeon,0,,,
25-26-prem-sunderland-vs-fulham,54,Robinson,0,,0.0,
25-26-prem-sunderland-vs-fulham,54,Lecomte,0,,,
25-26-prem-sunderland-vs-fulham,54,Kusi-Asare,0,,,
25-26-prem-sunderland-vs-fulham,54,Raúl,1,,0.8,
25-26-prem-sunderland-vs-fulham,54,Andersen,1,,0.0,
25-26-prem-sunderland-vs-fulham,54,Bassey,1,,0.0,
25-26-prem-sunderland-vs-fulham,54,Castagne,0,,0.8,
25-26-prem-sunderland-vs-fulham,54,Diop,0,,0.8,
25-26-prem-sunderland-vs-fulham,54,McNally,0,,,
25-26-prem-sunderland-vs-fulham,54,Kevin,1,,,
25-26-prem-sunderland-vs-fulham,54,Leno,1,,0.0,
25-26-prem-sunderland-vs-fulham,54,Sessegnon,1,,0.8,
25-26-prem-sunderland-vs-fulham,54,Wilson,1,,0.8,
25-26-prem-sunderland-vs-fulham,54,Berge,1,,0.0,
25-26-prem-sunderland-vs-fulham,54,Cairney,0,,0.8,
25-26-prem-sunderland-vs-fulham,54,Lukić,0,,0.2,
25-26-prem-nottingham-forest-vs-liverpool,17,McAtee,0,,0.8,
25-26-prem-nottingham-forest-vs-liverpool,17,Milenković,1,,0.0,
25-26-prem-nottingham-forest-vs-liverpool,17,Murillo,1,,0.0,
25-26-prem-nottingham-forest-vs-liverpool,17,Aina,1,,0.0,
25-26-prem-nottingham-forest-vs-liverpool,17,N.Williams,1,,0.0,
25-26-prem-nottingham-forest-vs-liverpool,17,Jair Cunha,0,,0.8,
25-26-prem-nottingham-forest-vs-liverpool,17,Morato,0,,0.8,
25-26-prem-nottingham-forest-vs-liverpool,17,Abbott,0,,,
25-26-prem-nottingham-forest-vs-liverpool,17,Gibbs-White,1,,0.0,
25-26-prem-nottingham-forest-vs-liverpool,17,Hudson-Odoi,1,,0.0,
25-26-prem-nottingham-forest-vs-liverpool,17,Anderson,1,,0.8,
25-26-prem-nottingham-forest-vs-liverpool,17,Dominguez,0,0.2,0.2,
25-26-prem-nottingham-forest-vs-liverpool,17,Yates,0,,0.2,
25-26-prem-nottingham-forest-vs-liverpool,17,Ndoye,0,,0.8,
25-26-prem-nottingham-forest-vs-liverpool,17,Gunn,0,,,
25-26-prem-nottingham-forest-vs-liverpool,17,Hutchinson,1,,,
25-26-prem-nottingham-forest-vs-liverpool,17,Da Silva Moreira,0,,,
25-26-prem-nottingham-forest-vs-liverpool,17,Ortega Moreno,1,,,
25-26-prem-nottingham-forest-vs-liverpool,17,Sangaré,1,,0.8,
25-26-prem-nottingham-forest-vs-liverpool,17,Igor Jesus,1,,0.2,
25-26-prem-nottingham-forest-vs-liverpool,17,Awoniyi,0,,0.8,
25-26-prem-nottingham-forest-vs-liverpool,17,Bakwa,0,,0.8,
25-26-prem-nottingham-forest-vs-liverpool,17,Lucca,0,0.2,,
25-26-prem-nottingham-forest-vs-liverpool,17,Netz,0,,0.8,
25-26-prem-nottingham-forest-vs-liverpool,14,Mamardashvili,0,,0.8,
25-26-prem-nottingham-forest-vs-liverpool,14,Pécsi,0,,,
25-26-prem-nottingham-forest-vs-liverpool,14,Konaté,1,,0.2,
25-26-prem-nottingham-forest-vs-liverpool,14,Gomez,0,0.2,0.8,
25-26-prem-nottingham-forest-vs-liverpool,14,Wirtz,0,,0.2,
25-26-prem-nottingham-forest-vs-liverpool,14,Gakpo,1,,0.2,
25-26-prem-nottingham-forest-vs-liverpool,14,Chiesa,0,,0.8,
25-26-prem-nottingham-forest-vs-liverpool,14,Mac Allister,1,,0.2,
25-26-prem-nottingham-forest-vs-liverpool,14,Szoboszlai,1,0.2,0.2,
25-26-prem-nottingham-forest-vs-liverpool,14,C.Jones,1,,0.8,
25-26-prem-nottingham-forest-vs-liverpool,14,Gravenberch,1,,0.2,
25-26-prem-nottingham-forest-vs-liverpool,14,Nyoni,0,,,
25-26-prem-nottingham-forest-vs-liverpool,14,Ekitiké,1,,0.8,
25-26-prem-nottingham-forest-vs-liverpool,14,Ngumoha,0,,,
25-26-prem-nottingham-forest-vs-liverpool,14,Lucky,0,,,
25-26-prem-nottingham-forest-vs-liverpool,14,Virgil,1,,0.0,
25-26-prem-nottingham-forest-vs-liverpool,14,Woodman,0,,,
25-26-prem-nottingham-forest-vs-liverpool,14,Nallo,0,,,
25-26-prem-nottingham-forest-vs-liverpool,14,Morrison,0,,,
25-26-prem-nottingham-forest-vs-liverpool,14,A.Becker,1,,0.0,
25-26-prem-nottingham-forest-vs-liverpool,14,Kerkez,1,,0.2,
25-26-prem-nottingham-forest-vs-liverpool,14,Robertson,0,,0.8,
25-26-prem-nottingham-forest-vs-liverpool,14,R.Williams,0,,,
25-26-prem-nottingham-forest-vs-liverpool,14,Ramsay,0,,,
25-26-prem-nottingham-forest-vs-liverpool,14,M.Salah,1,,0.0,
25-26-prem-crystal-palace-vs-wolverhampton-wanderers,31,Henderson,1,,0.0,
25-26-prem-crystal-palace-vs-wolverhampton-wanderers,31,Benitez,0,,,
25-26-prem-crystal-palace-vs-wolverhampton-wanderers,31,Matthews,0,,,
25-26-prem-crystal-palace-vs-wolverhampton-wanderers,31,Muñoz,1,,0.0,
25-26-prem-crystal-palace-vs-wolverhampton-wanderers,31,Lacroix,0,1.0,0.0,
25-26-prem-crystal-palace-vs-wolverhampton-wanderers,31,Mitchell,1,0.2,0.0,
25-26-prem-crystal-palace-vs-wolverhampton-wanderers,31,Sosa,0,,0.8,
25-26-prem-crystal-palace-vs-wolverhampton-wanderers,31,Richards,1,,0.2,
25-26-prem-crystal-palace-vs-wolverhampton-wanderers,31,Chadi Riad,1,0.8,1.0,
25-26-prem-crystal-palace-vs-wolverhampton-wanderers,31,Clyne,0,,0.8,
25-26-prem-crystal-palace-vs-wolverhampton-wanderers,31,Kporha,0,,,
25-26-prem-crystal-palace-vs-wolverhampton-wanderers,31,Sarr,1,,0.2,
25-26-prem-crystal-palace-vs-wolverhampton-wanderers,31,Hughes,1,,0.2,
25-26-prem-crystal-palace-vs-wolverhampton-wanderers,31,Wharton,1,,0.0,
25-26-prem-crystal-palace-vs-wolverhampton-wanderers,31,Devenny,0,,,
25-26-prem-crystal-palace-vs-wolverhampton-wanderers,31,Rodney,0,,,
25-26-prem-crystal-palace-vs-wolverhampton-wanderers,31,Marsh,0,,,
25-26-prem-crystal-palace-vs-wolverhampton-wanderers,31,Guessand,0,,,
25-26-prem-crystal-palace-vs-wolverhampton-wanderers,31,Cardines,0,,,
25-26-prem-crystal-palace-vs-wolverhampton-wanderers,31,Yeremy,1,,,
25-26-prem-crystal-palace-vs-wolverhampton-wanderers,31,Uche,0,,,
25-26-prem-crystal-palace-vs-wolverhampton-wanderers,31,Drakes-Thomas,0,,,
25-26-prem-crystal-palace-vs-wolverhampton-wanderers,31,Benamar,0,,,
25-26-prem-crystal-palace-vs-wolverhampton-wanderers,31,King,0,,,
25-26-prem-crystal-palace-vs-wolverhampton-wanderers,31,Agbinone,0,,,
25-26-prem-crystal-palace-vs-wolverhampton-wanderers,31,Canvot,1,0.2,,
25-26-prem-crystal-palace-vs-wolverhampton-wanderers,31,Johnson,0,,0.2,
25-26-prem-crystal-palace-vs-wolverhampton-wanderers,31,Strand Larsen,1,,,
25-26-prem-crystal-palace-vs-wolverhampton-wanderers,31,Casey,0,,,
25-26-prem-crystal-palace-vs-wolverhampton-wanderers,31,Kamada,0,,0.2,
25-26-prem-crystal-palace-vs-wolverhampton-wanderers,39,Johnstone,0,,0.2,0.8
25-26-prem-crystal-palace-vs-wolverhampton-wanderers,39,José Sá,1,,0.8,
25-26-prem-crystal-palace-vs-wolverhampton-wanderers,39,Bentley,0,,,0.8
25-26-prem-crystal-palace-vs-wolverhampton-wanderers,39,Toti,0,,0.2,
25-26-prem-crystal-palace-vs-wolverhampton-wanderers,39,Bellegarde,1,,0.2,
25-26-prem-crystal-palace-vs-wolverhampton-wanderers,39,Møller Wolfe,0,,0.2,0.8
25-26-prem-crystal-palace-vs-wolverhampton-wanderers,39,Krejčí,1,,0.2,
25-26-prem-crystal-palace-vs-wolverhampton-wanderers,39,Tolu,1,,0.8,
25-26-prem-crystal-palace-vs-wolverhampton-wanderers,39,Pedro Lima,0,,0.8,0.8
25-26-prem-crystal-palace-vs-wolverhampton-wanderers,39,Doherty,0,,0.8,0.8
25-26-prem-crystal-palace-vs-wolverhampton-wanderers,39,H.Bueno,1,,,
25-26-prem-crystal-palace-vs-wolverhampton-wanderers,39,André,1,,0.2,
25-26-prem-crystal-palace-vs-wolverhampton-wanderers,39,Armstrong,1,,0.2,
25-26-prem-crystal-palace-vs-wolverhampton-wanderers,39,J.Gomes,0,,0.2,
25-26-prem-crystal-palace-vs-wolverhampton-wanderers,39,Tchatchoua,1,,0.2,
25-26-prem-crystal-palace-vs-wolverhampton-wanderers,39,Mané,1,,0.8,
25-26-prem-crystal-palace-vs-wolverhampton-wanderers,39,Olagunju,0,,,
25-26-prem-crystal-palace-vs-wolverhampton-wanderers,39,Rawlings,0,,,0.8
25-26-prem-crystal-palace-vs-wolverhampton-wanderers,39,Mosquera,1,,1.0,
25-26-prem-crystal-palace-vs-wolverhampton-wanderers,39,R.Gomes,0,,0.2,
25-26-prem-crystal-palace-vs-wolverhampton-wanderers,39,S.Bueno,1,,,
25-26-prem-crystal-palace-vs-wolverhampton-wanderers,39,Edozie,0,,0.8,0.8
25-26-prem-crystal-palace-vs-wolverhampton-wanderers,39,Gonzalez,0,,0.8,
25-26-prem-crystal-palace-vs-wolverhampton-wanderers,39,Fraser,0,,0.8,
25-26-prem-crystal-palace-vs-wolverhampton-wanderers,39,Sutherland,0,,,
25-26-prem-crystal-palace-vs-wolverhampton-wanderers,39,Abbey,0,,,
25-26-prem-crystal-palace-vs-wolverhampton-wanderers,39,Angel,0,,,
25-26-prem-tottenham-hotspur-vs-arsenal,6,Vicario,1,,0.0,
25-26-prem-tottenham-hotspur-vs-arsenal,6,Austin,0,0.8,,
25-26-prem-tottenham-hotspur-vs-arsenal,6,Kinsky,0,0.8,,
25-26-prem-tottenham-hotspur-vs-arsenal,6,Spence,1,,0.8,
25-26-prem-tottenham-hotspur-vs-arsenal,6,Tel,0,0.8,0.2,
25-26-prem-tottenham-hotspur-vs-arsenal,6,Bissouma,1,,0.2,
25-26-prem-tottenham-hotspur-vs-arsenal,6,Gray,1,,0.2,
25-26-prem-tottenham-hotspur-vs-arsenal,6,P.M.Sarr,1,,0.2,
25-26-prem-tottenham-hotspur-vs-arsenal,6,Solanke,0,0.8,0.0,
25-26-prem-tottenham-hotspur-vs-arsenal,6,Xavi,1,,0.2,
25-26-prem-tottenham-hotspur-vs-arsenal,6,Kolo Muani,1,0.8,0.2,
25-26-prem-tottenham-hotspur-vs-arsenal,6,Dragusin,1,,0.8,
25-26-prem-tottenham-hotspur-vs-arsenal,6,Van de Ven,1,,0.0,
25-26-prem-tottenham-hotspur-vs-arsenal,6,J.Palhinha,1,,0.2,
25-26-prem-tottenham-hotspur-vs-arsenal,6,Rowswell,0,0.8,,
25-26-prem-tottenham-hotspur-vs-arsenal,6,Olusesi,0,0.8,,
25-26-prem-tottenham-hotspur-vs-arsenal,6,Byfield,0,0.8,,
25-26-prem-tottenham-hotspur-vs-arsenal,6,Williams-Barnett,0,0.8,,
25-26-prem-tottenham-hotspur-vs-arsenal,6,Gallagher,1,,0.2,
25-26-prem-tottenham-hotspur-vs-arsenal,6,Souza,0,0.8,,
25-26-prem-tottenham-hotspur-vs-arsenal,6,Kyerematen,0,,,
25-26-prem-tottenham-hotspur-vs-arsenal,3,Nørgaard,0,,,
25-26-prem-tottenham-hotspur-vs-arsenal,3,Zubimendi,1,,0.2,
25-26-prem-tottenham-hotspur-vs-arsenal,3,Havertz,0,,0.8,
25-26-prem-tottenham-hotspur-vs-arsenal,3,G.Jesus,0,,0.8,
25-26-prem-tottenham-hotspur-vs-arsenal,3,Eze,1,,0.8,
25-26-prem-tottenham-hotspur-vs-arsenal,3,Gyökeres,1,,0.2,
25-26-prem-tottenham-hotspur-vs-arsenal,3,Harriman-Annous,0,,,
25-26-prem-tottenham-hotspur-vs-arsenal,3,Trossard,1,,0.8,
25-26-prem-tottenham-hotspur-vs-arsenal,3,Mosquera,0,,,
25-26-prem-tottenham-hotspur-vs-arsenal,3,Clarke,0,,,
25-26-prem-tottenham-hotspur-vs-arsenal,3,J.Timber,1,,0.8,
25-26-prem-tottenham-hotspur-vs-arsenal,3,Lewis-Skelly,0,,,
25-26-prem-tottenham-hotspur-vs-arsenal,3,White,0,,0.0,
25-26-prem-tottenham-hotspur-vs-arsenal,3,Martinelli,0,,0.2,
25-26-prem-tottenham-hotspur-vs-arsenal,3,Nichols,0,,,
25-26-prem-tottenham-hotspur-vs-arsenal,3,Arrizabalaga,0,,0.7,
25-26-prem-tottenham-hotspur-vs-arsenal,3,Ødegaard,0,,0.0,
25-26-prem-tottenham-hotspur-vs-arsenal,3,Madueke,0,,0.8,
25-26-prem-tottenham-hotspur-vs-arsenal,3,Salmon,0,,,
25-26-prem-tottenham-hotspur-vs-arsenal,3,Gabriel,1,,0.0,
25-26-prem-tottenham-hotspur-vs-arsenal,3,Calafiori,0,,0.2,
25-26-prem-tottenham-hotspur-vs-arsenal,3,Saka,1,,0.0,
25-26-prem-tottenham-hotspur-vs-arsenal,3,Rice,1,,0.0,
25-26-prem-tottenham-hotspur-vs-arsenal,3,Hincapie,1,,0.8,
25-26-prem-tottenham-hotspur-vs-arsenal,3,Raya,1,,0.0,
25-26-prem-tottenham-hotspur-vs-arsenal,3,Setford,0,,0.7,
25-26-prem-tottenham-hotspur-vs-arsenal,3,Saliba,1,,0.0,
25-26-prem-everton-vs-manchester-united,11,George,0,0.8,,
25-26-prem-everton-vs-manchester-united,11,Pickford,1,,0.0,
25-26-prem-everton-vs-manchester-united,11,Coleman,0,0.2,0.8,
25-26-prem-everton-vs-manchester-united,11,Keane,1,,0.8,
25-26-prem-everton-vs-manchester-united,11,Alcaraz,0,,0.8,
25-26-prem-everton-vs-manchester-united,11,Beto,0,,0.8,
25-26-prem-everton-vs-manchester-united,11,Dibling,0,,0.2,
25-26-prem-everton-vs-manchester-united,11,Bates,0,,,
25-26-prem-everton-vs-manchester-united,11,Dewsbury-Hall,1,,0.2,
25-26-prem-everton-vs-manchester-united,11,Patterson,0,0.2,0.8,
25-26-prem-everton-vs-manchester-united,11,Welch,0,,,
25-26-prem-everton-vs-manchester-united,11,Ndiaye,1,,0.2,
25-26-prem-everton-vs-manchester-united,11,McNeil,0,,0.0,
25-26-prem-everton-vs-manchester-united,11,Travers,0,,,
25-26-prem-everton-vs-manchester-united,11,King,0,,,
25-26-prem-everton-vs-manchester-united,11,Gana,1,,0.2,
25-26-prem-everton-vs-manchester-united,11,Garner,1,,0.2,
25-26-prem-everton-vs-manchester-united,11,Ebere,0,,,
25-26-prem-everton-vs-manchester-united,11,Barry,1,,,
25-26-prem-everton-vs-manchester-united,11,Aznou,0,,,
25-26-prem-everton-vs-manchester-united,11,Branthwaite,1,,0.0,
25-26-prem-everton-vs-manchester-united,11,Tarkowski,1,,0.0,
25-26-prem-everton-vs-manchester-united,11,Mykolenko,0,,0.0,
25-26-prem-everton-vs-manchester-united,11,Röhl,0,,,
25-26-prem-everton-vs-manchester-united,11,Graham,0,,,
25-26-prem-everton-vs-manchester-united,11,Iroegbunam,1,,0.8,
25-26-prem-everton-vs-manchester-united,11,Armstrong,1,0.8,,
25-26-prem-everton-vs-manchester-united,1,Mbeumo,1,,0.2,
25-26-prem-everton-vs-manchester-united,1,Heaton,0,,,
25-26-prem-everton-vs-manchester-united,1,De Ligt,0,,0.2,
25-26-prem-everton-vs-manchester-united,1,Martinez,0,,0.2,
25-26-prem-everton-vs-manchester-united,1,D.Leon,0,,,
25-26-prem-everton-vs-manchester-united,1,Dalot,1,,0.2,
25-26-prem-everton-vs-manchester-united,1,Maguire,1,,0.8,
25-26-prem-everton-vs-manchester-united,1,Shaw,1,,0.2,
25-26-prem-everton-vs-manchester-united,1,Yoro,1,,0.8,
25-26-prem-everton-vs-manchester-united,1,B.Fernandes,1,,0.0,
25-26-prem-everton-vs-manchester-united,1,Cunha,1,,0.2,
25-26-prem-everton-vs-manchester-united,1,Amad,1,,0.2,
25-26-prem-everton-vs-manchester-united,1,Mount,0,,0.8,
25-26-prem-everton-vs-manchester-united,1,Casemiro,1,,0.2,
25-26-prem-everton-vs-manchester-united,1,Mainoo,1,,0.2,
25-26-prem-everton-vs-manchester-united,1,Ugarte,0,,0.8,
25-26-prem-everton-vs-manchester-united,1,J.Fletcher,0,,,
25-26-prem-everton-vs-manchester-united,1,Zirkzee,0,,0.8,
25-26-prem-everton-vs-manchester-united,1,Obi,0,,,
25-26-prem-everton-vs-manchester-united,1,Šeško,0,,0.2,
25-26-prem-everton-vs-manchester-united,1,Lammens,1,,,
25-26-prem-everton-vs-manchester-united,1,Kukonki,0,,,
25-26-prem-everton-vs-manchester-united,1,Bendito Mantato,0,,,
25-26-prem-everton-vs-manchester-united,1,Fletcher,0,,,
25-26-prem-everton-vs-manchester-united,1,Fitzgerald,0,,,
25-26-prem-everton-vs-manchester-united,1,Mazraoui,0,,0.2,
25-26-prem-everton-vs-manchester-united,1,Fredricson,0,,,
25-26-prem-everton-vs-manchester-united,1,Mee,0,,,
25-26-prem-everton-vs-manchester-united,1,Heaven,0,,,
25-26-prem-everton-vs-manchester-united,1,Malacia,0,,0.8,
25-26-prem-everton-vs-manchester-united,1,Lacey,0,,,
25-26-prem-everton-vs-manchester-united,1,Bayindir,0,,0.8,
25-26-prem-wolverhampton-wanderers-vs-aston-villa,39,Olagunju,0,,,
25-26-prem-wolverhampton-wanderers-vs-aston-villa,39,Rawlings,0,,,
25-26-prem-wolverhampton-wanderers-vs-aston-villa,39,Møller Wolfe,0,,0.0,
25-26-prem-wolverhampton-wanderers-vs-aston-villa,39,Tchatchoua,1,,0.0,
25-26-prem-wolverhampton-wanderers-vs-aston-villa,39,Fraser,0,,0.8,
25-26-prem-wolverhampton-wanderers-vs-aston-villa,39,Armstrong,1,,0.8,
25-26-prem-wolverhampton-wanderers-vs-aston-villa,39,J.Gomes,1,,0.0,
25-26-prem-wolverhampton-wanderers-vs-aston-villa,39,Tolu,0,,,
25-26-prem-wolverhampton-wanderers-vs-aston-villa,39,Hee Chan,0,,0.2,
25-26-prem-wolverhampton-wanderers-vs-aston-villa,39,André,1,,0.0,
25-26-prem-wolverhampton-wanderers-vs-aston-villa,39,Bellegarde,1,,0.2,
25-26-prem-wolverhampton-wanderers-vs-aston-villa,39,Johnstone,0,,,
25-26-prem-wolverhampton-wanderers-vs-aston-villa,39,José Sá,1,,0.2,
25-26-prem-wolverhampton-wanderers-vs-aston-villa,39,Bentley,0,,0.8,
25-26-prem-wolverhampton-wanderers-vs-aston-villa,39,Doherty,0,,0.8,
25-26-prem-wolverhampton-wanderers-vs-aston-villa,39,R.Gomes,0,,,
25-26-prem-wolverhampton-wanderers-vs-aston-villa,39,S.Bueno,1,,0.2,
25-26-prem-wolverhampton-wanderers-vs-aston-villa,39,Toti,1,,0.0,
25-26-prem-wolverhampton-wanderers-vs-aston-villa,39,Pedro Lima,0,,0.8,
25-26-prem-wolverhampton-wanderers-vs-aston-villa,39,Edozie,0,,0.8,
25-26-prem-wolverhampton-wanderers-vs-aston-villa,39,Gonzalez,0,,,
25-26-prem-wolverhampton-wanderers-vs-aston-villa,39,H.Bueno,1,,,
25-26-prem-wolverhampton-wanderers-vs-aston-villa,39,Mosquera,1,,1.0,
25-26-prem-wolverhampton-wanderers-vs-aston-villa,39,Mané,1,,,
25-26-prem-wolverhampton-wanderers-vs-aston-villa,39,Sutherland,0,,,
25-26-prem-wolverhampton-wanderers-vs-aston-villa,39,Abbey,0,,,
25-26-prem-wolverhampton-wanderers-vs-aston-villa,39,Angel,0,,,
25-26-prem-wolverhampton-wanderers-vs-aston-villa,7,Douglas Luiz,1,,0.0,
25-26-prem-wolverhampton-wanderers-vs-aston-villa,7,Mings,0,,0.8,0.8
25-26-prem-wolverhampton-wanderers-vs-aston-villa,7,Pau,1,,0.0,0.8
25-26-prem-wolverhampton-wanderers-vs-aston-villa,7,A.García,0,,,
25-26-prem-wolverhampton-wanderers-vs-aston-villa,7,Sancho,1,,,0.8
25-26-prem-wolverhampton-wanderers-vs-aston-villa,7,Wright,0,,,
25-26-prem-wolverhampton-wanderers-vs-aston-villa,7,Watkins,1,,0.0,0.8
25-26-prem-wolverhampton-wanderers-vs-aston-villa,7,Carroll,0,,,
25-26-prem-wolverhampton-wanderers-vs-aston-villa,7,Barkley,0,,0.8,0.8
25-26-prem-wolverhampton-wanderers-vs-aston-villa,7,Bailey,0,,0.2,0.7
25-26-prem-wolverhampton-wanderers-vs-aston-villa,7,Buendía,1,,0.8,
25-26-prem-wolverhampton-wanderers-vs-aston-villa,7,Onana,1,,0.0,
25-26-prem-wolverhampton-wanderers-vs-aston-villa,7,Leon Routh,0,,,
25-26-prem-wolverhampton-wanderers-vs-aston-villa,7,Alysson,0,,,
25-26-prem-wolverhampton-wanderers-vs-aston-villa,7,Abraham,0,,0.8,0.8
25-26-prem-wolverhampton-wanderers-vs-aston-villa,7,Martinez,1,,0.0,
25-26-prem-wolverhampton-wanderers-vs-aston-villa,7,M.Bizot,0,,0.7,
25-26-prem-wolverhampton-wanderers-vs-aston-villa,7,Cash,1,,0.2,
25-26-prem-wolverhampton-wanderers-vs-aston-villa,7,Digne,1,,0.8,
25-26-prem-wolverhampton-wanderers-vs-aston-villa,7,Konsa,1,,0.0,
25-26-prem-wolverhampton-wanderers-vs-aston-villa,7,Maatsen,0,,0.2,
25-26-prem-wolverhampton-wanderers-vs-aston-villa,7,Bogarde,0,,0.8,
25-26-prem-wolverhampton-wanderers-vs-aston-villa,7,Rogers,1,,0.2,
25-26-prem-wolverhampton-wanderers-vs-aston-villa,7,Burrowes,0,,,
25-26-prem-wolverhampton-wanderers-vs-aston-villa,7,Proctor,0,,,
25-26-prem-wolverhampton-wanderers-vs-aston-villa,7,Patterson,0,,,
25-26-prem-wolverhampton-wanderers-vs-aston-villa,7,Lindelöf,0,,0.8,
25-26-prem-wolverhampton-wanderers-vs-aston-villa,7,George Hemmings,0,,,
25-26-prem-wolverhampton-wanderers-vs-aston-villa,7,Hollingshead,0,,,
25-26-prem-afc-bournemouth-vs-sunderland,91,Rayan,1,,0.2,
25-26-prem-afc-bournemouth-vs-sunderland,91,DaCosta,0,,0.2,
25-26-prem-afc-bournemouth-vs-sunderland,91,Petrović,1,,0.0,
25-26-prem-afc-bournemouth-vs-sunderland,91,McKenna,0,,0.0,
25-26-prem-afc-bournemouth-vs-sunderland,91,Brooks,1,,0.8,
25-26-prem-afc-bournemouth-vs-sunderland,91,Christie,0,0.2,0.0,
25-26-prem-afc-bournemouth-vs-sunderland,91,Cook,0,1.0,0.0,
25-26-prem-afc-bournemouth-vs-sunderland,91,Evanilson,0,,0.0,
25-26-prem-afc-bournemouth-vs-sunderland,91,Enes Ünal,0,,0.8,
25-26-prem-afc-bournemouth-vs-sunderland,91,Forster,0,,,
25-26-prem-afc-bournemouth-vs-sunderland,91,Stevens,0,,0.8,
25-26-prem-afc-bournemouth-vs-sunderland,91,Tóth.A,0,,,
25-26-prem-afc-bournemouth-vs-sunderland,91,Kroupi.Jr,1,,0.8,
25-26-prem-afc-bournemouth-vs-sunderland,91,Tavernier,1,0.2,0.0,
25-26-prem-afc-bournemouth-vs-sunderland,91,Adams,1,0.2,0.8,
25-26-prem-afc-bournemouth-vs-sunderland,91,Senesi,1,,0.0,
25-26-prem-afc-bournemouth-vs-sunderland,91,Smith,0,,0.8,
25-26-prem-afc-bournemouth-vs-sunderland,91,Truffert,1,,0.2,
25-26-prem-afc-bournemouth-vs-sunderland,91,Akinmboni,0,,,
25-26-prem-afc-bournemouth-vs-sunderland,91,Bevan,0,,,
25-26-prem-afc-bournemouth-vs-sunderland,91,Hill,1,,0.8,
25-26-prem-afc-bournemouth-vs-sunderland,91,Scott,1,,0.8,
25-26-prem-afc-bournemouth-vs-sunderland,91,Diakité,0,,0.2,
25-26-prem-afc-bournemouth-vs-sunderland,91,Adli,0,0.8,0.2,
25-26-prem-afc-bournemouth-vs-sunderland,91,A.Jimenez,1,,0.8,
25-26-prem-afc-bournemouth-vs-sunderland,91,Milosavljević,0,,,
25-26-prem-afc-bournemouth-vs-sunderland,91,Mandas,0,,,
25-26-prem-afc-bournemouth-vs-sunderland,91,Rees-Dottin,0,,,
25-26-prem-afc-bournemouth-vs-sunderland,56,O'Nien,0,,0.2,
25-26-prem-afc-bournemouth-vs-sunderland,56,Traoré,0,0.8,0.2,
25-26-prem-afc-bournemouth-vs-sunderland,56,Moore,0,,0.2,
25-26-prem-afc-bournemouth-vs-sunderland,56,Ballard,1,,0.2,
25-26-prem-afc-bournemouth-vs-sunderland,56,Hume,1,,0.2,
25-26-prem-afc-bournemouth-vs-sunderland,56,Diarra,1,,0.8,
25-26-prem-afc-bournemouth-vs-sunderland,56,Aleksić,0,,,
25-26-prem-afc-bournemouth-vs-sunderland,56,E.Le Fée,1,,0.2,
25-26-prem-afc-bournemouth-vs-sunderland,56,Poveda,0,,0.8,
25-26-prem-afc-bournemouth-vs-sunderland,56,Rigg,0,,0.2,
25-26-prem-afc-bournemouth-vs-sunderland,56,Sadiki,1,,,
25-26-prem-afc-bournemouth-vs-sunderland,56,Talbi,1,,0.2,
25-26-prem-afc-bournemouth-vs-sunderland,56,Ba,0,,0.8,
25-26-prem-afc-bournemouth-vs-sunderland,56,H.Jones,0,,,
25-26-prem-afc-bournemouth-vs-sunderland,56,Isidor,0,0.2,0.2,
25-26-prem-afc-bournemouth-vs-sunderland,56,Mayenda,1,0.8,0.8,
25-26-prem-afc-bournemouth-vs-sunderland,56,Abdullahi,0,,,
25-26-prem-afc-bournemouth-vs-sunderland,56,Xhaka,1,0.8,,
25-26-prem-afc-bournemouth-vs-sunderland,56,Roefs,1,,,
25-26-prem-afc-bournemouth-vs-sunderland,56,Alderete,1,,,
25-26-prem-afc-bournemouth-vs-sunderland,56,Geertruida,1,,,
25-26-prem-afc-bournemouth-vs-sunderland,56,Jenson Jones,0,,,
25-26-prem-afc-bournemouth-vs-sunderland,56,Ellborg,0,,,
25-26-prem-afc-bournemouth-vs-sunderland,56,Angulo,0,,,
25-26-prem-burnley-vs-brentford,90,Worrall,1,,0.2,
25-26-prem-burnley-vs-brentford,90,Barnes,0,,0.2,
25-26-prem-burnley-vs-brentford,90,Dúbravka,1,,0.2,
25-26-prem-burnley-vs-brentford,90,Hladký,0,,0.8,
25-26-prem-burnley-vs-brentford,90,Walker,0,,0.2,
25-26-prem-burnley-vs-brentford,90,Ekdal,0,,0.2,
25-26-prem-burnley-vs-brentford,90,Estève,1,,0.2,
25-26-prem-burnley-vs-brentford,90,Hartman,0,,0.2,
25-26-prem-burnley-vs-brentford,90,Humphreys,1,,0.8,
25-26-prem-burnley-vs-brentford,90,Bruun Larsen,1,,0.2,
25-26-prem-burnley-vs-brentford,90,Boateng,0,,0.8,
25-26-prem-burnley-vs-brentford,90,Edwards,0,,0.8,
25-26-prem-burnley-vs-brentford,90,Florentino,0,,0.2,
25-26-prem-burnley-vs-brentford,90,Pimlott,0,,,
25-26-prem-burnley-vs-brentford,90,Brierley,0,,,
25-26-prem-burnley-vs-brentford,90,Foster,0,,0.2,
25-26-prem-burnley-vs-brentford,90,Ward-Prowse,1,,0.2,
25-26-prem-burnley-vs-brentford,90,Ugochukwu,0,,0.2,
25-26-prem-burnley-vs-brentford,90,Weiss,0,,0.8,
25-26-prem-burnley-vs-brentford,90,Lucas Pires,1,,0.2,
25-26-prem-burnley-vs-brentford,90,Anthony,1,,0.2,
25-26-prem-burnley-vs-brentford,90,Hannibal,1,,0.8,
25-26-prem-burnley-vs-brentford,90,Laurent,1,,0.8,
25-26-prem-burnley-vs-brentford,90,Tchaouna,0,,0.8,
25-26-prem-burnley-vs-brentford,90,Flemming,1,,0.2,
25-26-prem-burnley-vs-brentford,94,Damsgaard,1,,0.2,
25-26-prem-burnley-vs-brentford,94,Thiago,1,,0.2,
25-26-prem-burnley-vs-brentford,94,Furo,0,,0.8,
25-26-prem-burnley-vs-brentford,94,Hickey,0,0.8,0.8,
25-26-prem-burnley-vs-brentford,94,Henderson,0,,,
25-26-prem-burnley-vs-brentford,94,Janelt,0,,0.0,
25-26-prem-burnley-vs-brentford,94,Yarmoliuk,1,,0.8,
25-26-prem-burnley-vs-brentford,94,Bentt,0,,,
25-26-prem-burnley-vs-brentford,94,Nelson,0,,0.2,
25-26-prem-burnley-vs-brentford,94,O.Dango,1,,,
25-26-prem-burnley-vs-brentford,94,Kelleher,0,,0.0,
25-26-prem-burnley-vs-brentford,94,Balcombe,0,,0.7,
25-26-prem-burnley-vs-brentford,94,Eyestone,0,,0.7,
25-26-prem-burnley-vs-brentford,94,Valdimarsson,1,,0.7,
25-26-prem-burnley-vs-brentford,94,Collins,0,,0.0,
25-26-prem-burnley-vs-brentford,94,Lewis-Potter,0,,0.2,
25-26-prem-burnley-vs-brentford,94,Ajer,1,,0.2,
25-26-prem-burnley-vs-brentford,94,Henry,1,,0.2,
25-26-prem-burnley-vs-brentford,94,Kayode,1,0.8,,
25-26-prem-burnley-vs-brentford,94,Pinnock,0,,0.0,
25-26-prem-burnley-vs-brentford,94,Van den Berg,1,,0.2,
25-26-prem-burnley-vs-brentford,94,Schade,1,,0.8,
25-26-prem-burnley-vs-brentford,94,Jensen,1,,0.2,
25-26-prem-burnley-vs-brentford,94,Donovan,0,,,
25-26-prem-liverpool-vs-west-ham-united,14,Lucky,0,,,
25-26-prem-liverpool-vs-west-ham-united,14,Pécsi,0,,,
25-26-prem-liverpool-vs-west-ham-united,14,Kerkez,1,,0.2,
25-26-prem-liverpool-vs-west-ham-united,14,Virgil,1,,0.0,
25-26-prem-liverpool-vs-west-ham-united,14,Konaté,1,,0.0,
25-26-prem-liverpool-vs-west-ham-united,14,M.Salah,1,,0.0,
25-26-prem-liverpool-vs-west-ham-united,14,Wirtz,0,1.0,0.0,
25-26-prem-liverpool-vs-west-ham-united,14,A.Becker,1,,0.0,
25-26-prem-liverpool-vs-west-ham-united,14,Mamardashvili,0,,0.8,
25-26-prem-liverpool-vs-west-ham-united,14,Woodman,0,,,
25-26-prem-liverpool-vs-west-ham-united,14,Gomez,1,0.8,0.8,
25-26-prem-liverpool-vs-west-ham-united,14,Robertson,0,,0.2,
25-26-prem-liverpool-vs-west-ham-united,14,Morrison,0,,,
25-26-prem-liverpool-vs-west-ham-united,14,Nyoni,0,,0.8,
25-26-prem-liverpool-vs-west-ham-united,14,Frimpong,0,0.2,0.2,
25-26-prem-liverpool-vs-west-ham-united,14,Nallo,0,,0.8,
25-26-prem-liverpool-vs-west-ham-united,14,R.Williams,0,,0.8,
25-26-prem-liverpool-vs-west-ham-united,14,Ramsay,0,,0.8,
25-26-prem-liverpool-vs-west-ham-united,14,Gakpo,1,,0.2,
25-26-prem-liverpool-vs-west-ham-united,14,Chiesa,0,,0.8,
25-26-prem-liverpool-vs-west-ham-united,14,Mac Allister,1,,0.0,
25-26-prem-liverpool-vs-west-ham-united,14,Szoboszlai,1,0.2,0.0,
25-26-prem-liverpool-vs-west-ham-united,14,C.Jones,0,0.8,0.8,
25-26-prem-liverpool-vs-west-ham-united,14,Gravenberch,1,,0.0,
25-26-prem-liverpool-vs-west-ham-united,14,Ngumoha,0,,0.8,
25-26-prem-liverpool-vs-west-ham-united,14,Ekitiké,1,,0.8,
25-26-prem-liverpool-vs-west-ham-united,21,Lamadrid,0,,0.8,
25-26-prem-liverpool-vs-west-ham-united,21,Disasi,1,,0.2,
25-26-prem-liverpool-vs-west-ham-united,21,Bowen,1,,0.0,
25-26-prem-liverpool-vs-west-ham-united,21,Wilson,0,,0.8,
25-26-prem-liverpool-vs-west-ham-united,21,S.Magassa,1,,0.8,
25-26-prem-liverpool-vs-west-ham-united,21,Adama,0,,0.8,
25-26-prem-liverpool-vs-west-ham-united,21,Areola,0,,0.0,
25-26-prem-liverpool-vs-west-ham-united,21,Diouf,1,,0.8,
25-26-prem-liverpool-vs-west-ham-united,21,Kilman,0,,0.0,
25-26-prem-liverpool-vs-west-ham-united,21,Mavropanos,1,,0.8,
25-26-prem-liverpool-vs-west-ham-united,21,Scarles,0,,,
25-26-prem-liverpool-vs-west-ham-united,21,Todibo,0,,0.0,
25-26-prem-liverpool-vs-west-ham-united,21,Wan-Bissaka,1,,0.0,
25-26-prem-liverpool-vs-west-ham-united,21,Souček,1,,0.2,
25-26-prem-liverpool-vs-west-ham-united,21,Summerville,1,,0.2,
25-26-prem-liverpool-vs-west-ham-united,21,Walker-Peters,0,,0.2,
25-26-prem-liverpool-vs-west-ham-united,21,Hermansen,1,,,
25-26-prem-liverpool-vs-west-ham-united,21,M.Fernandes,1,,0.8,
25-26-prem-liverpool-vs-west-ham-united,21,Fabianski,0,,0.8,
25-26-prem-liverpool-vs-west-ham-united,21,Mayers,0,,,
25-26-prem-liverpool-vs-west-ham-united,21,Golambeckis,0,,,
25-26-prem-liverpool-vs-west-ham-united,21,Mohamadou Kanté,0,,,
25-26-prem-liverpool-vs-west-ham-united,21,Taty,1,,0.2,
25-26-prem-newcastle-united-vs-everton,4,Osula,0,,0.8,
25-26-prem-newcastle-united-vs-everton,4,Woltemade,1,,,
25-26-prem-newcastle-united-vs-everton,4,Neave,0,,,
25-26-prem-newcastle-united-vs-everton,4,Hall,1,,0.0,
25-26-prem-newcastle-united-vs-everton,4,Shahar,0,,,
25-26-prem-newcastle-united-vs-everton,4,Alabi,0,,,
25-26-prem-newcastle-united-vs-everton,4,Pivas,0,,,
25-26-prem-newcastle-united-vs-everton,4,J.Ramsey,1,,,
25-26-prem-newcastle-united-vs-everton,4,Wissa,0,,0.2,
25-26-prem-newcastle-united-vs-everton,4,Pope,1,,0.0,
25-26-prem-newcastle-united-vs-everton,4,Gillespie,0,,0.7,
25-26-prem-newcastle-united-vs-everton,4,Botman,0,,0.0,
25-26-prem-newcastle-united-vs-everton,4,Burn,1,,0.8,
25-26-prem-newcastle-united-vs-everton,4,Trippier,1,,0.2,
25-26-prem-newcastle-united-vs-everton,4,A.Murphy,0,,,
25-26-prem-newcastle-united-vs-everton,4,Gordon,1,,0.0,
25-26-prem-newcastle-united-vs-everton,4,Elanga,1,,0.8,
25-26-prem-newcastle-united-vs-everton,4,Barnes,0,,0.8,
25-26-prem-newcastle-united-vs-everton,4,J.Murphy,0,,0.8,
25-26-prem-newcastle-united-vs-everton,4,Joelinton,1,,0.0,
25-26-prem-newcastle-united-vs-everton,4,Tonali,1,,0.0,
25-26-prem-newcastle-united-vs-everton,4,Willock,0,,0.2,
25-26-prem-newcastle-united-vs-everton,4,Ramsdale,0,,0.7,
25-26-prem-newcastle-united-vs-everton,4,Thiaw,1,,0.0,
25-26-prem-newcastle-united-vs-everton,4,Seung soo,0,,,
25-26-prem-newcastle-united-vs-everton,4,Ruddy,0,,0.7,
25-26-prem-newcastle-united-vs-everton,11,Coleman,0,,0.8,
25-26-prem-newcastle-united-vs-everton,11,Beto,1,,0.2,
25-26-prem-newcastle-united-vs-everton,11,Travers,0,,,
25-26-prem-newcastle-united-vs-everton,11,Tarkowski,1,,0.0,
25-26-prem-newcastle-united-vs-everton,11,Mykolenko,1,0.8,0.0,
25-26-prem-newcastle-united-vs-everton,11,Keane,0,0.8,0.8,
25-26-prem-newcastle-united-vs-everton,11,O'Brien,1,0.2,0.8,
25-26-prem-newcastle-united-vs-everton,11,Dewsbury-Hall,1,,0.2,
25-26-prem-newcastle-united-vs-everton,11,George,0,0.7,,
25-26-prem-newcastle-united-vs-everton,11,Pickford,1,,0.0,
25-26-prem-newcastle-united-vs-everton,11,Branthwaite,1,0.8,0.0,
25-26-prem-newcastle-united-vs-everton,11,Patterson,0,,0.8,
25-26-prem-newcastle-united-vs-everton,11,Welch,0,,,
25-26-prem-newcastle-united-vs-everton,11,Ndiaye,1,,0.0,
25-26-prem-newcastle-united-vs-everton,11,McNeil,1,,0.0,
25-26-prem-newcastle-united-vs-everton,11,Alcaraz,0,1.0,,
25-26-prem-newcastle-united-vs-everton,11,Gana,1,,0.2,
25-26-prem-newcastle-united-vs-everton,11,Garner,1,0.2,0.8,
25-26-prem-newcastle-united-vs-everton,11,Iroegbunam,0,,0.8,
25-26-prem-newcastle-united-vs-everton,11,Armstrong,0,0.2,,
25-26-prem-newcastle-united-vs-everton,11,Bates,0,,,
25-26-prem-newcastle-united-vs-everton,11,Ebere,0,,,
25-26-prem-newcastle-united-vs-everton,11,Barry,0,,,
25-26-prem-newcastle-united-vs-everton,11,King,0,,,
25-26-prem-newcastle-united-vs-everton,11,Aznou,0,,,
25-26-prem-newcastle-united-vs-everton,11,Röhl,0,,,
25-26-prem-newcastle-united-vs-everton,11,Graham,0,,,
25-26-prem-newcastle-united-vs-everton,11,Dibling,0,,0.2,
25-26-prem-leeds-united-vs-manchester-city,2,James,0,,0.8,
25-26-prem-leeds-united-vs-manchester-city,2,Ampadu,1,,0.0,
25-26-prem-leeds-united-vs-manchester-city,2,Stach,1,,0.8,
25-26-prem-leeds-united-vs-manchester-city,2,Perri,0,,,
25-26-prem-leeds-united-vs-manchester-city,2,Justin,1,,,
25-26-prem-leeds-united-vs-manchester-city,2,Buonanotte,0,,0.2,
25-26-prem-leeds-united-vs-manchester-city,2,Gruev,1,,0.8,
25-26-prem-leeds-united-vs-manchester-city,2,Piroe,0,,0.8,
25-26-prem-leeds-united-vs-manchester-city,2,Meslier,0,,0.0,
25-26-prem-leeds-united-vs-manchester-city,2,Cairns,0,,,
25-26-prem-leeds-united-vs-manchester-city,2,Darlow,1,,,
25-26-prem-leeds-united-vs-manchester-city,2,Bogle,1,,0.2,
25-26-prem-leeds-united-vs-manchester-city,2,Struijk,1,,0.0,
25-26-prem-leeds-united-vs-manchester-city,2,Bijol,0,,0.2,
25-26-prem-leeds-united-vs-manchester-city,2,Bornauw,0,,0.8,
25-26-prem-leeds-united-vs-manchester-city,2,Byram,0,,0.8,
25-26-prem-leeds-united-vs-manchester-city,2,Gudmundsson,1,,0.8,
25-26-prem-leeds-united-vs-manchester-city,2,Rodon,1,,0.0,
25-26-prem-leeds-united-vs-manchester-city,2,Aaronson,1,,0.2,
25-26-prem-leeds-united-vs-manchester-city,2,Gnonto,0,,0.0,
25-26-prem-leeds-united-vs-manchester-city,2,Tanaka,0,,0.2,
25-26-prem-leeds-united-vs-manchester-city,2,Nmecha,0,,0.8,
25-26-prem-leeds-united-vs-manchester-city,2,Longstaff,0,,0.8,
25-26-prem-leeds-united-vs-manchester-city,2,Calvert-Lewin,1,,0.2,
25-26-prem-leeds-united-vs-manchester-city,2,Chambers,0,,0.8,
25-26-prem-leeds-united-vs-manchester-city,43,Rodrigo,1,,0.0,
25-26-prem-leeds-united-vs-manchester-city,43,Semenyo,1,,,
25-26-prem-leeds-united-vs-manchester-city,43,Guéhi,1,,0.2,
25-26-prem-leeds-united-vs-manchester-city,43,Bettinelli,0,,0.7,
25-26-prem-leeds-united-vs-manchester-city,43,Rúben,1,,0.0,
25-26-prem-leeds-united-vs-manchester-city,43,Stones,0,,0.8,
25-26-prem-leeds-united-vs-manchester-city,43,Lewis,0,,0.2,
25-26-prem-leeds-united-vs-manchester-city,43,O'Reilly,1,,,
25-26-prem-leeds-united-vs-manchester-city,43,Aït-Nouri,1,,0.2,
25-26-prem-leeds-united-vs-manchester-city,43,Aké,0,,0.8,
25-26-prem-leeds-united-vs-manchester-city,43,Khusanov,0,,,
25-26-prem-leeds-united-vs-manchester-city,43,Matheus N.,1,,0.8,
25-26-prem-leeds-united-vs-manchester-city,43,Marmoush,1,,0.2,
25-26-prem-leeds-united-vs-manchester-city,43,Foden,0,,0.0,
25-26-prem-leeds-united-vs-manchester-city,43,Savinho,0,,0.8,
25-26-prem-leeds-united-vs-manchester-city,43,Bernardo,1,,0.2,
25-26-prem-leeds-united-vs-manchester-city,43,Cherki,1,,0.8,
25-26-prem-leeds-united-vs-manchester-city,43,Doku,0,,0.8,
25-26-prem-leeds-united-vs-manchester-city,43,N.Gonzalez,0,,0.8,
25-26-prem-leeds-united-vs-manchester-city,43,Reijnders,0,,0.2,
25-26-prem-leeds-united-vs-manchester-city,43,Nypan,0,,,
25-26-prem-leeds-united-vs-manchester-city,43,Haaland,0,,0.0,
25-26-prem-leeds-united-vs-manchester-city,43,Donnarumma,1,,0.0,
25-26-prem-leeds-united-vs-manchester-city,43,Heskey,0,,,
25-26-prem-leeds-united-vs-manchester-city,43,Alleyne,0,,,
25-26-prem-leeds-united-vs-manchester-city,43,McAidoo,0,,,
25-26-prem-leeds-united-vs-manchester-city,43,Trafford,0,,0.7,
25-26-prem-leeds-united-vs-manchester-city,43,Gray,0,,,
25-26-prem-manchester-united-vs-crystal-palace,1,Malacia,0,,0.8,
25-26-prem-manchester-united-vs-crystal-palace,1,Cunha,1,,0.2,
25-26-prem-manchester-united-vs-crystal-palace,1,Amad,0,,0.2,
25-26-prem-manchester-united-vs-crystal-palace,1,Fletcher,0,,,
25-26-prem-manchester-united-vs-crystal-palace,1,Kukonki,0,,,
25-26-prem-manchester-united-vs-crystal-palace,1,Martinez,0,,0.2,
25-26-prem-manchester-united-vs-crystal-palace,1,Mazraoui,0,,0.2,
25-26-prem-manchester-united-vs-crystal-palace,1,D.Leon,0,,,
25-26-prem-manchester-united-vs-crystal-palace,1,Dalot,1,,0.2,
25-26-prem-manchester-united-vs-crystal-palace,1,Shaw,1,,0.8,
25-26-prem-manchester-united-vs-crystal-palace,1,Mbeumo,1,,0.2,
25-26-prem-manchester-united-vs-crystal-palace,1,Bayindir,0,,0.8,
25-26-prem-manchester-united-vs-crystal-palace,1,Heaton,0,,,
25-26-prem-manchester-united-vs-crystal-palace,1,Mee,0,,,
25-26-prem-manchester-united-vs-crystal-palace,1,De Ligt,0,,0.2,
25-26-prem-manchester-united-vs-crystal-palace,1,Maguire,1,,0.8,
25-26-prem-manchester-united-vs-crystal-palace,1,Yoro,1,,0.8,
25-26-prem-manchester-united-vs-crystal-palace,1,Fredricson,0,,,
25-26-prem-manchester-united-vs-crystal-palace,1,Heaven,0,,,
25-26-prem-manchester-united-vs-crystal-palace,1,B.Fernandes,1,,0.0,
25-26-prem-manchester-united-vs-crystal-palace,1,Mount,0,,0.8,
25-26-prem-manchester-united-vs-crystal-palace,1,Casemiro,1,,0.8,
25-26-prem-manchester-united-vs-crystal-palace,1,Mainoo,1,,0.2,
25-26-prem-manchester-united-vs-crystal-palace,1,Ugarte,0,,0.2,
25-26-prem-manchester-united-vs-crystal-palace,1,Fitzgerald,0,,,
25-26-prem-manchester-united-vs-crystal-palace,1,J.Fletcher,0,,,
25-26-prem-manchester-united-vs-crystal-palace,1,Zirkzee,0,,0.8,
25-26-prem-manchester-united-vs-crystal-palace,1,Obi,0,,,
25-26-prem-manchester-united-vs-crystal-palace,1,Šeško,1,0.2,0.2,
25-26-prem-manchester-united-vs-crystal-palace,1,Lammens,1,,,
25-26-prem-manchester-united-vs-crystal-palace,1,Lacey,0,,,
25-26-prem-manchester-united-vs-crystal-palace,1,Bendito Mantato,0,,,
25-26-prem-manchester-united-vs-crystal-palace,31,King,0,,,
25-26-prem-manchester-united-vs-crystal-palace,31,Yeremy,0,,,
25-26-prem-manchester-united-vs-crystal-palace,31,Canvot,1,,,
25-26-prem-manchester-united-vs-crystal-palace,31,Uche,0,,,
25-26-prem-manchester-united-vs-crystal-palace,31,Wharton,1,,0.2,
25-26-prem-manchester-united-vs-crystal-palace,31,Marsh,0,,,
25-26-prem-manchester-united-vs-crystal-palace,31,Johnson,1,,,
25-26-prem-manchester-united-vs-crystal-palace,31,Cardines,0,,,
25-26-prem-manchester-united-vs-crystal-palace,31,Benamar,0,,,
25-26-prem-manchester-united-vs-crystal-palace,31,Casey,0,,,
25-26-prem-manchester-united-vs-crystal-palace,31,Rodney,0,,,
25-26-prem-manchester-united-vs-crystal-palace,31,Drakes-Thomas,0,,,
25-26-prem-manchester-united-vs-crystal-palace,31,Strand Larsen,1,,0.2,
25-26-prem-manchester-united-vs-crystal-palace,31,Benitez,0,,,
25-26-prem-manchester-united-vs-crystal-palace,31,Henderson,1,,0.0,
25-26-prem-manchester-united-vs-crystal-palace,31,Matthews,0,,0.8,
25-26-prem-manchester-united-vs-crystal-palace,31,Muñoz,1,,0.0,
25-26-prem-manchester-united-vs-crystal-palace,31,Lacroix,1,,0.0,
25-26-prem-manchester-united-vs-crystal-palace,31,Mitchell,1,,0.0,
25-26-prem-manchester-united-vs-crystal-palace,31,Sosa,0,,0.8,
25-26-prem-manchester-united-vs-crystal-palace,31,Richards,1,,0.2,
25-26-prem-manchester-united-vs-crystal-palace,31,Chadi Riad,0,,0.8,
25-26-prem-manchester-united-vs-crystal-palace,31,Clyne,0,,0.8,
25-26-prem-manchester-united-vs-crystal-palace,31,Kporha,0,,,
25-26-prem-manchester-united-vs-crystal-palace,31,Sarr,1,,0.2,
25-26-prem-manchester-united-vs-crystal-palace,31,Hughes,0,,0.8,
25-26-prem-manchester-united-vs-crystal-palace,31,Kamada,1,,0.2,
25-26-prem-manchester-united-vs-crystal-palace,31,Agbinone,0,,,
25-26-prem-manchester-united-vs-crystal-palace,31,Devenny,0,,,
25-26-prem-manchester-united-vs-crystal-palace,31,Guessand,0,,,
25-26-prem-brighton-hove-albion-vs-nottingham-forest,36,Oriola,0,,,
25-26-prem-brighton-hove-albion-vs-nottingham-forest,36,F.Kadıoğlu,1,,0.2,
25-26-prem-brighton-hove-albion-vs-nottingham-forest,36,Igor,0,,0.8,
25-26-prem-brighton-hove-albion-vs-nottingham-forest,36,Veltman,0,,0.8,
25-26-prem-brighton-hove-albion-vs-nottingham-forest,36,Mitoma,1,,0.0,
25-26-prem-brighton-hove-albion-vs-nottingham-forest,36,Simmonds,0,,,
25-26-prem-brighton-hove-albion-vs-nottingham-forest,36,Groß,1,,,
25-26-prem-brighton-hove-albion-vs-nottingham-forest,36,Boscagli,0,,,
25-26-prem-brighton-hove-albion-vs-nottingham-forest,36,De Cuyper,0,,,
25-26-prem-brighton-hove-albion-vs-nottingham-forest,36,Dunk,1,,0.0,
25-26-prem-brighton-hove-albion-vs-nottingham-forest,36,O'Riley,0,,0.8,
25-26-prem-brighton-hove-albion-vs-nottingham-forest,36,Gomez,1,,,
25-26-prem-brighton-hove-albion-vs-nottingham-forest,36,Minteh,0,,0.2,
25-26-prem-brighton-hove-albion-vs-nottingham-forest,36,Ayari,0,0.8,0.8,
25-26-prem-brighton-hove-albion-vs-nottingham-forest,36,Welbeck,1,,0.0,
25-26-prem-brighton-hove-albion-vs-nottingham-forest,36,Kostoulas,0,,,
25-26-prem-brighton-hove-albion-vs-nottingham-forest,36,Howell,0,,,
25-26-prem-brighton-hove-albion-vs-nottingham-forest,36,Steele,0,,0.7,
25-26-prem-brighton-hove-albion-vs-nottingham-forest,36,Tasker,0,,,
25-26-prem-brighton-hove-albion-vs-nottingham-forest,36,Verbruggen,1,,0.0,
25-26-prem-brighton-hove-albion-vs-nottingham-forest,36,McGill,0,,,
25-26-prem-brighton-hove-albion-vs-nottingham-forest,36,Van Hecke,1,,0.0,
25-26-prem-brighton-hove-albion-vs-nottingham-forest,36,Georginio,0,,0.2,
25-26-prem-brighton-hove-albion-vs-nottingham-forest,36,March,0,,0.8,
25-26-prem-brighton-hove-albion-vs-nottingham-forest,36,Hinshelwood,1,,0.8,
25-26-prem-brighton-hove-albion-vs-nottingham-forest,36,Baleba,0,0.7,0.0,
25-26-prem-brighton-hove-albion-vs-nottingham-forest,36,Milner,1,0.2,0.8,
25-26-prem-brighton-hove-albion-vs-nottingham-forest,36,Wieffer,1,,0.2,
25-26-prem-brighton-hove-albion-vs-nottingham-forest,17,Morato,0,,0.8,
25-26-prem-brighton-hove-albion-vs-nottingham-forest,17,Abbott,0,,,
25-26-prem-brighton-hove-albion-vs-nottingham-forest,17,Ortega Moreno,0,,0.0,
25-26-prem-brighton-hove-albion-vs-nottingham-forest,17,McAtee,0,,0.8,
25-26-prem-brighton-hove-albion-vs-nottingham-forest,17,Jair Cunha,0,,,
25-26-prem-brighton-hove-albion-vs-nottingham-forest,17,Gibbs-White,1,,0.0,
25-26-prem-brighton-hove-albion-vs-nottingham-forest,17,Anderson,1,,0.8,
25-26-prem-brighton-hove-albion-vs-nottingham-forest,17,Dominguez,0,,0.8,
25-26-prem-brighton-hove-albion-vs-nottingham-forest,17,Da Silva Moreira,0,,,
25-26-prem-brighton-hove-albion-vs-nottingham-forest,17,Lucca,0,,,
25-26-prem-brighton-hove-albion-vs-nottingham-forest,17,Netz,0,,0.8,
25-26-prem-brighton-hove-albion-vs-nottingham-forest,17,Milenković,1,,0.0,
25-26-prem-brighton-hove-albion-vs-nottingham-forest,17,Murillo,1,,0.0,
25-26-prem-brighton-hove-albion-vs-nottingham-forest,17,Aina,1,,0.2,
25-26-prem-brighton-hove-albion-vs-nottingham-forest,17,N.Williams,1,,0.2,
25-26-prem-brighton-hove-albion-vs-nottingham-forest,17,Hudson-Odoi,1,,0.2,
25-26-prem-brighton-hove-albion-vs-nottingham-forest,17,Sangaré,1,,0.2,
25-26-prem-brighton-hove-albion-vs-nottingham-forest,17,Yates,0,,0.2,
25-26-prem-brighton-hove-albion-vs-nottingham-forest,17,Igor Jesus,1,,0.2,
25-26-prem-brighton-hove-albion-vs-nottingham-forest,17,Ndoye,0,,0.8,
25-26-prem-brighton-hove-albion-vs-nottingham-forest,17,Gunn,0,,,
25-26-prem-brighton-hove-albion-vs-nottingham-forest,17,Hutchinson,1,,,
25-26-prem-brighton-hove-albion-vs-nottingham-forest,17,Awoniyi,0,,0.8,
25-26-prem-brighton-hove-albion-vs-nottingham-forest,17,Bakwa,0,,0.8,
25-26-prem-fulham-vs-tottenham-hotspur,54,McNally,0,,,
25-26-prem-fulham-vs-tottenham-hotspur,54,Amissah,0,,,
25-26-prem-fulham-vs-tottenham-hotspur,54,King,0,,,
25-26-prem-fulham-vs-tottenham-hotspur,54,Reed,0,,0.8,
25-26-prem-fulham-vs-tottenham-hotspur,54,Raúl,1,,0.8,
25-26-prem-fulham-vs-tottenham-hotspur,54,Muniz,0,,0.2,
25-26-prem-fulham-vs-tottenham-hotspur,54,Bobb,1,,0.2,
25-26-prem-fulham-vs-tottenham-hotspur,54,Kusi-Asare,0,,,
25-26-prem-fulham-vs-tottenham-hotspur,54,Ridgeon,0,,,
25-26-prem-fulham-vs-tottenham-hotspur,54,Leno,1,,0.0,
25-26-prem-fulham-vs-tottenham-hotspur,54,Robinson,0,,0.0,
25-26-prem-fulham-vs-tottenham-hotspur,54,Andersen,0,,0.0,
25-26-prem-fulham-vs-tottenham-hotspur,54,Bassey,1,,0.0,
25-26-prem-fulham-vs-tottenham-hotspur,54,Castagne,0,,0.8,
25-26-prem-fulham-vs-tottenham-hotspur,54,Diop,1,,0.8,
25-26-prem-fulham-vs-tottenham-hotspur,54,J.Cuenca,0,,,
25-26-prem-fulham-vs-tottenham-hotspur,54,Tete,1,,0.2,
25-26-prem-fulham-vs-tottenham-hotspur,54,Iwobi,1,,0.0,
25-26-prem-fulham-vs-tottenham-hotspur,54,Smith Rowe,1,,0.0,
25-26-prem-fulham-vs-tottenham-hotspur,54,Sessegnon,1,,0.8,
25-26-prem-fulham-vs-tottenham-hotspur,54,Wilson,1,,0.8,
25-26-prem-fulham-vs-tottenham-hotspur,54,Berge,1,,0.0,
25-26-prem-fulham-vs-tottenham-hotspur,54,Cairney,0,,0.8,
25-26-prem-fulham-vs-tottenham-hotspur,54,Lukić,0,,0.0,
25-26-prem-fulham-vs-tottenham-hotspur,54,Lecomte,0,,,
25-26-prem-fulham-vs-tottenham-hotspur,54,Chukwueze,0,,0.8,
25-26-prem-fulham-vs-tottenham-hotspur,54,Kevin,0,1.0,,
25-26-prem-fulham-vs-tottenham-hotspur,6,Van de Ven,1,,0.0,
25-26-prem-fulham-vs-tottenham-hotspur,6,Kyerematen,0,,,
25-26-prem-fulham-vs-tottenham-hotspur,6,Wilson,0,,,
25-26-prem-fulham-vs-tottenham-hotspur,6,Kinsky,0,,,
25-26-prem-fulham-vs-tottenham-hotspur,6,Pedro Porro,1,0.2,0.0,
25-26-prem-fulham-vs-tottenham-hotspur,6,Rowswell,0,,,
25-26-prem-fulham-vs-tottenham-hotspur,6,Gray,1,,0.2,
25-26-prem-fulham-vs-tottenham-hotspur,6,Vicario,1,,0.0,
25-26-prem-fulham-vs-tottenham-hotspur,6,Austin,0,,,
25-26-prem-fulham-vs-tottenham-hotspur,6,Danso,0,0.2,0.2,
25-26-prem-fulham-vs-tottenham-hotspur,6,Dragusin,1,,0.8,
25-26-prem-fulham-vs-tottenham-hotspur,6,Spence,0,,0.8,
25-26-prem-fulham-vs-tottenham-hotspur,6,Tel,0,,0.2,
25-26-prem-fulham-vs-tottenham-hotspur,6,Bissouma,1,,0.2,
25-26-prem-fulham-vs-tottenham-hotspur,6,P.M.Sarr,0,,0.8,
25-26-prem-fulham-vs-tottenham-hotspur,6,Olusesi,0,,,
25-26-prem-fulham-vs-tottenham-hotspur,6,Solanke,1,0.2,0.0,
25-26-prem-fulham-vs-tottenham-hotspur,6,Richarlison,0,,0.8,
25-26-prem-fulham-vs-tottenham-hotspur,6,J.Palhinha,1,,0.2,
25-26-prem-fulham-vs-tottenham-hotspur,6,Xavi,1,,0.2,
25-26-prem-fulham-vs-tottenham-hotspur,6,Kolo Muani,1,0.2,0.8,
25-26-prem-fulham-vs-tottenham-hotspur,6,Byfield,0,,,
25-26-prem-fulham-vs-tottenham-hotspur,6,Williams-Barnett,0,,,
25-26-prem-fulham-vs-tottenham-hotspur,6,Gallagher,1,,0.2,
25-26-prem-fulham-vs-tottenham-hotspur,6,Souza,0,,,
25-26-prem-arsenal-vs-chelsea,3,Nichols,0,,,
25-26-prem-arsenal-vs-chelsea,3,Trossard,1,,0.8,
25-26-prem-arsenal-vs-chelsea,3,Saliba,1,,0.0,
25-26-prem-arsenal-vs-chelsea,3,Zubimendi,1,,0.2,
25-26-prem-arsenal-vs-chelsea,3,Arrizabalaga,0,,0.8,
25-26-prem-arsenal-vs-chelsea,3,Setford,0,,,
25-26-prem-arsenal-vs-chelsea,3,Gabriel,1,,0.0,
25-26-prem-arsenal-vs-chelsea,3,Raya,1,,0.0,
25-26-prem-arsenal-vs-chelsea,3,Calafiori,0,,0.2,
25-26-prem-arsenal-vs-chelsea,3,Nørgaard,0,,,
25-26-prem-arsenal-vs-chelsea,3,Mosquera,0,,0.8,
25-26-prem-arsenal-vs-chelsea,3,Gyökeres,1,,0.2,
25-26-prem-arsenal-vs-chelsea,3,Clarke,0,,,
25-26-prem-arsenal-vs-chelsea,3,Harriman-Annous,0,,,
25-26-prem-arsenal-vs-chelsea,3,J.Timber,1,,0.8,
25-26-prem-arsenal-vs-chelsea,3,Lewis-Skelly,0,,0.8,
25-26-prem-arsenal-vs-chelsea,3,White,0,,0.0,
25-26-prem-arsenal-vs-chelsea,3,Saka,1,,0.0,
25-26-prem-arsenal-vs-chelsea,3,Ødegaard,0,,0.0,
25-26-prem-arsenal-vs-chelsea,3,Madueke,0,,0.8,
25-26-prem-arsenal-vs-chelsea,3,Martinelli,0,,0.2,
25-26-prem-arsenal-vs-chelsea,3,Rice,1,,0.0,
25-26-prem-arsenal-vs-chelsea,3,Havertz,0,,0.8,
25-26-prem-arsenal-vs-chelsea,3,G.Jesus,0,,0.8,
25-26-prem-arsenal-vs-chelsea,3,Eze,1,,0.8,
25-26-prem-arsenal-vs-chelsea,3,Hincapie,1,,0.8,
25-26-prem-arsenal-vs-chelsea,3,Salmon,0,,,
25-26-prem-arsenal-vs-chelsea,8,Slonina,0,,0.7,
25-26-prem-arsenal-vs-chelsea,8,James,1,0.0,0.2,
25-26-prem-arsenal-vs-chelsea,8,Chalobah,1,0.0,0.8,
25-26-prem-arsenal-vs-chelsea,8,M.Sarr,1,,0.7,
25-26-prem-arsenal-vs-chelsea,8,Tosin,0,,0.2,
25-26-prem-arsenal-vs-chelsea,8,Caicedo,1,0.0,0.0,
25-26-prem-arsenal-vs-chelsea,8,Lavia,0,0.8,0.2,
25-26-prem-arsenal-vs-chelsea,8,João Pedro,1,0.2,0.8,
25-26-prem-arsenal-vs-chelsea,8,Delap,0,,0.8,
25-26-prem-arsenal-vs-chelsea,8,Marc Guiu,0,,0.8,
25-26-prem-arsenal-vs-chelsea,8,Gusto,0,0.0,0.2,
25-26-prem-arsenal-vs-chelsea,8,B.Badiashile,0,,0.2,
25-26-prem-arsenal-vs-chelsea,8,Emenalo,0,,,
25-26-prem-arsenal-vs-chelsea,8,Merrick,0,,,
25-26-prem-arsenal-vs-chelsea,8,Sánchez,1,0.0,0.2,
25-26-prem-arsenal-vs-chelsea,8,Neto,1,0.2,0.8,
25-26-prem-arsenal-vs-chelsea,8,Jörgensen,0,,0.7,
25-26-prem-arsenal-vs-chelsea,8,Acheampong,0,,,
25-26-prem-arsenal-vs-chelsea,8,Palmer,1,0.8,0.0,
25-26-prem-arsenal-vs-chelsea,8,Enzo,1,,0.2,
25-26-prem-arsenal-vs-chelsea,8,Estêvão,0,0.2,0.2,
25-26-prem-arsenal-vs-chelsea,8,Andrey Santos,1,,0.8,
25-26-prem-arsenal-vs-chelsea,8,Garnacho,0,,0.2,
25-26-prem-arsenal-vs-chelsea,8,Hato,1,,0.8,
25-26-prem-arsenal-vs-chelsea,8,Sharman-Lowe,0,,0.7,
25-26-prem-leeds-united-vs-sunderland,2,Buonanotte,0,,0.0,
25-26-prem-leeds-united-vs-sunderland,2,Meslier,0,,0.0,
25-26-prem-leeds-united-vs-sunderland,2,Cairns,0,,,
25-26-prem-leeds-united-vs-sunderland,2,Darlow,1,,,
25-26-prem-leeds-united-vs-sunderland,2,Bogle,1,,0.0,
25-26-prem-leeds-united-vs-sunderland,2,Struijk,1,,0.0,
25-26-prem-leeds-united-vs-sunderland,2,Bijol,0,,0.8,
25-26-prem-leeds-united-vs-sunderland,2,Bornauw,0,,0.8,
25-26-prem-leeds-united-vs-sunderland,2,Byram,0,,0.8,
25-26-prem-leeds-united-vs-sunderland,2,Gudmundsson,1,,0.8,
25-26-prem-leeds-united-vs-sunderland,2,Rodon,1,0.2,0.0,
25-26-prem-leeds-united-vs-sunderland,2,Aaronson,1,,0.0,
25-26-prem-leeds-united-vs-sunderland,2,Gnonto,0,,0.0,
25-26-prem-leeds-united-vs-sunderland,2,James,0,,0.8,
25-26-prem-leeds-united-vs-sunderland,2,Ampadu,1,,0.0,
25-26-prem-leeds-united-vs-sunderland,2,Gruev,1,,0.8,
25-26-prem-leeds-united-vs-sunderland,2,Tanaka,0,,0.2,
25-26-prem-leeds-united-vs-sunderland,2,Piroe,0,,0.8,
25-26-prem-leeds-united-vs-sunderland,2,Nmecha,0,,0.8,
25-26-prem-leeds-united-vs-sunderland,2,Longstaff,0,,0.8,
25-26-prem-leeds-united-vs-sunderland,2,Stach,1,,0.8,
25-26-prem-leeds-united-vs-sunderland,2,Perri,0,,,
25-26-prem-leeds-united-vs-sunderland,2,Calvert-Lewin,1,,0.0,
25-26-prem-leeds-united-vs-sunderland,2,Justin,1,0.2,0.2,
25-26-prem-leeds-united-vs-sunderland,2,Chambers,0,,0.8,
25-26-prem-leeds-united-vs-sunderland,56,Moore,0,,0.0,
25-26-prem-leeds-united-vs-sunderland,56,O'Nien,1,,0.0,
25-26-prem-leeds-united-vs-sunderland,56,Diarra,1,0.2,0.8,
25-26-prem-leeds-united-vs-sunderland,56,Aleksić,0,,0.8,
25-26-prem-leeds-united-vs-sunderland,56,E.Le Fée,1,0.2,0.0,
25-26-prem-leeds-united-vs-sunderland,56,Poveda,0,,0.8,
25-26-prem-leeds-united-vs-sunderland,56,Rigg,0,,0.0,
25-26-prem-leeds-united-vs-sunderland,56,Sadiki,1,0.2,0.8,
25-26-prem-leeds-united-vs-sunderland,56,Talbi,0,,0.0,
25-26-prem-leeds-united-vs-sunderland,56,Ba,0,,0.8,
25-26-prem-leeds-united-vs-sunderland,56,H.Jones,0,,0.8,
25-26-prem-leeds-united-vs-sunderland,56,Isidor,0,,0.0,
25-26-prem-leeds-united-vs-sunderland,56,Mayenda,1,,0.8,
25-26-prem-leeds-united-vs-sunderland,56,Xhaka,0,0.2,0.0,
25-26-prem-leeds-united-vs-sunderland,56,Roefs,0,,,
25-26-prem-leeds-united-vs-sunderland,56,Alderete,1,,0.0,
25-26-prem-leeds-united-vs-sunderland,56,Traoré,0,,0.8,
25-26-prem-leeds-united-vs-sunderland,56,Jenson Jones,0,,,
25-26-prem-leeds-united-vs-sunderland,56,Ellborg,1,,,
25-26-prem-leeds-united-vs-sunderland,56,Angulo,1,,0.8,
25-26-prem-leeds-united-vs-sunderland,56,Abdullahi,0,,0.8,
25-26-prem-leeds-united-vs-sunderland,56,Geertruida,1,,0.0,
25-26-prem-leeds-united-vs-sunderland,56,Ballard,1,,0.0,
25-26-prem-leeds-united-vs-sunderland,56,Hume,1,,0.0,
25-26-prem-everton-vs-burnley,11,Travers,0,,0.7,
25-26-prem-everton-vs-burnley,11,Branthwaite,1,,0.0,
25-26-prem-everton-vs-burnley,11,Tarkowski,1,,0.0,
25-26-prem-everton-vs-burnley,11,Dewsbury-Hall,1,,0.2,
25-26-prem-everton-vs-burnley,11,George,0,,,
25-26-prem-everton-vs-burnley,11,Pickford,1,,0.0,
25-26-prem-everton-vs-burnley,11,Mykolenko,1,,0.0,
25-26-prem-everton-vs-burnley,11,O'Brien,1,,0.8,
25-26-prem-everton-vs-burnley,11,Welch,0,,,
25-26-prem-everton-vs-burnley,11,Ndiaye,1,,0.0,
25-26-prem-everton-vs-burnley,11,McNeil,1,,0.0,
25-26-prem-everton-vs-burnley,11,Gana,1,,0.2,
25-26-prem-everton-vs-burnley,11,Garner,1,,0.8,
25-26-prem-everton-vs-burnley,11,Iroegbunam,0,,0.2,
25-26-prem-everton-vs-burnley,11,Armstrong,0,,0.8,
25-26-prem-everton-vs-burnley,11,Barry,0,,,
25-26-prem-everton-vs-burnley,11,Beto,1,,0.2,
25-26-prem-everton-vs-burnley,11,King,0,,,
25-26-prem-everton-vs-burnley,11,Aznou,0,,,
25-26-prem-everton-vs-burnley,11,Dibling,0,,0.8,
25-26-prem-everton-vs-burnley,11,Röhl,0,,,
25-26-prem-everton-vs-burnley,11,Graham,0,,,
25-26-prem-everton-vs-burnley,11,Keane,0,,0.8,
25-26-prem-everton-vs-burnley,11,Patterson,0,,0.8,
25-26-prem-everton-vs-burnley,11,Bates,0,,,
25-26-prem-everton-vs-burnley,11,Ebere,0,,,
25-26-prem-everton-vs-burnley,90,Hladký,0,,0.2,
25-26-prem-everton-vs-burnley,90,Walker,1,,0.2,
25-26-prem-everton-vs-burnley,90,Worrall,1,,0.2,
25-26-prem-everton-vs-burnley,90,Anthony,1,,0.2,
25-26-prem-everton-vs-burnley,90,Bruun Larsen,0,,0.2,
25-26-prem-everton-vs-burnley,90,Edwards,0,,0.8,
25-26-prem-everton-vs-burnley,90,Hannibal,1,,0.2,
25-26-prem-everton-vs-burnley,90,Laurent,0,,0.2,
25-26-prem-everton-vs-burnley,90,Tchaouna,0,,0.2,
25-26-prem-everton-vs-burnley,90,Dúbravka,1,,0.7,
25-26-prem-everton-vs-burnley,90,Ward-Prowse,0,,0.2,
25-26-prem-everton-vs-burnley,90,Ugochukwu,1,,0.8,
25-26-prem-everton-vs-burnley,90,Florentino,1,,0.2,
25-26-prem-everton-vs-burnley,90,Pimlott,0,,,
25-26-prem-everton-vs-burnley,90,Brierley,0,,,
25-26-prem-everton-vs-burnley,90,Boateng,0,,0.8,
25-26-prem-everton-vs-burnley,90,Ekdal,0,,0.8,
25-26-prem-everton-vs-burnley,90,Estève,1,,0.2,
25-26-prem-everton-vs-burnley,90,Hartman,0,,0.2,
25-26-prem-everton-vs-burnley,90,Humphreys,1,,0.8,
25-26-prem-everton-vs-burnley,90,Lucas Pires,1,,0.2,
25-26-prem-everton-vs-burnley,90,Weiss,0,,,
25-26-prem-everton-vs-burnley,90,Flemming,0,,0.2,
25-26-prem-everton-vs-burnley,90,Foster,1,,0.2,
25-26-prem-everton-vs-burnley,90,Barnes,0,,0.8,
25-26-prem-afc-bournemouth-vs-brentford,91,Petrović,1,,0.0,
25-26-prem-afc-bournemouth-vs-brentford,91,McKenna,0,,0.0,
25-26-prem-afc-bournemouth-vs-brentford,91,Truffert,1,,0.0,
25-26-prem-afc-bournemouth-vs-brentford,91,Akinmboni,0,,0.8,
25-26-prem-afc-bournemouth-vs-brentford,91,Hill,1,,0.8,
25-26-prem-afc-bournemouth-vs-brentford,91,Tavernier,1,,0.0,
25-26-prem-afc-bournemouth-vs-brentford,91,Adams,1,,0.2,
25-26-prem-afc-bournemouth-vs-brentford,91,Brooks,0,,0.8,
25-26-prem-afc-bournemouth-vs-brentford,91,Christie,1,,0.0,
25-26-prem-afc-bournemouth-vs-brentford,91,Scott,1,,0.2,
25-26-prem-afc-bournemouth-vs-brentford,91,Evanilson,1,,0.0,
25-26-prem-afc-bournemouth-vs-brentford,91,Enes Ünal,0,,0.8,
25-26-prem-afc-bournemouth-vs-brentford,91,Kroupi.Jr,0,,0.8,
25-26-prem-afc-bournemouth-vs-brentford,91,Diakité,0,,0.2,
25-26-prem-afc-bournemouth-vs-brentford,91,Rees-Dottin,0,,,
25-26-prem-afc-bournemouth-vs-brentford,91,Adli,0,,0.2,
25-26-prem-afc-bournemouth-vs-brentford,91,A.Jimenez,1,,0.8,
25-26-prem-afc-bournemouth-vs-brentford,91,Milosavljević,0,,,
25-26-prem-afc-bournemouth-vs-brentford,91,DaCosta,0,,,
25-26-prem-afc-bournemouth-vs-brentford,91,Forster,0,,0.7,
25-26-prem-afc-bournemouth-vs-brentford,91,Stevens,0,,0.8,
25-26-prem-afc-bournemouth-vs-brentford,91,Tóth.A,0,,,
25-26-prem-afc-bournemouth-vs-brentford,91,Mandas,0,,0.7,
25-26-prem-afc-bournemouth-vs-brentford,91,Rayan,1,,,
25-26-prem-afc-bournemouth-vs-brentford,91,Senesi,1,,0.0,
25-26-prem-afc-bournemouth-vs-brentford,91,Smith,0,,0.8,
25-26-prem-afc-bournemouth-vs-brentford,91,Bevan,0,,,
25-26-prem-afc-bournemouth-vs-brentford,94,Bentt,0,,,
25-26-prem-afc-bournemouth-vs-brentford,94,Balcombe,0,,,
25-26-prem-afc-bournemouth-vs-brentford,94,Eyestone,0,,,
25-26-prem-afc-bournemouth-vs-brentford,94,Valdimarsson,0,,0.8,
25-26-prem-afc-bournemouth-vs-brentford,94,Collins,1,,0.0,
25-26-prem-afc-bournemouth-vs-brentford,94,Lewis-Potter,0,,0.0,
25-26-prem-afc-bournemouth-vs-brentford,94,Ajer,0,,0.2,
25-26-prem-afc-bournemouth-vs-brentford,94,Henry,1,,0.2,
25-26-prem-afc-bournemouth-vs-brentford,94,Kayode,1,,,
25-26-prem-afc-bournemouth-vs-brentford,94,Pinnock,0,,0.0,
25-26-prem-afc-bournemouth-vs-brentford,94,Van den Berg,1,,0.0,
25-26-prem-afc-bournemouth-vs-brentford,94,Schade,1,,0.8,
25-26-prem-afc-bournemouth-vs-brentford,94,Damsgaard,1,,0.0,
25-26-prem-afc-bournemouth-vs-brentford,94,Henderson,1,,,
25-26-prem-afc-bournemouth-vs-brentford,94,Jensen,1,,0.2,
25-26-prem-afc-bournemouth-vs-brentford,94,Yarmoliuk,0,,0.8,
25-26-prem-afc-bournemouth-vs-brentford,94,Donovan,0,,,
25-26-prem-afc-bournemouth-vs-brentford,94,Thiago,1,,0.2,
25-26-prem-afc-bournemouth-vs-brentford,94,Shield,0,,,
25-26-prem-afc-bournemouth-vs-brentford,94,Furo,0,,,
25-26-prem-afc-bournemouth-vs-brentford,94,O.Dango,1,,,
25-26-prem-afc-bournemouth-vs-brentford,94,Kelleher,1,0.2,0.0,
25-26-prem-wolverhampton-wanderers-vs-liverpool,39,Mané,1,,,
25-26-prem-wolverhampton-wanderers-vs-liverpool,39,Olagunju,0,,,
25-26-prem-wolverhampton-wanderers-vs-liverpool,39,Rawlings,0,,,
25-26-prem-wolverhampton-wanderers-vs-liverpool,39,Johnstone,0,,,
25-26-prem-wolverhampton-wanderers-vs-liverpool,39,José Sá,1,,0.2,
25-26-prem-wolverhampton-wanderers-vs-liverpool,39,Bentley,0,,0.8,
25-26-prem-wolverhampton-wanderers-vs-liverpool,39,Doherty,1,,0.8,
25-26-prem-wolverhampton-wanderers-vs-liverpool,39,H.Bueno,0,,,
25-26-prem-wolverhampton-wanderers-vs-liverpool,39,Mosquera,0,,0.2,
25-26-prem-wolverhampton-wanderers-vs-liverpool,39,R.Gomes,0,,0.2,
25-26-prem-wolverhampton-wanderers-vs-liverpool,39,S.Bueno,1,,0.2,
25-26-prem-wolverhampton-wanderers-vs-liverpool,39,Toti,0,,0.2,
25-26-prem-wolverhampton-wanderers-vs-liverpool,39,Pedro Lima,0,,0.8,
25-26-prem-wolverhampton-wanderers-vs-liverpool,39,Hee Chan,0,0.2,0.2,
25-26-prem-wolverhampton-wanderers-vs-liverpool,39,André,1,0.2,0.2,
25-26-prem-wolverhampton-wanderers-vs-liverpool,39,Chiwome,0,,0.8,
25-26-prem-wolverhampton-wanderers-vs-liverpool,39,Møller Wolfe,1,,0.2,
25-26-prem-wolverhampton-wanderers-vs-liverpool,39,Tchatchoua,1,,0.2,
25-26-prem-wolverhampton-wanderers-vs-liverpool,39,Krejčí,1,0.2,0.8,
25-26-prem-wolverhampton-wanderers-vs-liverpool,39,Tolu,0,,,
25-26-prem-wolverhampton-wanderers-vs-liverpool,39,Fraser,0,,,
25-26-prem-wolverhampton-wanderers-vs-liverpool,39,Edozie,0,,0.8,
25-26-prem-wolverhampton-wanderers-vs-liverpool,39,Gonzalez,0,,,
25-26-prem-wolverhampton-wanderers-vs-liverpool,39,Sutherland,0,,,
25-26-prem-wolverhampton-wanderers-vs-liverpool,39,Abbey,0,,,
25-26-prem-wolverhampton-wanderers-vs-liverpool,39,Angel,1,,,
25-26-prem-wolverhampton-wanderers-vs-liverpool,39,Armstrong,1,,,
25-26-prem-wolverhampton-wanderers-vs-liverpool,39,Bellegarde,0,,0.2,
25-26-prem-wolverhampton-wanderers-vs-liverpool,39,J.Gomes,1,,0.2,
25-26-prem-wolverhampton-wanderers-vs-liverpool,14,A.Becker,1,,0.2,
25-26-prem-wolverhampton-wanderers-vs-liverpool,14,Mamardashvili,0,,0.8,
25-26-prem-wolverhampton-wanderers-vs-liverpool,14,Pécsi,0,,,
25-26-prem-wolverhampton-wanderers-vs-liverpool,14,Woodman,0,,,
25-26-prem-wolverhampton-wanderers-vs-liverpool,14,Frimpong,1,,0.2,
25-26-prem-wolverhampton-wanderers-vs-liverpool,14,Kerkez,1,,0.2,
25-26-prem-wolverhampton-wanderers-vs-liverpool,14,Robertson,0,,0.8,
25-26-prem-wolverhampton-wanderers-vs-liverpool,14,Virgil,1,,0.0,
25-26-prem-wolverhampton-wanderers-vs-liverpool,14,Konaté,1,,0.2,
25-26-prem-wolverhampton-wanderers-vs-liverpool,14,Gomez,0,,0.8,
25-26-prem-wolverhampton-wanderers-vs-liverpool,14,Gakpo,1,,0.2,
25-26-prem-wolverhampton-wanderers-vs-liverpool,14,Chiesa,0,,0.8,
25-26-prem-wolverhampton-wanderers-vs-liverpool,14,Mac Allister,1,,0.2,
25-26-prem-wolverhampton-wanderers-vs-liverpool,14,Szoboszlai,1,,0.2,
25-26-prem-wolverhampton-wanderers-vs-liverpool,14,C.Jones,0,,0.8,
25-26-prem-wolverhampton-wanderers-vs-liverpool,14,Gravenberch,1,,0.2,
25-26-prem-wolverhampton-wanderers-vs-liverpool,14,Ekitiké,1,,0.8,
25-26-prem-wolverhampton-wanderers-vs-liverpool,14,Ngumoha,0,,,
25-26-prem-wolverhampton-wanderers-vs-liverpool,14,Morrison,0,,,
25-26-prem-wolverhampton-wanderers-vs-liverpool,14,Lucky,0,,,
25-26-prem-wolverhampton-wanderers-vs-liverpool,14,Nallo,0,,,
25-26-prem-wolverhampton-wanderers-vs-liverpool,14,R.Williams,0,,,
25-26-prem-wolverhampton-wanderers-vs-liverpool,14,Ramsay,0,,,
25-26-prem-wolverhampton-wanderers-vs-liverpool,14,Nyoni,0,,0.8,
25-26-prem-wolverhampton-wanderers-vs-liverpool,14,M.Salah,1,,0.0,
25-26-prem-wolverhampton-wanderers-vs-liverpool,14,Wirtz,0,1.0,0.2,
25-26-prem-aston-villa-vs-chelsea,7,Carroll,0,,,
25-26-prem-aston-villa-vs-chelsea,7,Cash,1,,0.2,
25-26-prem-aston-villa-vs-chelsea,7,Digne,0,,0.2,
25-26-prem-aston-villa-vs-chelsea,7,Mings,1,,0.8,
25-26-prem-aston-villa-vs-chelsea,7,A.García,0,,0.8,
25-26-prem-aston-villa-vs-chelsea,7,Bogarde,0,,0.8,
25-26-prem-aston-villa-vs-chelsea,7,Rogers,1,,0.0,
25-26-prem-aston-villa-vs-chelsea,7,Bailey,1,,0.2,
25-26-prem-aston-villa-vs-chelsea,7,Buendía,1,,0.8,
25-26-prem-aston-villa-vs-chelsea,7,Barkley,0,,0.8,
25-26-prem-aston-villa-vs-chelsea,7,Sancho,0,,0.8,
25-26-prem-aston-villa-vs-chelsea,7,Wright,0,,,
25-26-prem-aston-villa-vs-chelsea,7,Douglas Luiz,1,,0.2,
25-26-prem-aston-villa-vs-chelsea,7,Burrowes,0,,,
25-26-prem-aston-villa-vs-chelsea,7,Proctor,0,,,
25-26-prem-aston-villa-vs-chelsea,7,Lindelöf,0,,0.8,
25-26-prem-aston-villa-vs-chelsea,7,George Hemmings,0,,,
25-26-prem-aston-villa-vs-chelsea,7,Hollingshead,0,,,
25-26-prem-aston-villa-vs-chelsea,7,Leon Routh,0,,,
25-26-prem-aston-villa-vs-chelsea,7,Pau,0,,0.0,
25-26-prem-aston-villa-vs-chelsea,7,Onana,1,,0.0,
25-26-prem-aston-villa-vs-chelsea,7,Watkins,1,,0.0,
25-26-prem-aston-villa-vs-chelsea,7,Patterson,0,,,
25-26-prem-aston-villa-vs-chelsea,7,Konsa,1,,0.0,
25-26-prem-aston-villa-vs-chelsea,7,Maatsen,1,,0.8,
25-26-prem-aston-villa-vs-chelsea,7,Martinez,1,,0.0,
25-26-prem-aston-villa-vs-chelsea,7,Alysson,0,,,
25-26-prem-aston-villa-vs-chelsea,7,Abraham,0,,0.8,
25-26-prem-aston-villa-vs-chelsea,7,M.Bizot,0,,0.8,
25-26-prem-aston-villa-vs-chelsea,8,Slonina,0,,0.7,
25-26-prem-aston-villa-vs-chelsea,8,Cucurella,0,0.8,0.2,
25-26-prem-aston-villa-vs-chelsea,8,James,1,,0.2,
25-26-prem-aston-villa-vs-chelsea,8,Chalobah,1,,0.7,
25-26-prem-aston-villa-vs-chelsea,8,Gusto,1,0.2,0.8,
25-26-prem-aston-villa-vs-chelsea,8,B.Badiashile,0,,0.2,
25-26-prem-aston-villa-vs-chelsea,8,Fofana,1,0.2,0.2,
25-26-prem-aston-villa-vs-chelsea,8,M.Sarr,0,,0.7,
25-26-prem-aston-villa-vs-chelsea,8,Tosin,0,,0.8,
25-26-prem-aston-villa-vs-chelsea,8,Acheampong,0,,,
25-26-prem-aston-villa-vs-chelsea,8,Palmer,1,0.2,0.0,
25-26-prem-aston-villa-vs-chelsea,8,Enzo,1,,0.0,
25-26-prem-aston-villa-vs-chelsea,8,Estêvão,0,,0.2,
25-26-prem-aston-villa-vs-chelsea,8,Caicedo,1,,0.0,
25-26-prem-aston-villa-vs-chelsea,8,Lavia,0,0.8,0.8,
25-26-prem-aston-villa-vs-chelsea,8,Andrey Santos,0,,0.8,
25-26-prem-aston-villa-vs-chelsea,8,D.Essugo,0,,0.8,
25-26-prem-aston-villa-vs-chelsea,8,João Pedro,1,,,
25-26-prem-aston-villa-vs-chelsea,8,Delap,0,,0.2,
25-26-prem-aston-villa-vs-chelsea,8,Marc Guiu,0,,0.8,
25-26-prem-aston-villa-vs-chelsea,8,Garnacho,1,0.2,0.2,
25-26-prem-aston-villa-vs-chelsea,8,Hato,1,,0.8,
25-26-prem-aston-villa-vs-chelsea,8,Sharman-Lowe,0,,0.7,
25-26-prem-aston-villa-vs-chelsea,8,Emenalo,0,,,
25-26-prem-aston-villa-vs-chelsea,8,Merrick,0,,,
25-26-prem-aston-villa-vs-chelsea,8,Sánchez,0,,0.2,
25-26-prem-aston-villa-vs-chelsea,8,Jörgensen,1,,0.8,
25-26-prem-manchester-city-vs-nottingham-forest,43,Semenyo,1,0.2,0.8,
25-26-prem-manchester-city-vs-nottingham-forest,43,Trafford,0,,0.8,
25-26-prem-manchester-city-vs-nottingham-forest,43,Guéhi,1,,0.2,
25-26-prem-manchester-city-vs-nottingham-forest,43,Aït-Nouri,1,,0.2,
25-26-prem-manchester-city-vs-nottingham-forest,43,Aké,0,,0.8,
25-26-prem-manchester-city-vs-nottingham-forest,43,Khusanov,0,,0.8,
25-26-prem-manchester-city-vs-nottingham-forest,43,Matheus N.,1,,0.8,
25-26-prem-manchester-city-vs-nottingham-forest,43,Rúben,1,,0.2,
25-26-prem-manchester-city-vs-nottingham-forest,43,Stones,0,,0.8,
25-26-prem-manchester-city-vs-nottingham-forest,43,Lewis,0,,0.2,
25-26-prem-manchester-city-vs-nottingham-forest,43,O'Reilly,0,0.8,,
25-26-prem-manchester-city-vs-nottingham-forest,43,Marmoush,0,0.2,0.8,
25-26-prem-manchester-city-vs-nottingham-forest,43,Foden,1,0.2,0.2,
25-26-prem-manchester-city-vs-nottingham-forest,43,Savinho,0,,0.8,
25-26-prem-manchester-city-vs-nottingham-forest,43,Bernardo,1,,0.2,
25-26-prem-manchester-city-vs-nottingham-forest,43,Cherki,1,,0.8,
25-26-prem-manchester-city-vs-nottingham-forest,43,Doku,0,,0.8,
25-26-prem-manchester-city-vs-nottingham-forest,43,Rodrigo,1,,0.0,
25-26-prem-manchester-city-vs-nottingham-forest,43,N.Gonzalez,0,,0.8,
25-26-prem-manchester-city-vs-nottingham-forest,43,Reijnders,0,,0.2,
25-26-prem-manchester-city-vs-nottingham-forest,43,Nypan,0,,0.8,
25-26-prem-manchester-city-vs-nottingham-forest,43,Haaland,1,0.8,0.0,
25-26-prem-manchester-city-vs-nottingham-forest,43,Donnarumma,1,,0.0,
25-26-prem-manchester-city-vs-nottingham-forest,43,McAidoo,0,,,
25-26-prem-manchester-city-vs-nottingham-forest,43,Gray,0,,,
25-26-prem-manchester-city-vs-nottingham-forest,43,Heskey,0,,,
25-26-prem-manchester-city-vs-nottingham-forest,43,Alleyne,0,,,
25-26-prem-manchester-city-vs-nottingham-forest,43,Bettinelli,0,,0.8,
25-26-prem-manchester-city-vs-nottingham-forest,17,Aina,1,,0.0,
25-26-prem-manchester-city-vs-nottingham-forest,17,Ortega Moreno,0,,,
25-26-prem-manchester-city-vs-nottingham-forest,17,McAtee,0,,,
25-26-prem-manchester-city-vs-nottingham-forest,17,Sels,1,,0.0,
25-26-prem-manchester-city-vs-nottingham-forest,17,Milenković,1,,0.0,
25-26-prem-manchester-city-vs-nottingham-forest,17,Murillo,1,,0.0,
25-26-prem-manchester-city-vs-nottingham-forest,17,N.Williams,1,,0.0,
25-26-prem-manchester-city-vs-nottingham-forest,17,Jair Cunha,1,,,
25-26-prem-manchester-city-vs-nottingham-forest,17,Anderson,1,,0.8,
25-26-prem-manchester-city-vs-nottingham-forest,17,Igor Jesus,1,,0.2,
25-26-prem-manchester-city-vs-nottingham-forest,17,Awoniyi,0,,0.8,
25-26-prem-manchester-city-vs-nottingham-forest,17,Ndoye,0,,0.8,
25-26-prem-manchester-city-vs-nottingham-forest,17,Hutchinson,0,,0.8,
25-26-prem-manchester-city-vs-nottingham-forest,17,Netz,0,,0.8,
25-26-prem-manchester-city-vs-nottingham-forest,17,Bakwa,0,,0.8,
25-26-prem-manchester-city-vs-nottingham-forest,17,Lucca,0,,0.8,
25-26-prem-manchester-city-vs-nottingham-forest,17,Morato,0,,0.8,
25-26-prem-manchester-city-vs-nottingham-forest,17,Abbott,0,,,
25-26-prem-manchester-city-vs-nottingham-forest,17,Gibbs-White,1,,0.0,
25-26-prem-manchester-city-vs-nottingham-forest,17,Hudson-Odoi,0,,0.2,
25-26-prem-manchester-city-vs-nottingham-forest,17,Dominguez,1,,0.8,
25-26-prem-manchester-city-vs-nottingham-forest,17,Sangaré,1,,0.2,
25-26-prem-manchester-city-vs-nottingham-forest,17,Yates,0,,0.2,
25-26-prem-manchester-city-vs-nottingham-forest,17,Da Silva Moreira,0,,,
25-26-prem-manchester-city-vs-nottingham-forest,17,Gunn,0,,,
25-26-prem-brighton-hove-albion-vs-arsenal,36,Steele,0,,0.8,
25-26-prem-brighton-hove-albion-vs-arsenal,36,Verbruggen,1,,0.0,
25-26-prem-brighton-hove-albion-vs-arsenal,36,McGill,0,,,
25-26-prem-brighton-hove-albion-vs-arsenal,36,Boscagli,1,,0.2,
25-26-prem-brighton-hove-albion-vs-arsenal,36,De Cuyper,0,,0.2,
25-26-prem-brighton-hove-albion-vs-arsenal,36,Dunk,0,,0.0,
25-26-prem-brighton-hove-albion-vs-arsenal,36,F.Kadıoğlu,1,,0.2,
25-26-prem-brighton-hove-albion-vs-arsenal,36,Igor,0,,0.8,
25-26-prem-brighton-hove-albion-vs-arsenal,36,Van Hecke,1,,0.0,
25-26-prem-brighton-hove-albion-vs-arsenal,36,Veltman,0,,0.8,
25-26-prem-brighton-hove-albion-vs-arsenal,36,Tasker,0,,,
25-26-prem-brighton-hove-albion-vs-arsenal,36,Mitoma,1,,0.0,
25-26-prem-brighton-hove-albion-vs-arsenal,36,Georginio,1,,0.2,
25-26-prem-brighton-hove-albion-vs-arsenal,36,March,0,,0.8,
25-26-prem-brighton-hove-albion-vs-arsenal,36,Minteh,0,,0.2,
25-26-prem-brighton-hove-albion-vs-arsenal,36,Hinshelwood,1,,0.2,
25-26-prem-brighton-hove-albion-vs-arsenal,36,O'Riley,0,,0.2,
25-26-prem-brighton-hove-albion-vs-arsenal,36,Ayari,0,0.2,0.8,
25-26-prem-brighton-hove-albion-vs-arsenal,36,Welbeck,0,,0.0,
25-26-prem-brighton-hove-albion-vs-arsenal,36,Simmonds,0,,,
25-26-prem-brighton-hove-albion-vs-arsenal,36,Groß,1,,,
25-26-prem-brighton-hove-albion-vs-arsenal,36,Baleba,1,0.2,0.0,
25-26-prem-brighton-hove-albion-vs-arsenal,36,Gomez,1,,0.8,
25-26-prem-brighton-hove-albion-vs-arsenal,36,Milner,0,,0.8,
25-26-prem-brighton-hove-albion-vs-arsenal,36,Wieffer,1,,0.2,
25-26-prem-brighton-hove-albion-vs-arsenal,36,Kostoulas,0,,,
25-26-prem-brighton-hove-albion-vs-arsenal,36,Oriola,0,,,
25-26-prem-brighton-hove-albion-vs-arsenal,36,Howell,0,,,
25-26-prem-brighton-hove-albion-vs-arsenal,3,Salmon,0,,,
25-26-prem-brighton-hove-albion-vs-arsenal,3,Zubimendi,1,,0.2,
25-26-prem-brighton-hove-albion-vs-arsenal,3,Gabriel,1,,0.0,
25-26-prem-brighton-hove-albion-vs-arsenal,3,White,0,1.0,0.0,
25-26-prem-brighton-hove-albion-vs-arsenal,3,Nichols,0,,,
25-26-prem-brighton-hove-albion-vs-arsenal,3,Saka,1,,0.0,
25-26-prem-brighton-hove-albion-vs-arsenal,3,Ødegaard,0,0.8,0.0,
25-26-prem-brighton-hove-albion-vs-arsenal,3,Madueke,0,,0.8,
25-26-prem-brighton-hove-albion-vs-arsenal,3,Martinelli,1,,0.2,
25-26-prem-brighton-hove-albion-vs-arsenal,3,Trossard,0,,0.8,
25-26-prem-brighton-hove-albion-vs-arsenal,3,Rice,1,0.2,0.0,
25-26-prem-brighton-hove-albion-vs-arsenal,3,Nørgaard,0,0.2,0.8,
25-26-prem-brighton-hove-albion-vs-arsenal,3,Gyökeres,1,0.8,0.2,
25-26-prem-brighton-hove-albion-vs-arsenal,3,Dowman,0,,,
25-26-prem-brighton-hove-albion-vs-arsenal,3,Hincapie,1,,0.8,
25-26-prem-brighton-hove-albion-vs-arsenal,3,Lewis-Skelly,0,,0.8,
25-26-prem-brighton-hove-albion-vs-arsenal,3,Harriman-Annous,0,,,
25-26-prem-brighton-hove-albion-vs-arsenal,3,Havertz,0,0.8,0.8,
25-26-prem-brighton-hove-albion-vs-arsenal,3,G.Jesus,0,0.2,0.8,
25-26-prem-brighton-hove-albion-vs-arsenal,3,Eze,1,0.2,0.8,
25-26-prem-brighton-hove-albion-vs-arsenal,3,Mosquera,1,,0.8,
25-26-prem-brighton-hove-albion-vs-arsenal,3,Clarke,0,,,
25-26-prem-brighton-hove-albion-vs-arsenal,3,Raya,1,0.0,0.0,
25-26-prem-brighton-hove-albion-vs-arsenal,3,Arrizabalaga,0,,0.8,
25-26-prem-brighton-hove-albion-vs-arsenal,3,Setford,0,,0.8,
25-26-prem-brighton-hove-albion-vs-arsenal,3,Saliba,0,,0.0,
25-26-prem-brighton-hove-albion-vs-arsenal,3,Calafiori,0,0.2,0.2,
25-26-prem-brighton-hove-albion-vs-arsenal,3,J.Timber,1,,0.8,
25-26-prem-fulham-vs-west-ham-united,54,J.Cuenca,0,,,
25-26-prem-fulham-vs-west-ham-united,54,Tete,1,,0.2,
25-26-prem-fulham-vs-west-ham-united,54,Amissah,0,,,
25-26-prem-fulham-vs-west-ham-united,54,Leno,1,,0.0,
25-26-prem-fulham-vs-west-ham-united,54,Robinson,1,,0.0,
25-26-prem-fulham-vs-west-ham-united,54,Andersen,0,,0.0,
25-26-prem-fulham-vs-west-ham-united,54,Bassey,1,,0.0,
25-26-prem-fulham-vs-west-ham-united,54,Castagne,0,,0.8,
25-26-prem-fulham-vs-west-ham-united,54,Iwobi,1,,0.0,
25-26-prem-fulham-vs-west-ham-united,54,Smith Rowe,0,,0.0,
25-26-prem-fulham-vs-west-ham-united,54,Sessegnon,0,,0.8,
25-26-prem-fulham-vs-west-ham-united,54,Wilson,0,,0.8,
25-26-prem-fulham-vs-west-ham-united,54,Berge,1,,0.2,
25-26-prem-fulham-vs-west-ham-united,54,Cairney,1,,0.8,
25-26-prem-fulham-vs-west-ham-united,54,King,1,,,
25-26-prem-fulham-vs-west-ham-united,54,Reed,0,,0.8,
25-26-prem-fulham-vs-west-ham-united,54,Raúl,1,,0.2,
25-26-prem-fulham-vs-west-ham-united,54,Muniz,0,,0.8,
25-26-prem-fulham-vs-west-ham-united,54,Bobb,0,,0.8,
25-26-prem-fulham-vs-west-ham-united,54,Kusi-Asare,0,,,
25-26-prem-fulham-vs-west-ham-united,54,McNally,0,,,
25-26-prem-fulham-vs-west-ham-united,54,Lukić,0,,0.2,
25-26-prem-fulham-vs-west-ham-united,54,Chukwueze,1,,0.8,
25-26-prem-fulham-vs-west-ham-united,54,Ridgeon,0,,,
25-26-prem-fulham-vs-west-ham-united,54,Diop,1,,0.8,
25-26-prem-fulham-vs-west-ham-united,54,Lecomte,0,,,
25-26-prem-fulham-vs-west-ham-united,21,Adama,0,,,
25-26-prem-fulham-vs-west-ham-united,21,Areola,0,,0.2,
25-26-prem-fulham-vs-west-ham-united,21,Diouf,1,,,
25-26-prem-fulham-vs-west-ham-united,21,Kilman,0,,0.2,
25-26-prem-fulham-vs-west-ham-united,21,Mavropanos,0,,0.8,
25-26-prem-fulham-vs-west-ham-united,21,Scarles,0,,,
25-26-prem-fulham-vs-west-ham-united,21,Todibo,1,,0.2,
25-26-prem-fulham-vs-west-ham-united,21,Wan-Bissaka,1,,0.2,
25-26-prem-fulham-vs-west-ham-united,21,Souček,1,,0.2,
25-26-prem-fulham-vs-west-ham-united,21,Summerville,1,,0.2,
25-26-prem-fulham-vs-west-ham-united,21,Bowen,1,,0.2,
25-26-prem-fulham-vs-west-ham-united,21,Walker-Peters,0,,0.2,
25-26-prem-fulham-vs-west-ham-united,21,Wilson,1,,,
25-26-prem-fulham-vs-west-ham-united,21,Hermansen,1,,,
25-26-prem-fulham-vs-west-ham-united,21,M.Fernandes,1,,,
25-26-prem-fulham-vs-west-ham-united,21,S.Magassa,0,,,
25-26-prem-fulham-vs-west-ham-united,21,Fabianski,0,,0.7,
25-26-prem-fulham-vs-west-ham-united,21,Mayers,0,,,
25-26-prem-fulham-vs-west-ham-united,21,Golambeckis,0,,,
25-26-prem-fulham-vs-west-ham-united,21,Mohamadou Kanté,0,,,
25-26-prem-fulham-vs-west-ham-united,21,Taty,1,,,
25-26-prem-fulham-vs-west-ham-united,21,Lamadrid,0,,,
25-26-prem-fulham-vs-west-ham-united,21,Disasi,1,,0.8,
25-26-prem-newcastle-united-vs-manchester-united,4,Wissa,0,,0.2,
25-26-prem-newcastle-united-vs-manchester-united,4,Elanga,1,,0.8,
25-26-prem-newcastle-united-vs-manchester-united,4,Barnes,1,,0.2,
25-26-prem-newcastle-united-vs-manchester-united,4,J.Ramsey,1,,0.8,
25-26-prem-newcastle-united-vs-manchester-united,4,Pope,0,,0.0,
25-26-prem-newcastle-united-vs-manchester-united,4,Gillespie,0,,,
25-26-prem-newcastle-united-vs-manchester-united,4,Hall,1,,0.2,
25-26-prem-newcastle-united-vs-manchester-united,4,Botman,0,,0.0,
25-26-prem-newcastle-united-vs-manchester-united,4,Burn,1,,0.8,
25-26-prem-newcastle-united-vs-manchester-united,4,Trippier,1,,0.2,
25-26-prem-newcastle-united-vs-manchester-united,4,A.Murphy,0,,,
25-26-prem-newcastle-united-vs-manchester-united,4,Gordon,1,,0.0,
25-26-prem-newcastle-united-vs-manchester-united,4,J.Murphy,0,,0.8,
25-26-prem-newcastle-united-vs-manchester-united,4,Joelinton,1,,0.0,
25-26-prem-newcastle-united-vs-manchester-united,4,Tonali,1,,0.0,
25-26-prem-newcastle-united-vs-manchester-united,4,Osula,0,,0.8,
25-26-prem-newcastle-united-vs-manchester-united,4,Ramsdale,1,,0.7,
25-26-prem-newcastle-united-vs-manchester-united,4,Thiaw,1,,0.2,
25-26-prem-newcastle-united-vs-manchester-united,4,Seung soo,0,,,
25-26-prem-newcastle-united-vs-manchester-united,4,Woltemade,0,,,
25-26-prem-newcastle-united-vs-manchester-united,4,Shahar,0,,,
25-26-prem-newcastle-united-vs-manchester-united,4,Alabi,0,,,
25-26-prem-newcastle-united-vs-manchester-united,4,Willock,0,,0.2,
25-26-prem-newcastle-united-vs-manchester-united,4,Ruddy,0,,,
25-26-prem-newcastle-united-vs-manchester-united,4,Pivas,0,,,
25-26-prem-newcastle-united-vs-manchester-united,4,Neave,0,,,
25-26-prem-newcastle-united-vs-manchester-united,1,Mbeumo,1,,0.0,
25-26-prem-newcastle-united-vs-manchester-united,1,Bayindir,0,,0.8,
25-26-prem-newcastle-united-vs-manchester-united,1,Heaton,0,,,
25-26-prem-newcastle-united-vs-manchester-united,1,Mee,0,,0.8,
25-26-prem-newcastle-united-vs-manchester-united,1,Martinez,0,1.0,0.0,
25-26-prem-newcastle-united-vs-manchester-united,1,Mazraoui,1,,0.2,
25-26-prem-newcastle-united-vs-manchester-united,1,D.Leon,0,,,
25-26-prem-newcastle-united-vs-manchester-united,1,Dalot,0,,0.2,
25-26-prem-newcastle-united-vs-manchester-united,1,Maguire,1,0.8,0.8,
25-26-prem-newcastle-united-vs-manchester-united,1,Shaw,1,0.8,0.2,
25-26-prem-newcastle-united-vs-manchester-united,1,Yoro,1,,0.2,
25-26-prem-newcastle-united-vs-manchester-united,1,Fredricson,0,,,
25-26-prem-newcastle-united-vs-manchester-united,1,Heaven,0,,,
25-26-prem-newcastle-united-vs-manchester-united,1,Malacia,0,,0.8,
25-26-prem-newcastle-united-vs-manchester-united,1,B.Fernandes,1,,0.0,
25-26-prem-newcastle-united-vs-manchester-united,1,Cunha,1,,0.2,
25-26-prem-newcastle-united-vs-manchester-united,1,Amad,0,,0.2,
25-26-prem-newcastle-united-vs-manchester-united,1,Mount,0,0.8,0.8,
25-26-prem-newcastle-united-vs-manchester-united,1,Casemiro,1,,0.8,
25-26-prem-newcastle-united-vs-manchester-united,1,Mainoo,1,,0.0,
25-26-prem-newcastle-united-vs-manchester-united,1,Ugarte,0,,0.2,
25-26-prem-newcastle-united-vs-manchester-united,1,J.Fletcher,0,,,
25-26-prem-newcastle-united-vs-manchester-united,1,Zirkzee,0,,0.8,
25-26-prem-newcastle-united-vs-manchester-united,1,Obi,0,,,
25-26-prem-newcastle-united-vs-manchester-united,1,Šeško,1,0.2,0.0,
25-26-prem-newcastle-united-vs-manchester-united,1,Lammens,1,,,
25-26-prem-newcastle-united-vs-manchester-united,1,Lacey,0,,,
25-26-prem-newcastle-united-vs-manchester-united,1,Bendito Mantato,0,,,
25-26-prem-newcastle-united-vs-manchester-united,1,Fletcher,0,,,
25-26-prem-newcastle-united-vs-manchester-united,1,Kukonki,0,,,
25-26-prem-newcastle-united-vs-manchester-united,1,Fitzgerald,0,,,
25-26-prem-tottenham-hotspur-vs-crystal-palace,6,Vicario,1,,0.0,
25-26-prem-tottenham-hotspur-vs-crystal-palace,6,Kinsky,0,,,
25-26-prem-tottenham-hotspur-vs-crystal-palace,6,Pedro Porro,1,,0.0,
25-26-prem-tottenham-hotspur-vs-crystal-palace,6,Danso,1,0.2,0.2,
25-26-prem-tottenham-hotspur-vs-crystal-palace,6,Dragusin,0,,0.8,
25-26-prem-tottenham-hotspur-vs-crystal-palace,6,Spence,0,0.8,0.8,
25-26-prem-tottenham-hotspur-vs-crystal-palace,6,Tel,1,,0.2,
25-26-prem-tottenham-hotspur-vs-crystal-palace,6,Bissouma,0,,0.2,
25-26-prem-tottenham-hotspur-vs-crystal-palace,6,Gray,1,,0.8,
25-26-prem-tottenham-hotspur-vs-crystal-palace,6,P.M.Sarr,1,,0.2,
25-26-prem-tottenham-hotspur-vs-crystal-palace,6,Solanke,1,,0.0,
25-26-prem-tottenham-hotspur-vs-crystal-palace,6,Richarlison,0,0.2,0.8,
25-26-prem-tottenham-hotspur-vs-crystal-palace,6,J.Palhinha,1,,0.2,
25-26-prem-tottenham-hotspur-vs-crystal-palace,6,Xavi,0,,0.2,
25-26-prem-tottenham-hotspur-vs-crystal-palace,6,Williams-Barnett,0,,,
25-26-prem-tottenham-hotspur-vs-crystal-palace,6,Gallagher,0,,0.2,
25-26-prem-tottenham-hotspur-vs-crystal-palace,6,Souza,1,,,
25-26-prem-tottenham-hotspur-vs-crystal-palace,6,Kyerematen,0,,,
25-26-prem-tottenham-hotspur-vs-crystal-palace,6,Wilson,0,,,
25-26-prem-tottenham-hotspur-vs-crystal-palace,6,Olusesi,0,,,
25-26-prem-tottenham-hotspur-vs-crystal-palace,6,Austin,0,,,
25-26-prem-tottenham-hotspur-vs-crystal-palace,6,Kolo Muani,1,,0.2,
25-26-prem-tottenham-hotspur-vs-crystal-palace,6,Byfield,0,,,
25-26-prem-tottenham-hotspur-vs-crystal-palace,6,Rowswell,0,,,
25-26-prem-tottenham-hotspur-vs-crystal-palace,6,Van de Ven,1,,0.0,
25-26-prem-tottenham-hotspur-vs-crystal-palace,31,Drakes-Thomas,0,,,
25-26-prem-tottenham-hotspur-vs-crystal-palace,31,Henderson,1,,0.0,
25-26-prem-tottenham-hotspur-vs-crystal-palace,31,Benitez,0,,,
25-26-prem-tottenham-hotspur-vs-crystal-palace,31,Matthews,0,,,
25-26-prem-tottenham-hotspur-vs-crystal-palace,31,Muñoz,1,,0.0,
25-26-prem-tottenham-hotspur-vs-crystal-palace,31,Mitchell,1,,0.0,
25-26-prem-tottenham-hotspur-vs-crystal-palace,31,Sosa,0,,0.8,
25-26-prem-tottenham-hotspur-vs-crystal-palace,31,Richards,1,,0.2,
25-26-prem-tottenham-hotspur-vs-crystal-palace,31,Chadi Riad,1,0.2,0.2,
25-26-prem-tottenham-hotspur-vs-crystal-palace,31,Clyne,0,0.2,0.8,
25-26-prem-tottenham-hotspur-vs-crystal-palace,31,Kporha,0,,,
25-26-prem-tottenham-hotspur-vs-crystal-palace,31,Sarr,1,0.2,0.2,
25-26-prem-tottenham-hotspur-vs-crystal-palace,31,Hughes,0,,0.8,
25-26-prem-tottenham-hotspur-vs-crystal-palace,31,Kamada,1,,0.2,
25-26-prem-tottenham-hotspur-vs-crystal-palace,31,Wharton,1,,0.0,
25-26-prem-tottenham-hotspur-vs-crystal-palace,31,Agbinone,0,,,
25-26-prem-tottenham-hotspur-vs-crystal-palace,31,Devenny,0,,,
25-26-prem-tottenham-hotspur-vs-crystal-palace,31,Rodney,0,,,
25-26-prem-tottenham-hotspur-vs-crystal-palace,31,Johnson,0,,0.2,
25-26-prem-tottenham-hotspur-vs-crystal-palace,31,Strand Larsen,1,0.2,0.0,
25-26-prem-tottenham-hotspur-vs-crystal-palace,31,Guessand,1,0.2,,
25-26-prem-tottenham-hotspur-vs-crystal-palace,31,Yeremy,0,,,
25-26-prem-tottenham-hotspur-vs-crystal-palace,31,Canvot,1,,,
25-26-prem-tottenham-hotspur-vs-crystal-palace,31,Uche,0,,,
25-26-prem-tottenham-hotspur-vs-crystal-palace,31,Benamar,0,,,
25-26-prem-tottenham-hotspur-vs-crystal-palace,31,Casey,0,,,
25-26-prem-tottenham-hotspur-vs-crystal-palace,31,King,0,,,
25-26-prem-tottenham-hotspur-vs-crystal-palace,31,Marsh,0,,,
25-26-prem-tottenham-hotspur-vs-crystal-palace,31,Cardines,0,,,
25-26-prem-burnley-vs-afc-bournemouth,90,Brierley,0,,,
25-26-prem-burnley-vs-afc-bournemouth,90,Humphreys,1,,0.2,
25-26-prem-burnley-vs-afc-bournemouth,90,Barnes,0,,,
25-26-prem-burnley-vs-afc-bournemouth,90,Boateng,0,,,
25-26-prem-burnley-vs-afc-bournemouth,90,Worrall,0,,0.2,
25-26-prem-burnley-vs-afc-bournemouth,90,Pimlott,0,,,
25-26-prem-burnley-vs-afc-bournemouth,90,Ugochukwu,0,,0.2,
25-26-prem-burnley-vs-afc-bournemouth,90,Ekdal,0,,0.8,
25-26-prem-burnley-vs-afc-bournemouth,90,Laurent,1,,0.2,
25-26-prem-burnley-vs-afc-bournemouth,90,Tchaouna,0,,0.8,
25-26-prem-burnley-vs-afc-bournemouth,90,Trésor,0,1.0,0.8,
25-26-prem-burnley-vs-afc-bournemouth,90,Flemming,1,0.8,0.2,
25-26-prem-burnley-vs-afc-bournemouth,90,Foster,1,,0.2,
25-26-prem-burnley-vs-afc-bournemouth,90,Dúbravka,1,,0.8,
25-26-prem-burnley-vs-afc-bournemouth,90,McMahon-Brown,0,,,
25-26-prem-burnley-vs-afc-bournemouth,90,Ward-Prowse,1,,0.0,
25-26-prem-burnley-vs-afc-bournemouth,90,Broja,0,1.0,0.2,
25-26-prem-burnley-vs-afc-bournemouth,90,Florentino,0,,0.8,
25-26-prem-burnley-vs-afc-bournemouth,90,Hladký,0,,0.0,
25-26-prem-burnley-vs-afc-bournemouth,90,Walker,1,,,
25-26-prem-burnley-vs-afc-bournemouth,90,Estève,1,,0.0,
25-26-prem-burnley-vs-afc-bournemouth,90,Hartman,1,,,
25-26-prem-burnley-vs-afc-bournemouth,90,Lucas Pires,0,,0.0,
25-26-prem-burnley-vs-afc-bournemouth,90,Anthony,1,,0.8,
25-26-prem-burnley-vs-afc-bournemouth,90,Bruun Larsen,0,,0.8,
25-26-prem-burnley-vs-afc-bournemouth,90,Edwards,0,0.8,,
25-26-prem-burnley-vs-afc-bournemouth,90,Hannibal,1,,0.8,
25-26-prem-burnley-vs-afc-bournemouth,90,Weiss,0,,,
25-26-prem-burnley-vs-afc-bournemouth,91,Christie,1,0.8,0.2,0.8
25-26-prem-burnley-vs-afc-bournemouth,91,Rees-Dottin,0,,,
25-26-prem-burnley-vs-afc-bournemouth,91,DaCosta,0,,,
25-26-prem-burnley-vs-afc-bournemouth,91,Kroupi.Jr,1,0.2,0.8,0.2
25-26-prem-burnley-vs-afc-bournemouth,91,Milosavljević,0,,,0.8
25-26-prem-burnley-vs-afc-bournemouth,91,Forster,0,,,0.8
25-26-prem-burnley-vs-afc-bournemouth,91,Stevens,0,,,
25-26-prem-burnley-vs-afc-bournemouth,91,Senesi,1,,0.0,
25-26-prem-burnley-vs-afc-bournemouth,91,Adli,0,,0.2,0.2
25-26-prem-burnley-vs-afc-bournemouth,91,A.Jimenez,0,,0.2,
25-26-prem-burnley-vs-afc-bournemouth,91,Petrović,1,,0.0,
25-26-prem-burnley-vs-afc-bournemouth,91,McKenna,0,,0.0,
25-26-prem-burnley-vs-afc-bournemouth,91,Smith,1,,0.8,0.8
25-26-prem-burnley-vs-afc-bournemouth,91,Truffert,1,,0.2,
25-26-prem-burnley-vs-afc-bournemouth,91,Akinmboni,0,,,
25-26-prem-burnley-vs-afc-bournemouth,91,Bevan,0,,,
25-26-prem-burnley-vs-afc-bournemouth,91,Hill,1,,,
25-26-prem-burnley-vs-afc-bournemouth,91,Tavernier,1,,0.0,0.8
25-26-prem-burnley-vs-afc-bournemouth,91,Adams,0,,0.8,
25-26-prem-burnley-vs-afc-bournemouth,91,Brooks,0,,0.8,0.8
25-26-prem-burnley-vs-afc-bournemouth,91,Scott,1,,0.2,
25-26-prem-burnley-vs-afc-bournemouth,91,Evanilson,1,,0.0,
25-26-prem-burnley-vs-afc-bournemouth,91,Enes Ünal,0,,0.8,0.8
25-26-prem-burnley-vs-afc-bournemouth,91,Diakité,0,,,0.8
25-26-prem-burnley-vs-afc-bournemouth,91,Tóth.A,0,,,0.8
25-26-prem-burnley-vs-afc-bournemouth,91,Mandas,0,,,0.8
25-26-prem-burnley-vs-afc-bournemouth,91,Rayan,1,,,
25-26-prem-sunderland-vs-brighton-hove-albion,56,Jenson Jones,0,,0.8,
25-26-prem-sunderland-vs-brighton-hove-albion,56,Hume,1,,0.2,
25-26-prem-sunderland-vs-brighton-hove-albion,56,Poveda,0,,0.8,
25-26-prem-sunderland-vs-brighton-hove-albion,56,Rigg,1,,0.2,
25-26-prem-sunderland-vs-brighton-hove-albion,56,Sadiki,1,,0.8,
25-26-prem-sunderland-vs-brighton-hove-albion,56,H.Jones,0,,0.8,
25-26-prem-sunderland-vs-brighton-hove-albion,56,Mayenda,0,0.2,0.8,
25-26-prem-sunderland-vs-brighton-hove-albion,56,Abdullahi,0,,0.8,
25-26-prem-sunderland-vs-brighton-hove-albion,56,Xhaka,1,,0.2,
25-26-prem-sunderland-vs-brighton-hove-albion,56,Alderete,1,,0.2,
25-26-prem-sunderland-vs-brighton-hove-albion,56,Ballard,1,,0.2,
25-26-prem-sunderland-vs-brighton-hove-albion,56,Cirkin,0,,0.2,
25-26-prem-sunderland-vs-brighton-hove-albion,56,O'Nien,0,,0.2,
25-26-prem-sunderland-vs-brighton-hove-albion,56,Diarra,1,,0.8,
25-26-prem-sunderland-vs-brighton-hove-albion,56,E.Le Fée,0,,0.2,
25-26-prem-sunderland-vs-brighton-hove-albion,56,Talbi,1,0.8,0.8,
25-26-prem-sunderland-vs-brighton-hove-albion,56,Ba,0,,0.8,
25-26-prem-sunderland-vs-brighton-hove-albion,56,Isidor,0,,0.2,
25-26-prem-sunderland-vs-brighton-hove-albion,56,Geertruida,1,,0.2,
25-26-prem-sunderland-vs-brighton-hove-albion,56,Brobbey,1,,0.2,
25-26-prem-sunderland-vs-brighton-hove-albion,56,Ellborg,1,,,
25-26-prem-sunderland-vs-brighton-hove-albion,56,Angulo,0,0.8,0.8,
25-26-prem-sunderland-vs-brighton-hove-albion,56,Aleksić,0,,0.8,
25-26-prem-sunderland-vs-brighton-hove-albion,56,Moore,0,,0.8,
25-26-prem-sunderland-vs-brighton-hove-albion,36,Milner,1,0.2,0.8,
25-26-prem-sunderland-vs-brighton-hove-albion,36,Baleba,0,0.2,0.2,
25-26-prem-sunderland-vs-brighton-hove-albion,36,Gomez,1,,,
25-26-prem-sunderland-vs-brighton-hove-albion,36,Oriola,0,,,
25-26-prem-sunderland-vs-brighton-hove-albion,36,Simmonds,0,,,
25-26-prem-sunderland-vs-brighton-hove-albion,36,Groß,1,0.2,,
25-26-prem-sunderland-vs-brighton-hove-albion,36,March,0,,0.8,
25-26-prem-sunderland-vs-brighton-hove-albion,36,Minteh,1,,0.2,
25-26-prem-sunderland-vs-brighton-hove-albion,36,Mitoma,0,0.8,0.0,
25-26-prem-sunderland-vs-brighton-hove-albion,36,Georginio,0,0.2,0.2,
25-26-prem-sunderland-vs-brighton-hove-albion,36,Boscagli,0,,0.2,
25-26-prem-sunderland-vs-brighton-hove-albion,36,Ayari,0,0.8,0.8,
25-26-prem-sunderland-vs-brighton-hove-albion,36,Wieffer,1,,0.2,
25-26-prem-sunderland-vs-brighton-hove-albion,36,Steele,0,,0.8,
25-26-prem-sunderland-vs-brighton-hove-albion,36,De Cuyper,0,,,
25-26-prem-sunderland-vs-brighton-hove-albion,36,Dunk,1,0.2,0.0,
25-26-prem-sunderland-vs-brighton-hove-albion,36,F.Kadıoğlu,1,,0.0,
25-26-prem-sunderland-vs-brighton-hove-albion,36,Igor,0,,0.8,
25-26-prem-sunderland-vs-brighton-hove-albion,36,Van Hecke,1,,0.0,
25-26-prem-sunderland-vs-brighton-hove-albion,36,Veltman,0,,0.8,
25-26-prem-sunderland-vs-brighton-hove-albion,36,Hinshelwood,1,,0.8,
25-26-prem-sunderland-vs-brighton-hove-albion,36,O'Riley,0,,0.8,
25-26-prem-sunderland-vs-brighton-hove-albion,36,Welbeck,1,0.8,0.2,
25-26-prem-sunderland-vs-brighton-hove-albion,36,Kostoulas,0,,,
25-26-prem-sunderland-vs-brighton-hove-albion,36,Howell,0,,,
25-26-prem-sunderland-vs-brighton-hove-albion,36,Verbruggen,1,,0.0,
25-26-prem-sunderland-vs-brighton-hove-albion,36,McGill,0,,,
25-26-prem-sunderland-vs-brighton-hove-albion,36,Tasker,0,,,
25-26-prem-chelsea-vs-newcastle-united,8,Sharman-Lowe,0,,,
25-26-prem-chelsea-vs-newcastle-united,8,Merrick,0,,,
25-26-prem-chelsea-vs-newcastle-united,8,Enzo,1,0.2,0.2,
25-26-prem-chelsea-vs-newcastle-united,8,Emenalo,0,,,
25-26-prem-chelsea-vs-newcastle-united,8,Garnacho,1,,0.2,
25-26-prem-chelsea-vs-newcastle-united,8,Hato,0,,0.8,
25-26-prem-chelsea-vs-newcastle-united,8,B.Badiashile,0,,0.8,
25-26-prem-chelsea-vs-newcastle-united,8,Fofana,1,,0.2,
25-26-prem-chelsea-vs-newcastle-united,8,Gittens,0,0.2,0.8,
25-26-prem-chelsea-vs-newcastle-united,8,Palmer,1,0.2,0.0,
25-26-prem-chelsea-vs-newcastle-united,8,Caicedo,1,0.2,0.0,
25-26-prem-chelsea-vs-newcastle-united,8,Lavia,0,,0.2,
25-26-prem-chelsea-vs-newcastle-united,8,Andrey Santos,0,,0.8,
25-26-prem-chelsea-vs-newcastle-united,8,D.Essugo,0,,0.8,
25-26-prem-chelsea-vs-newcastle-united,8,João Pedro,1,,0.2,
25-26-prem-chelsea-vs-newcastle-united,8,Chalobah,1,,0.8,
25-26-prem-chelsea-vs-newcastle-united,8,Gusto,1,,0.2,
25-26-prem-chelsea-vs-newcastle-united,8,M.Sarr,0,,0.7,
25-26-prem-chelsea-vs-newcastle-united,8,Tosin,0,,0.8,
25-26-prem-chelsea-vs-newcastle-united,8,Acheampong,0,,,
25-26-prem-chelsea-vs-newcastle-united,8,Sánchez,1,,0.2,
25-26-prem-chelsea-vs-newcastle-united,8,Jörgensen,0,,0.8,
25-26-prem-chelsea-vs-newcastle-united,8,Slonina,0,,0.7,
25-26-prem-chelsea-vs-newcastle-united,8,Cucurella,1,,0.2,
25-26-prem-chelsea-vs-newcastle-united,8,James,1,0.2,0.8,
25-26-prem-chelsea-vs-newcastle-united,8,Delap,0,,0.8,
25-26-prem-chelsea-vs-newcastle-united,8,Marc Guiu,0,,0.8,
25-26-prem-chelsea-vs-newcastle-united,4,Barnes,1,,0.2,
25-26-prem-chelsea-vs-newcastle-united,4,J.Ramsey,1,,,
25-26-prem-chelsea-vs-newcastle-united,4,Wissa,0,,0.2,
25-26-prem-chelsea-vs-newcastle-united,4,Pope,0,,0.2,
25-26-prem-chelsea-vs-newcastle-united,4,Ruddy,0,,0.7,
25-26-prem-chelsea-vs-newcastle-united,4,Shahar,0,,,
25-26-prem-chelsea-vs-newcastle-united,4,A.Murphy,0,,,
25-26-prem-chelsea-vs-newcastle-united,4,Pivas,0,,,
25-26-prem-chelsea-vs-newcastle-united,4,Gillespie,0,,0.7,
25-26-prem-chelsea-vs-newcastle-united,4,Hall,1,,0.2,
25-26-prem-chelsea-vs-newcastle-united,4,Botman,1,,0.2,
25-26-prem-chelsea-vs-newcastle-united,4,Burn,0,,0.8,
25-26-prem-chelsea-vs-newcastle-united,4,Livramento,1,,0.2,
25-26-prem-chelsea-vs-newcastle-united,4,Trippier,0,,0.8,
25-26-prem-chelsea-vs-newcastle-united,4,Gordon,1,,0.2,
25-26-prem-chelsea-vs-newcastle-united,4,Elanga,0,,0.8,
25-26-prem-chelsea-vs-newcastle-united,4,J.Murphy,1,,0.8,
25-26-prem-chelsea-vs-newcastle-united,4,Joelinton,0,,0.2,
25-26-prem-chelsea-vs-newcastle-united,4,Tonali,0,,0.2,
25-26-prem-chelsea-vs-newcastle-united,4,Willock,1,,0.2,
25-26-prem-chelsea-vs-newcastle-united,4,Neave,0,,,
25-26-prem-chelsea-vs-newcastle-united,4,Osula,0,,0.8,
25-26-prem-chelsea-vs-newcastle-united,4,Ramsdale,1,,0.7,
25-26-prem-chelsea-vs-newcastle-united,4,Thiaw,1,,0.2,
25-26-prem-chelsea-vs-newcastle-united,4,Seung soo,0,,,
25-26-prem-chelsea-vs-newcastle-united,4,Woltemade,1,,,
25-26-prem-chelsea-vs-newcastle-united,4,Alabi,0,,,
25-26-prem-arsenal-vs-everton,3,Arrizabalaga,0,,0.7,
25-26-prem-arsenal-vs-everton,3,Nichols,0,,,
25-26-prem-arsenal-vs-everton,3,Lewis-Skelly,0,,,
25-26-prem-arsenal-vs-everton,3,Salmon,0,,,
25-26-prem-arsenal-vs-everton,3,J.Timber,1,0.2,0.8,
25-26-prem-arsenal-vs-everton,3,Dowman,0,,,
25-26-prem-arsenal-vs-everton,3,Harriman-Annous,0,,,
25-26-prem-arsenal-vs-everton,3,Calafiori,1,0.2,0.2,
25-26-prem-arsenal-vs-everton,3,Raya,1,0.2,0.0,
25-26-prem-arsenal-vs-everton,3,Saka,1,0.2,0.0,
25-26-prem-arsenal-vs-everton,3,Setford,0,,0.7,
25-26-prem-arsenal-vs-everton,3,Ødegaard,0,,0.0,
25-26-prem-arsenal-vs-everton,3,Madueke,1,0.2,0.8,
25-26-prem-arsenal-vs-everton,3,Martinelli,0,0.8,0.2,
25-26-prem-arsenal-vs-everton,3,Nørgaard,0,,,
25-26-prem-arsenal-vs-everton,3,Zubimendi,1,0.2,0.2,
25-26-prem-arsenal-vs-everton,3,Gabriel,1,0.2,0.0,
25-26-prem-arsenal-vs-everton,3,Saliba,1,0.2,0.0,
25-26-prem-arsenal-vs-everton,3,White,0,,0.0,
25-26-prem-arsenal-vs-everton,3,Trossard,0,,0.8,
25-26-prem-arsenal-vs-everton,3,Rice,1,0.2,0.0,
25-26-prem-arsenal-vs-everton,3,Havertz,1,0.2,0.8,
25-26-prem-arsenal-vs-everton,3,G.Jesus,0,,0.8,
25-26-prem-arsenal-vs-everton,3,Eze,1,0.2,0.8,
25-26-prem-arsenal-vs-everton,3,Gyökeres,0,0.2,0.2,
25-26-prem-arsenal-vs-everton,3,Hincapie,0,,0.8,
25-26-prem-arsenal-vs-everton,3,Mosquera,0,,0.8,
25-26-prem-arsenal-vs-everton,3,Clarke,0,,,
25-26-prem-arsenal-vs-everton,11,Gana,1,,0.2,
25-26-prem-arsenal-vs-everton,11,Dibling,0,,0.8,
25-26-prem-arsenal-vs-everton,11,Röhl,0,,,
25-26-prem-arsenal-vs-everton,11,Graham,0,,,
25-26-prem-arsenal-vs-everton,11,George,0,,,
25-26-prem-arsenal-vs-everton,11,Pickford,1,,0.0,
25-26-prem-arsenal-vs-everton,11,Travers,0,,,
25-26-prem-arsenal-vs-everton,11,O'Brien,1,,0.8,
25-26-prem-arsenal-vs-everton,11,Coleman,0,,0.8,
25-26-prem-arsenal-vs-everton,11,Keane,1,,0.8,
25-26-prem-arsenal-vs-everton,11,Patterson,0,,0.8,
25-26-prem-arsenal-vs-everton,11,Tarkowski,0,,0.0,
25-26-prem-arsenal-vs-everton,11,Mykolenko,1,,0.0,
25-26-prem-arsenal-vs-everton,11,Bates,0,,,
25-26-prem-arsenal-vs-everton,11,Ebere,0,,,
25-26-prem-arsenal-vs-everton,11,King,0,,,
25-26-prem-arsenal-vs-everton,11,Dewsbury-Hall,1,,0.2,
25-26-prem-arsenal-vs-everton,11,Branthwaite,0,,0.0,
25-26-prem-arsenal-vs-everton,11,Welch,0,,,
25-26-prem-arsenal-vs-everton,11,Ndiaye,1,,0.0,
25-26-prem-arsenal-vs-everton,11,McNeil,1,,0.0,
25-26-prem-arsenal-vs-everton,11,Alcaraz,0,,,
25-26-prem-arsenal-vs-everton,11,Garner,1,,0.8,
25-26-prem-arsenal-vs-everton,11,Iroegbunam,1,,0.8,
25-26-prem-arsenal-vs-everton,11,Armstrong,0,,,
25-26-prem-arsenal-vs-everton,11,Barry,0,,,
25-26-prem-arsenal-vs-everton,11,Beto,1,,0.2,
25-26-prem-arsenal-vs-everton,11,Aznou,0,,,
25-26-prem-west-ham-united-vs-manchester-city,21,Taty,1,,0.2,
25-26-prem-west-ham-united-vs-manchester-city,21,Disasi,1,,0.8,
25-26-prem-west-ham-united-vs-manchester-city,21,Diouf,1,,,
25-26-prem-west-ham-united-vs-manchester-city,21,Walker-Peters,0,,0.2,
25-26-prem-west-ham-united-vs-manchester-city,21,Wilson,0,,0.8,
25-26-prem-west-ham-united-vs-manchester-city,21,Pablo,1,0.2,,
25-26-prem-west-ham-united-vs-manchester-city,21,Lamadrid,0,,,
25-26-prem-west-ham-united-vs-manchester-city,21,Potts,0,,,
25-26-prem-west-ham-united-vs-manchester-city,21,Bowen,1,,0.2,
25-26-prem-west-ham-united-vs-manchester-city,21,Adama,0,0.8,0.2,
25-26-prem-west-ham-united-vs-manchester-city,21,Areola,0,,0.2,
25-26-prem-west-ham-united-vs-manchester-city,21,Kilman,0,,0.2,
25-26-prem-west-ham-united-vs-manchester-city,21,Mavropanos,1,0.8,0.8,
25-26-prem-west-ham-united-vs-manchester-city,21,Scarles,0,,,
25-26-prem-west-ham-united-vs-manchester-city,21,Todibo,1,0.8,0.2,
25-26-prem-west-ham-united-vs-manchester-city,21,Wan-Bissaka,1,,0.2,
25-26-prem-west-ham-united-vs-manchester-city,21,Souček,1,,0.2,
25-26-prem-west-ham-united-vs-manchester-city,21,M.Fernandes,1,0.2,0.2,
25-26-prem-west-ham-united-vs-manchester-city,21,S.Magassa,0,,,
25-26-prem-west-ham-united-vs-manchester-city,21,Fabianski,0,,0.7,
25-26-prem-west-ham-united-vs-manchester-city,21,Mayers,0,,,
25-26-prem-west-ham-united-vs-manchester-city,21,Golambeckis,0,,,
25-26-prem-west-ham-united-vs-manchester-city,21,Mohamadou Kanté,0,,,
25-26-prem-west-ham-united-vs-manchester-city,21,Hermansen,1,,,
25-26-prem-west-ham-united-vs-manchester-city,43,Aké,0,,0.8,
25-26-prem-west-ham-united-vs-manchester-city,43,Khusanov,1,,0.8,
25-26-prem-west-ham-united-vs-manchester-city,43,Trafford,0,,0.8,
25-26-prem-west-ham-united-vs-manchester-city,43,Alleyne,0,,,
25-26-prem-west-ham-united-vs-manchester-city,43,Haaland,1,,0.0,
25-26-prem-west-ham-united-vs-manchester-city,43,Donnarumma,1,,0.0,
25-26-prem-west-ham-united-vs-manchester-city,43,McAidoo,0,,,
25-26-prem-west-ham-united-vs-manchester-city,43,Doku,0,,0.8,
25-26-prem-west-ham-united-vs-manchester-city,43,Rodrigo,1,,0.0,
25-26-prem-west-ham-united-vs-manchester-city,43,Kovačić,0,,0.8,
25-26-prem-west-ham-united-vs-manchester-city,43,Semenyo,1,,0.8,
25-26-prem-west-ham-united-vs-manchester-city,43,Guéhi,1,,0.2,
25-26-prem-west-ham-united-vs-manchester-city,43,Bettinelli,0,,0.8,
25-26-prem-west-ham-united-vs-manchester-city,43,Aït-Nouri,1,,0.2,
25-26-prem-west-ham-united-vs-manchester-city,43,Matheus N.,1,,0.8,
25-26-prem-west-ham-united-vs-manchester-city,43,Rúben,0,,0.0,
25-26-prem-west-ham-united-vs-manchester-city,43,Stones,0,,0.2,
25-26-prem-west-ham-united-vs-manchester-city,43,Lewis,0,,0.2,
25-26-prem-west-ham-united-vs-manchester-city,43,O'Reilly,1,,,
25-26-prem-west-ham-united-vs-manchester-city,43,Marmoush,1,,0.2,
25-26-prem-west-ham-united-vs-manchester-city,43,Foden,0,,0.0,
25-26-prem-west-ham-united-vs-manchester-city,43,Savinho,0,,0.8,
25-26-prem-west-ham-united-vs-manchester-city,43,Bernardo,1,,0.2,
25-26-prem-west-ham-united-vs-manchester-city,43,Cherki,0,,0.8,
25-26-prem-west-ham-united-vs-manchester-city,43,N.Gonzalez,0,,0.8,
25-26-prem-west-ham-united-vs-manchester-city,43,Reijnders,0,,0.2,
25-26-prem-west-ham-united-vs-manchester-city,43,Nypan,0,,,
25-26-prem-west-ham-united-vs-manchester-city,43,Gray,0,,,
25-26-prem-west-ham-united-vs-manchester-city,43,Heskey,0,,,
25-26-prem-manchester-united-vs-aston-villa,1,Kukonki,0,,,
25-26-prem-manchester-united-vs-aston-villa,1,Mainoo,1,,0.2,
25-26-prem-manchester-united-vs-aston-villa,1,Ugarte,0,,0.2,
25-26-prem-manchester-united-vs-aston-villa,1,Lacey,0,,,
25-26-prem-manchester-united-vs-aston-villa,1,Bendito Mantato,0,,,
25-26-prem-manchester-united-vs-aston-villa,1,Fletcher,0,,,
25-26-prem-manchester-united-vs-aston-villa,1,Lammens,1,,,
25-26-prem-manchester-united-vs-aston-villa,1,Mbeumo,1,,0.2,
25-26-prem-manchester-united-vs-aston-villa,1,Bayindir,0,,0.8,
25-26-prem-manchester-united-vs-aston-villa,1,Amad,1,,0.2,
25-26-prem-manchester-united-vs-aston-villa,1,Obi,0,,,
25-26-prem-manchester-united-vs-aston-villa,1,Šeško,0,0.8,0.2,
25-26-prem-manchester-united-vs-aston-villa,1,Heaton,0,,,
25-26-prem-manchester-united-vs-aston-villa,1,Mee,0,,,
25-26-prem-manchester-united-vs-aston-villa,1,Mazraoui,0,,0.2,
25-26-prem-manchester-united-vs-aston-villa,1,Dalot,1,0.2,0.8,
25-26-prem-manchester-united-vs-aston-villa,1,Maguire,1,,0.8,
25-26-prem-manchester-united-vs-aston-villa,1,Shaw,1,,0.2,
25-26-prem-manchester-united-vs-aston-villa,1,Yoro,1,,0.2,
25-26-prem-manchester-united-vs-aston-villa,1,Fredricson,0,,,
25-26-prem-manchester-united-vs-aston-villa,1,Heaven,0,,,
25-26-prem-manchester-united-vs-aston-villa,1,Malacia,0,,0.8,
25-26-prem-manchester-united-vs-aston-villa,1,B.Fernandes,1,,0.2,
25-26-prem-manchester-united-vs-aston-villa,1,Cunha,1,,0.8,
25-26-prem-manchester-united-vs-aston-villa,1,Mount,0,0.8,0.8,
25-26-prem-manchester-united-vs-aston-villa,1,Casemiro,1,,0.8,
25-26-prem-manchester-united-vs-aston-villa,1,Fitzgerald,0,,,
25-26-prem-manchester-united-vs-aston-villa,1,J.Fletcher,0,,,
25-26-prem-manchester-united-vs-aston-villa,1,Zirkzee,0,,0.8,
25-26-prem-manchester-united-vs-aston-villa,1,D.Leon,0,,,
25-26-prem-manchester-united-vs-aston-villa,7,Rogers,1,,0.0,
25-26-prem-manchester-united-vs-aston-villa,7,Buendía,1,,0.8,
25-26-prem-manchester-united-vs-aston-villa,7,Onana,1,,0.0,
25-26-prem-manchester-united-vs-aston-villa,7,McGinn,1,0.2,0.0,
25-26-prem-manchester-united-vs-aston-villa,7,Barkley,1,,0.8,
25-26-prem-manchester-united-vs-aston-villa,7,Wright,0,,,
25-26-prem-manchester-united-vs-aston-villa,7,Hollingshead,0,,,
25-26-prem-manchester-united-vs-aston-villa,7,Burrowes,0,,,
25-26-prem-manchester-united-vs-aston-villa,7,Proctor,0,,,
25-26-prem-manchester-united-vs-aston-villa,7,Patterson,0,,,
25-26-prem-manchester-united-vs-aston-villa,7,Bailey,0,0.2,0.2,
25-26-prem-manchester-united-vs-aston-villa,7,Elliott,0,,,
25-26-prem-manchester-united-vs-aston-villa,7,Abraham,0,,0.8,
25-26-prem-manchester-united-vs-aston-villa,7,Martinez,1,,0.0,
25-26-prem-manchester-united-vs-aston-villa,7,Cash,0,0.8,0.2,
25-26-prem-manchester-united-vs-aston-villa,7,Digne,1,,0.2,
25-26-prem-manchester-united-vs-aston-villa,7,Konsa,1,,0.0,
25-26-prem-manchester-united-vs-aston-villa,7,Maatsen,0,,0.8,
25-26-prem-manchester-united-vs-aston-villa,7,Mings,1,,0.8,
25-26-prem-manchester-united-vs-aston-villa,7,Pau,0,,0.0,
25-26-prem-manchester-united-vs-aston-villa,7,A.García,0,,0.8,
25-26-prem-manchester-united-vs-aston-villa,7,Bogarde,1,0.2,0.8,
25-26-prem-manchester-united-vs-aston-villa,7,Watkins,1,,0.0,
25-26-prem-manchester-united-vs-aston-villa,7,Douglas Luiz,0,,0.7,
25-26-prem-manchester-united-vs-aston-villa,7,Lindelöf,0,,,
25-26-prem-manchester-united-vs-aston-villa,7,George Hemmings,0,,,
25-26-prem-manchester-united-vs-aston-villa,7,Leon Routh,0,,,
25-26-prem-manchester-united-vs-aston-villa,7,Carroll,0,,,
25-26-prem-manchester-united-vs-aston-villa,7,Alysson,0,,,
25-26-prem-manchester-united-vs-aston-villa,7,M.Bizot,0,,0.8,
25-26-prem-nottingham-forest-vs-fulham,17,Abbott,0,,,
25-26-prem-nottingham-forest-vs-fulham,17,Bakwa,0,,,
25-26-prem-nottingham-forest-vs-fulham,17,McAtee,0,,0.8,
25-26-prem-nottingham-forest-vs-fulham,17,Milenković,1,,0.0,
25-26-prem-nottingham-forest-vs-fulham,17,Murillo,1,,0.0,
25-26-prem-nottingham-forest-vs-fulham,17,Aina,1,,0.0,
25-26-prem-nottingham-forest-vs-fulham,17,N.Williams,1,,0.0,
25-26-prem-nottingham-forest-vs-fulham,17,Ortega Moreno,0,1.0,,
25-26-prem-nottingham-forest-vs-fulham,17,Sels,1,,0.0,
25-26-prem-nottingham-forest-vs-fulham,17,Da Silva Moreira,0,,0.8,
25-26-prem-nottingham-forest-vs-fulham,17,Ndoye,0,0.8,,
25-26-prem-nottingham-forest-vs-fulham,17,Gibbs-White,1,,0.0,
25-26-prem-nottingham-forest-vs-fulham,17,Hudson-Odoi,1,,0.0,
25-26-prem-nottingham-forest-vs-fulham,17,Dominguez,1,0.2,0.8,
25-26-prem-nottingham-forest-vs-fulham,17,Netz,0,,0.8,
25-26-prem-nottingham-forest-vs-fulham,17,Sangaré,1,,0.2,
25-26-prem-nottingham-forest-vs-fulham,17,Yates,0,,0.0,
25-26-prem-nottingham-forest-vs-fulham,17,Jair Cunha,0,0.8,,
25-26-prem-nottingham-forest-vs-fulham,17,Morato,0,,0.8,
25-26-prem-nottingham-forest-vs-fulham,17,Igor Jesus,1,,0.2,
25-26-prem-nottingham-forest-vs-fulham,17,Awoniyi,0,,0.8,
25-26-prem-nottingham-forest-vs-fulham,17,Anderson,1,,0.8,
25-26-prem-nottingham-forest-vs-fulham,17,Gunn,0,,,
25-26-prem-nottingham-forest-vs-fulham,17,Hutchinson,0,,,
25-26-prem-nottingham-forest-vs-fulham,17,Lucca,0,,,
25-26-prem-nottingham-forest-vs-fulham,54,Castagne,0,,0.8,
25-26-prem-nottingham-forest-vs-fulham,54,Diop,0,,0.8,
25-26-prem-nottingham-forest-vs-fulham,54,Lecomte,0,,0.7,
25-26-prem-nottingham-forest-vs-fulham,54,Andersen,1,,0.0,
25-26-prem-nottingham-forest-vs-fulham,54,Bassey,1,,0.0,
25-26-prem-nottingham-forest-vs-fulham,54,Wilson,1,,0.8,
25-26-prem-nottingham-forest-vs-fulham,54,Leno,1,,0.0,
25-26-prem-nottingham-forest-vs-fulham,54,Robinson,1,,0.0,
25-26-prem-nottingham-forest-vs-fulham,54,J.Cuenca,0,,,
25-26-prem-nottingham-forest-vs-fulham,54,Raúl,1,,0.2,
25-26-prem-nottingham-forest-vs-fulham,54,Muniz,0,,0.8,
25-26-prem-nottingham-forest-vs-fulham,54,Chukwueze,0,,0.2,
25-26-prem-nottingham-forest-vs-fulham,54,Reed,0,,0.8,
25-26-prem-nottingham-forest-vs-fulham,54,McNally,0,,,
25-26-prem-nottingham-forest-vs-fulham,54,Tete,1,,0.2,
25-26-prem-nottingham-forest-vs-fulham,54,Amissah,0,,,
25-26-prem-nottingham-forest-vs-fulham,54,Iwobi,1,,0.2,
25-26-prem-nottingham-forest-vs-fulham,54,Smith Rowe,0,,0.2,
25-26-prem-nottingham-forest-vs-fulham,54,Sessegnon,0,,0.8,
25-26-prem-nottingham-forest-vs-fulham,54,Bobb,1,,0.8,
25-26-prem-nottingham-forest-vs-fulham,54,Kusi-Asare,0,,,
25-26-prem-nottingham-forest-vs-fulham,54,Ridgeon,0,,,
25-26-prem-nottingham-forest-vs-fulham,54,Berge,1,,0.2,
25-26-prem-nottingham-forest-vs-fulham,54,Cairney,0,,0.8,
25-26-prem-nottingham-forest-vs-fulham,54,Lukić,0,,0.2,
25-26-prem-nottingham-forest-vs-fulham,54,King,1,,,
25-26-prem-crystal-palace-vs-leeds-united,31,Rodney,0,,,
25-26-prem-crystal-palace-vs-leeds-united,31,Agbinone,0,,,
25-26-prem-crystal-palace-vs-leeds-united,31,Benamar,0,,,
25-26-prem-crystal-palace-vs-leeds-united,31,Mateta,0,0.8,0.0,
25-26-prem-crystal-palace-vs-leeds-united,31,Yeremy,0,0.8,,
25-26-prem-crystal-palace-vs-leeds-united,31,Canvot,1,,,
25-26-prem-crystal-palace-vs-leeds-united,31,Uche,0,,,
25-26-prem-crystal-palace-vs-leeds-united,31,Drakes-Thomas,0,,,
25-26-prem-crystal-palace-vs-leeds-united,31,Casey,0,,,
25-26-prem-crystal-palace-vs-leeds-united,31,King,0,,,
25-26-prem-crystal-palace-vs-leeds-united,31,Muñoz,0,0.8,0.0,
25-26-prem-crystal-palace-vs-leeds-united,31,Lacroix,1,,0.0,
25-26-prem-crystal-palace-vs-leeds-united,31,Matthews,0,,,
25-26-prem-crystal-palace-vs-leeds-united,31,Sosa,0,,,
25-26-prem-crystal-palace-vs-leeds-united,31,Richards,1,,0.0,
25-26-prem-crystal-palace-vs-leeds-united,31,Chadi Riad,0,0.8,0.8,
25-26-prem-crystal-palace-vs-leeds-united,31,Cardines,0,,,
25-26-prem-crystal-palace-vs-leeds-united,31,Kporha,0,,,
25-26-prem-crystal-palace-vs-leeds-united,31,Henderson,0,,0.0,
25-26-prem-crystal-palace-vs-leeds-united,31,Benitez,1,,,
25-26-prem-crystal-palace-vs-leeds-united,31,Mitchell,1,,0.0,
25-26-prem-crystal-palace-vs-leeds-united,31,Wharton,0,,0.0,
25-26-prem-crystal-palace-vs-leeds-united,31,Hughes,1,0.8,0.8,
25-26-prem-crystal-palace-vs-leeds-united,31,Lerma,1,,0.2,
25-26-prem-crystal-palace-vs-leeds-united,31,Devenny,0,,,
25-26-prem-crystal-palace-vs-leeds-united,31,Clyne,0,,0.8,
25-26-prem-crystal-palace-vs-leeds-united,31,Sarr,1,,0.2,
25-26-prem-crystal-palace-vs-leeds-united,31,Kamada,0,,0.2,
25-26-prem-crystal-palace-vs-leeds-united,31,Strand Larsen,1,,0.8,
25-26-prem-crystal-palace-vs-leeds-united,31,Guessand,1,,,
25-26-prem-crystal-palace-vs-leeds-united,31,Marsh,0,,,
25-26-prem-crystal-palace-vs-leeds-united,31,Johnson,1,0.2,0.8,
25-26-prem-crystal-palace-vs-leeds-united,2,Perri,0,,,
25-26-prem-crystal-palace-vs-leeds-united,2,Nmecha,1,,0.8,
25-26-prem-crystal-palace-vs-leeds-united,2,Piroe,0,,0.8,
25-26-prem-crystal-palace-vs-leeds-united,2,Darlow,1,,,
25-26-prem-crystal-palace-vs-leeds-united,2,Bogle,0,,0.0,
25-26-prem-crystal-palace-vs-leeds-united,2,Struijk,1,,0.0,
25-26-prem-crystal-palace-vs-leeds-united,2,Gnonto,0,,0.0,
25-26-prem-crystal-palace-vs-leeds-united,2,James,0,,0.8,
25-26-prem-crystal-palace-vs-leeds-united,2,Ampadu,1,,0.0,
25-26-prem-crystal-palace-vs-leeds-united,2,Meslier,0,,0.0,
25-26-prem-crystal-palace-vs-leeds-united,2,Buonanotte,0,,0.0,
25-26-prem-crystal-palace-vs-leeds-united,2,Cairns,0,,,
25-26-prem-crystal-palace-vs-leeds-united,2,Bijol,1,,0.2,
25-26-prem-crystal-palace-vs-leeds-united,2,Bornauw,0,,0.8,
25-26-prem-crystal-palace-vs-leeds-united,2,Byram,0,,0.8,
25-26-prem-crystal-palace-vs-leeds-united,2,Gudmundsson,1,,0.8,
25-26-prem-crystal-palace-vs-leeds-united,2,Rodon,1,,0.0,
25-26-prem-crystal-palace-vs-leeds-united,2,Aaronson,1,,0.8,
25-26-prem-crystal-palace-vs-leeds-united,2,Gruev,0,,0.8,
25-26-prem-crystal-palace-vs-leeds-united,2,Tanaka,0,,0.2,
25-26-prem-crystal-palace-vs-leeds-united,2,Longstaff,0,,0.8,
25-26-prem-crystal-palace-vs-leeds-united,2,Stach,1,,0.8,
25-26-prem-crystal-palace-vs-leeds-united,2,Calvert-Lewin,1,,0.0,
25-26-prem-crystal-palace-vs-leeds-united,2,Okafor,0,,0.8,
25-26-prem-crystal-palace-vs-leeds-united,2,Justin,1,,0.2,
25-26-prem-crystal-palace-vs-leeds-united,2,Chambers,0,,0.8,
25-26-prem-liverpool-vs-tottenham-hotspur,14,Mac Allister,1,,0.0,
25-26-prem-liverpool-vs-tottenham-hotspur,14,Morrison,0,,,
25-26-prem-liverpool-vs-tottenham-hotspur,14,Konaté,0,,0.2,
25-26-prem-liverpool-vs-tottenham-hotspur,14,Pécsi,0,,,
25-26-prem-liverpool-vs-tottenham-hotspur,14,Woodman,0,,,
25-26-prem-liverpool-vs-tottenham-hotspur,14,Frimpong,1,,0.2,
25-26-prem-liverpool-vs-tottenham-hotspur,14,Kerkez,0,,0.2,
25-26-prem-liverpool-vs-tottenham-hotspur,14,A.Becker,1,0.8,0.0,
25-26-prem-liverpool-vs-tottenham-hotspur,14,Mamardashvili,0,,0.8,
25-26-prem-liverpool-vs-tottenham-hotspur,14,Robertson,1,0.2,0.8,
25-26-prem-liverpool-vs-tottenham-hotspur,14,Virgil,1,,0.0,
25-26-prem-liverpool-vs-tottenham-hotspur,14,Gomez,1,,0.8,
25-26-prem-liverpool-vs-tottenham-hotspur,14,Nallo,0,,,
25-26-prem-liverpool-vs-tottenham-hotspur,14,R.Williams,0,,,
25-26-prem-liverpool-vs-tottenham-hotspur,14,Ramsay,0,,,
25-26-prem-liverpool-vs-tottenham-hotspur,14,M.Salah,0,,0.0,
25-26-prem-liverpool-vs-tottenham-hotspur,14,Wirtz,1,0.8,0.0,
25-26-prem-liverpool-vs-tottenham-hotspur,14,Gakpo,1,,0.2,
25-26-prem-liverpool-vs-tottenham-hotspur,14,Chiesa,0,0.2,0.8,
25-26-prem-liverpool-vs-tottenham-hotspur,14,Szoboszlai,1,,0.2,
25-26-prem-liverpool-vs-tottenham-hotspur,14,C.Jones,0,0.2,0.8,
25-26-prem-liverpool-vs-tottenham-hotspur,14,Gravenberch,1,,0.2,
25-26-prem-liverpool-vs-tottenham-hotspur,14,Nyoni,0,,,
25-26-prem-liverpool-vs-tottenham-hotspur,14,Ekitiké,0,,0.8,
25-26-prem-liverpool-vs-tottenham-hotspur,14,Lucky,0,,,
25-26-prem-liverpool-vs-tottenham-hotspur,14,Ngumoha,1,0.2,,
25-26-prem-liverpool-vs-tottenham-hotspur,6,Dragusin,1,,0.2,
25-26-prem-liverpool-vs-tottenham-hotspur,6,Spence,1,,0.8,
25-26-prem-liverpool-vs-tottenham-hotspur,6,Byfield,0,,,
25-26-prem-liverpool-vs-tottenham-hotspur,6,Williams-Barnett,0,,,
25-26-prem-liverpool-vs-tottenham-hotspur,6,Gray,1,,0.8,
25-26-prem-liverpool-vs-tottenham-hotspur,6,Tel,1,,0.2,
25-26-prem-liverpool-vs-tottenham-hotspur,6,Austin,0,,0.7,
25-26-prem-liverpool-vs-tottenham-hotspur,6,Kyerematen,0,,,
25-26-prem-liverpool-vs-tottenham-hotspur,6,Olusesi,0,,,
25-26-prem-liverpool-vs-tottenham-hotspur,6,Vicario,1,0.0,0.0,0.0
25-26-prem-liverpool-vs-tottenham-hotspur,6,Kinsky,0,,,
25-26-prem-liverpool-vs-tottenham-hotspur,6,Pedro Porro,1,,0.0,
25-26-prem-liverpool-vs-tottenham-hotspur,6,Danso,1,,0.2,
25-26-prem-liverpool-vs-tottenham-hotspur,6,Udogie,0,1.0,0.0,
25-26-prem-liverpool-vs-tottenham-hotspur,6,P.M.Sarr,1,,0.2,
25-26-prem-liverpool-vs-tottenham-hotspur,6,Solanke,1,,0.0,
25-26-prem-liverpool-vs-tottenham-hotspur,6,Richarlison,1,,0.8,
25-26-prem-liverpool-vs-tottenham-hotspur,6,Xavi,0,,0.2,
25-26-prem-liverpool-vs-tottenham-hotspur,6,Kolo Muani,0,,0.8,
25-26-prem-liverpool-vs-tottenham-hotspur,6,Rowswell,0,,,
25-26-prem-liverpool-vs-tottenham-hotspur,6,Gallagher,0,0.2,0.0,0.2
25-26-prem-liverpool-vs-tottenham-hotspur,6,Souza,1,,,
25-26-prem-liverpool-vs-tottenham-hotspur,6,Wilson,0,,,
25-26-prem-brentford-vs-wolverhampton-wanderers,94,Eyestone,0,,0.8,
25-26-prem-brentford-vs-wolverhampton-wanderers,94,Yarmoliuk,0,,0.8,
25-26-prem-brentford-vs-wolverhampton-wanderers,94,Donovan,0,,,
25-26-prem-brentford-vs-wolverhampton-wanderers,94,Van den Berg,1,,0.0,
25-26-prem-brentford-vs-wolverhampton-wanderers,94,Kayode,1,,,
25-26-prem-brentford-vs-wolverhampton-wanderers,94,Henderson,1,,,
25-26-prem-brentford-vs-wolverhampton-wanderers,94,Jensen,1,,0.2,
25-26-prem-brentford-vs-wolverhampton-wanderers,94,Thiago,1,,0.2,
25-26-prem-brentford-vs-wolverhampton-wanderers,94,Kelleher,1,,0.0,
25-26-prem-brentford-vs-wolverhampton-wanderers,94,Balcombe,0,,0.8,
25-26-prem-brentford-vs-wolverhampton-wanderers,94,Valdimarsson,0,,0.8,
25-26-prem-brentford-vs-wolverhampton-wanderers,94,Pinnock,0,,0.0,
25-26-prem-brentford-vs-wolverhampton-wanderers,94,Furo,0,,,
25-26-prem-brentford-vs-wolverhampton-wanderers,94,Bentt,0,,,
25-26-prem-brentford-vs-wolverhampton-wanderers,94,Schade,1,,0.2,
25-26-prem-brentford-vs-wolverhampton-wanderers,94,Damsgaard,1,,0.0,
25-26-prem-brentford-vs-wolverhampton-wanderers,94,Shield,0,,,
25-26-prem-brentford-vs-wolverhampton-wanderers,94,Nelson,0,0.8,0.2,
25-26-prem-brentford-vs-wolverhampton-wanderers,94,O.Dango,1,,,
25-26-prem-brentford-vs-wolverhampton-wanderers,94,Collins,1,0.2,0.0,
25-26-prem-brentford-vs-wolverhampton-wanderers,94,Lewis-Potter,1,0.2,0.0,
25-26-prem-brentford-vs-wolverhampton-wanderers,94,Ajer,0,0.2,0.2,
25-26-prem-brentford-vs-wolverhampton-wanderers,39,J.Gomes,1,,0.2,
25-26-prem-brentford-vs-wolverhampton-wanderers,39,Johnstone,0,,0.8,
25-26-prem-brentford-vs-wolverhampton-wanderers,39,José Sá,1,0.8,0.2,
25-26-prem-brentford-vs-wolverhampton-wanderers,39,Bentley,0,,,
25-26-prem-brentford-vs-wolverhampton-wanderers,39,R.Gomes,0,,0.2,
25-26-prem-brentford-vs-wolverhampton-wanderers,39,Krejčí,1,,0.2,
25-26-prem-brentford-vs-wolverhampton-wanderers,39,Doherty,0,,0.8,
25-26-prem-brentford-vs-wolverhampton-wanderers,39,Tolu,0,,,
25-26-prem-brentford-vs-wolverhampton-wanderers,39,Mané,1,0.8,,
25-26-prem-brentford-vs-wolverhampton-wanderers,39,Rawlings,0,,,
25-26-prem-brentford-vs-wolverhampton-wanderers,39,H.Bueno,1,,,
25-26-prem-brentford-vs-wolverhampton-wanderers,39,Mosquera,1,,1.0,
25-26-prem-brentford-vs-wolverhampton-wanderers,39,Pedro Lima,0,,0.8,
25-26-prem-brentford-vs-wolverhampton-wanderers,39,Møller Wolfe,0,,0.2,
25-26-prem-brentford-vs-wolverhampton-wanderers,39,Tchatchoua,1,,0.2,
25-26-prem-brentford-vs-wolverhampton-wanderers,39,Sutherland,0,,,
25-26-prem-brentford-vs-wolverhampton-wanderers,39,S.Bueno,1,,0.2,
25-26-prem-brentford-vs-wolverhampton-wanderers,39,Toti,0,,0.2,
25-26-prem-brentford-vs-wolverhampton-wanderers,39,Hee Chan,0,,0.2,
25-26-prem-brentford-vs-wolverhampton-wanderers,39,Olagunju,0,,,
25-26-prem-brentford-vs-wolverhampton-wanderers,39,Abbey,0,,,
25-26-prem-brentford-vs-wolverhampton-wanderers,39,Angel,0,,,
25-26-prem-brentford-vs-wolverhampton-wanderers,39,Armstrong,1,,,
25-26-prem-brentford-vs-wolverhampton-wanderers,39,Chiwome,0,,0.8,
25-26-prem-brentford-vs-wolverhampton-wanderers,39,Fraser,0,,,
25-26-prem-brentford-vs-wolverhampton-wanderers,39,André,1,,0.2,
25-26-prem-brentford-vs-wolverhampton-wanderers,39,Bellegarde,1,,0.8,
25-26-prem-brentford-vs-wolverhampton-wanderers,39,Edozie,0,,0.8,
25-26-prem-brentford-vs-wolverhampton-wanderers,39,Gonzalez,0,,0.2,
25-26-prem-afc-bournemouth-vs-manchester-united,91,Christie,1,,0.2,
25-26-prem-afc-bournemouth-vs-manchester-united,91,Diakité,0,,0.2,
25-26-prem-afc-bournemouth-vs-manchester-united,91,Adli,1,,0.2,
25-26-prem-afc-bournemouth-vs-manchester-united,91,Senesi,1,,0.2,
25-26-prem-afc-bournemouth-vs-manchester-united,91,Smith,0,,0.8,
25-26-prem-afc-bournemouth-vs-manchester-united,91,Truffert,1,,0.2,
25-26-prem-afc-bournemouth-vs-manchester-united,91,Akinmboni,0,,0.8,
25-26-prem-afc-bournemouth-vs-manchester-united,91,Bevan,0,,,
25-26-prem-afc-bournemouth-vs-manchester-united,91,Tavernier,1,,0.2,
25-26-prem-afc-bournemouth-vs-manchester-united,91,Brooks,0,,0.8,
25-26-prem-afc-bournemouth-vs-manchester-united,91,Evanilson,1,,0.2,
25-26-prem-afc-bournemouth-vs-manchester-united,91,Enes Ünal,0,,0.8,
25-26-prem-afc-bournemouth-vs-manchester-united,91,Kroupi.Jr,0,,0.8,
25-26-prem-afc-bournemouth-vs-manchester-united,91,Gannon-Doak,0,,,
25-26-prem-afc-bournemouth-vs-manchester-united,91,A.Jimenez,1,,0.8,
25-26-prem-afc-bournemouth-vs-manchester-united,91,Milosavljević,0,,,
25-26-prem-afc-bournemouth-vs-manchester-united,91,Forster,0,,0.8,
25-26-prem-afc-bournemouth-vs-manchester-united,91,Stevens,0,,,
25-26-prem-afc-bournemouth-vs-manchester-united,91,Tóth.A,0,,,
25-26-prem-afc-bournemouth-vs-manchester-united,91,Mandas,0,,0.2,
25-26-prem-afc-bournemouth-vs-manchester-united,91,Rayan,1,,,
25-26-prem-afc-bournemouth-vs-manchester-united,91,Petrović,1,,0.8,
25-26-prem-afc-bournemouth-vs-manchester-united,91,McKenna,0,,0.2,
25-26-prem-afc-bournemouth-vs-manchester-united,91,Scott,1,,0.8,
25-26-prem-afc-bournemouth-vs-manchester-united,91,Rees-Dottin,0,,,
25-26-prem-afc-bournemouth-vs-manchester-united,91,Hill,1,,0.8,
25-26-prem-afc-bournemouth-vs-manchester-united,91,DaCosta,0,,,
25-26-prem-afc-bournemouth-vs-manchester-united,1,Kukonki,0,,,
25-26-prem-afc-bournemouth-vs-manchester-united,1,Mbeumo,1,,0.2,
25-26-prem-afc-bournemouth-vs-manchester-united,1,Bayindir,0,,0.8,
25-26-prem-afc-bournemouth-vs-manchester-united,1,Heaton,0,,,
25-26-prem-afc-bournemouth-vs-manchester-united,1,Mee,0,,,
25-26-prem-afc-bournemouth-vs-manchester-united,1,Mazraoui,0,,0.2,
25-26-prem-afc-bournemouth-vs-manchester-united,1,D.Leon,0,,,
25-26-prem-afc-bournemouth-vs-manchester-united,1,Dalot,1,,0.2,
25-26-prem-afc-bournemouth-vs-manchester-united,1,Maguire,1,,0.8,
25-26-prem-afc-bournemouth-vs-manchester-united,1,Shaw,1,,0.2,
25-26-prem-afc-bournemouth-vs-manchester-united,1,Yoro,1,,0.2,
25-26-prem-afc-bournemouth-vs-manchester-united,1,Fredricson,0,,,
25-26-prem-afc-bournemouth-vs-manchester-united,1,Heaven,0,,,
25-26-prem-afc-bournemouth-vs-manchester-united,1,Malacia,0,,0.8,
25-26-prem-afc-bournemouth-vs-manchester-united,1,B.Fernandes,1,,0.0,
25-26-prem-afc-bournemouth-vs-manchester-united,1,Cunha,1,,0.2,
25-26-prem-afc-bournemouth-vs-manchester-united,1,Amad,1,,0.8,
25-26-prem-afc-bournemouth-vs-manchester-united,1,Mount,0,,0.8,
25-26-prem-afc-bournemouth-vs-manchester-united,1,Casemiro,1,,0.8,
25-26-prem-afc-bournemouth-vs-manchester-united,1,Mainoo,1,,0.0,
25-26-prem-afc-bournemouth-vs-manchester-united,1,Ugarte,0,,0.2,
25-26-prem-afc-bournemouth-vs-manchester-united,1,Obi,0,,,
25-26-prem-afc-bournemouth-vs-manchester-united,1,Fitzgerald,0,,,
25-26-prem-afc-bournemouth-vs-manchester-united,1,J.Fletcher,0,,,
25-26-prem-afc-bournemouth-vs-manchester-united,1,Zirkzee,0,,0.8,
25-26-prem-afc-bournemouth-vs-manchester-united,1,Šeško,0,,0.2,
25-26-prem-afc-bournemouth-vs-manchester-united,1,Lammens,1,,,
25-26-prem-afc-bournemouth-vs-manchester-united,1,Lacey,0,,,
25-26-prem-afc-bournemouth-vs-manchester-united,1,Bendito Mantato,0,,,
25-26-prem-afc-bournemouth-vs-manchester-united,1,Fletcher,0,,,
25-26-prem-brighton-hove-albion-vs-liverpool,36,Steele,0,,0.8,
25-26-prem-brighton-hove-albion-vs-liverpool,36,Verbruggen,1,,0.0,
25-26-prem-brighton-hove-albion-vs-liverpool,36,McGill,0,,,
25-26-prem-brighton-hove-albion-vs-liverpool,36,Boscagli,0,,0.8,
25-26-prem-brighton-hove-albion-vs-liverpool,36,De Cuyper,0,,0.2,
25-26-prem-brighton-hove-albion-vs-liverpool,36,Dunk,1,,0.0,
25-26-prem-brighton-hove-albion-vs-liverpool,36,F.Kadıoğlu,1,,0.2,
25-26-prem-brighton-hove-albion-vs-liverpool,36,Van Hecke,1,,0.0,
25-26-prem-brighton-hove-albion-vs-liverpool,36,Veltman,0,,0.8,
25-26-prem-brighton-hove-albion-vs-liverpool,36,Mitoma,0,0.2,0.0,
25-26-prem-brighton-hove-albion-vs-liverpool,36,Georginio,0,,0.2,
25-26-prem-brighton-hove-albion-vs-liverpool,36,Minteh,1,0.2,0.2,
25-26-prem-brighton-hove-albion-vs-liverpool,36,Hinshelwood,1,,0.2,
25-26-prem-brighton-hove-albion-vs-liverpool,36,Ayari,0,0.8,0.2,
25-26-prem-brighton-hove-albion-vs-liverpool,36,Baleba,0,0.2,0.0,
25-26-prem-brighton-hove-albion-vs-liverpool,36,Gomez,1,,,
25-26-prem-brighton-hove-albion-vs-liverpool,36,Milner,1,0.8,0.8,
25-26-prem-brighton-hove-albion-vs-liverpool,36,Wieffer,1,,0.2,
25-26-prem-brighton-hove-albion-vs-liverpool,36,Welbeck,1,,0.0,
25-26-prem-brighton-hove-albion-vs-liverpool,36,Kostoulas,0,,0.8,
25-26-prem-brighton-hove-albion-vs-liverpool,36,Oriola,0,,,
25-26-prem-brighton-hove-albion-vs-liverpool,36,Simmonds,0,,,
25-26-prem-brighton-hove-albion-vs-liverpool,36,Groß,1,,,
25-26-prem-brighton-hove-albion-vs-liverpool,36,Howell,0,,,
25-26-prem-brighton-hove-albion-vs-liverpool,36,O'Riley,0,,0.2,
25-26-prem-brighton-hove-albion-vs-liverpool,36,Tasker,0,,,
25-26-prem-brighton-hove-albion-vs-liverpool,36,Igor,0,,0.8,
25-26-prem-brighton-hove-albion-vs-liverpool,36,March,0,,0.8,
25-26-prem-brighton-hove-albion-vs-liverpool,14,Nallo,0,,,
25-26-prem-brighton-hove-albion-vs-liverpool,14,A.Becker,0,,0.0,
25-26-prem-brighton-hove-albion-vs-liverpool,14,Mamardashvili,1,,0.8,
25-26-prem-brighton-hove-albion-vs-liverpool,14,Pécsi,0,,,
25-26-prem-brighton-hove-albion-vs-liverpool,14,Woodman,0,,,
25-26-prem-brighton-hove-albion-vs-liverpool,14,Frimpong,1,,0.2,0.2
25-26-prem-brighton-hove-albion-vs-liverpool,14,Kerkez,1,,0.2,
25-26-prem-brighton-hove-albion-vs-liverpool,14,Robertson,0,,0.8,0.2
25-26-prem-brighton-hove-albion-vs-liverpool,14,Virgil,1,,0.0,
25-26-prem-brighton-hove-albion-vs-liverpool,14,Konaté,1,,0.0,
25-26-prem-brighton-hove-albion-vs-liverpool,14,Gomez,0,,0.8,0.8
25-26-prem-brighton-hove-albion-vs-liverpool,14,R.Williams,0,,,
25-26-prem-brighton-hove-albion-vs-liverpool,14,Ramsay,0,,,
25-26-prem-brighton-hove-albion-vs-liverpool,14,M.Salah,0,1.0,0.0,1.0
25-26-prem-brighton-hove-albion-vs-liverpool,14,Wirtz,1,,0.0,
25-26-prem-brighton-hove-albion-vs-liverpool,14,Gakpo,1,,0.2,0.2
25-26-prem-brighton-hove-albion-vs-liverpool,14,Chiesa,0,,0.8,
25-26-prem-brighton-hove-albion-vs-liverpool,14,Mac Allister,1,,0.0,
25-26-prem-brighton-hove-albion-vs-liverpool,14,Szoboszlai,1,,0.0,
25-26-prem-brighton-hove-albion-vs-liverpool,14,C.Jones,0,,0.8,0.2
25-26-prem-brighton-hove-albion-vs-liverpool,14,Gravenberch,1,,0.2,
25-26-prem-brighton-hove-albion-vs-liverpool,14,Nyoni,0,,,
25-26-prem-brighton-hove-albion-vs-liverpool,14,Ekitiké,1,,0.8,
25-26-prem-brighton-hove-albion-vs-liverpool,14,Ngumoha,0,,,0.2
25-26-prem-brighton-hove-albion-vs-liverpool,14,Morrison,0,,,
25-26-prem-brighton-hove-albion-vs-liverpool,14,Lucky,0,,,
25-26-prem-fulham-vs-burnley,54,Leno,1,,0.0,
25-26-prem-fulham-vs-burnley,54,Robinson,1,,0.0,
25-26-prem-fulham-vs-burnley,54,Andersen,1,,0.0,
25-26-prem-fulham-vs-burnley,54,Bassey,1,,0.0,
25-26-prem-fulham-vs-burnley,54,Castagne,1,0.2,0.8,
25-26-prem-fulham-vs-burnley,54,Diop,0,,0.8,
25-26-prem-fulham-vs-burnley,54,J.Cuenca,0,,,
25-26-prem-fulham-vs-burnley,54,Tete,0,0.8,0.2,
25-26-prem-fulham-vs-burnley,54,Amissah,0,,,
25-26-prem-fulham-vs-burnley,54,Iwobi,1,,0.0,
25-26-prem-fulham-vs-burnley,54,Smith Rowe,0,0.8,0.0,
25-26-prem-fulham-vs-burnley,54,Sessegnon,0,,0.8,
25-26-prem-fulham-vs-burnley,54,Wilson,1,,0.8,
25-26-prem-fulham-vs-burnley,54,Berge,1,,0.0,
25-26-prem-fulham-vs-burnley,54,King,1,0.2,,
25-26-prem-fulham-vs-burnley,54,Reed,0,,0.8,
25-26-prem-fulham-vs-burnley,54,Raúl,0,,0.8,
25-26-prem-fulham-vs-burnley,54,Muniz,1,,0.2,
25-26-prem-fulham-vs-burnley,54,Bobb,1,0.2,0.2,
25-26-prem-fulham-vs-burnley,54,Chukwueze,0,0.8,0.8,
25-26-prem-fulham-vs-burnley,54,Kusi-Asare,0,,,
25-26-prem-fulham-vs-burnley,54,Ridgeon,0,,,
25-26-prem-fulham-vs-burnley,54,McNally,0,,,
25-26-prem-fulham-vs-burnley,54,Lecomte,0,,,
25-26-prem-fulham-vs-burnley,54,Cairney,0,,0.8,
25-26-prem-fulham-vs-burnley,54,Lukić,0,,0.8,
25-26-prem-fulham-vs-burnley,90,Ekdal,0,,0.8,
25-26-prem-fulham-vs-burnley,90,Estève,1,,0.0,
25-26-prem-fulham-vs-burnley,90,Hartman,1,,0.8,
25-26-prem-fulham-vs-burnley,90,Humphreys,1,,0.2,
25-26-prem-fulham-vs-burnley,90,Lucas Pires,0,,0.0,
25-26-prem-fulham-vs-burnley,90,Bruun Larsen,0,,0.8,
25-26-prem-fulham-vs-burnley,90,Edwards,0,,0.8,
25-26-prem-fulham-vs-burnley,90,Hannibal,1,,0.2,
25-26-prem-fulham-vs-burnley,90,Laurent,1,,0.8,
25-26-prem-fulham-vs-burnley,90,Tchaouna,0,,0.8,
25-26-prem-fulham-vs-burnley,90,Ugochukwu,0,,0.0,
25-26-prem-fulham-vs-burnley,90,Broja,0,,0.0,
25-26-prem-fulham-vs-burnley,90,Florentino,0,,0.8,
25-26-prem-fulham-vs-burnley,90,Dúbravka,1,,0.0,
25-26-prem-fulham-vs-burnley,90,Ward-Prowse,1,,0.0,
25-26-prem-fulham-vs-burnley,90,Weiss,0,,,
25-26-prem-fulham-vs-burnley,90,Worrall,0,,0.0,
25-26-prem-fulham-vs-burnley,90,Anthony,1,,0.2,
25-26-prem-fulham-vs-burnley,90,Hladký,0,,0.7,
25-26-prem-fulham-vs-burnley,90,Brierley,0,,,
25-26-prem-fulham-vs-burnley,90,McMahon-Brown,0,,,
25-26-prem-fulham-vs-burnley,90,Pimlott,0,,,
25-26-prem-fulham-vs-burnley,90,Boateng,0,,,
25-26-prem-fulham-vs-burnley,90,Trésor,0,,0.8,
25-26-prem-fulham-vs-burnley,90,Flemming,1,,0.0,
25-26-prem-fulham-vs-burnley,90,Foster,1,,0.8,
25-26-prem-fulham-vs-burnley,90,Barnes,0,,,
25-26-prem-fulham-vs-burnley,90,Walker,1,,,
25-26-prem-everton-vs-chelsea,11,Dewsbury-Hall,1,,0.2,
25-26-prem-everton-vs-chelsea,11,Pickford,1,,0.0,
25-26-prem-everton-vs-chelsea,11,Travers,0,,0.8,
25-26-prem-everton-vs-chelsea,11,Mykolenko,1,,0.0,
25-26-prem-everton-vs-chelsea,11,O'Brien,1,0.2,0.8,
25-26-prem-everton-vs-chelsea,11,Coleman,0,,0.8,
25-26-prem-everton-vs-chelsea,11,Keane,1,0.2,0.8,
25-26-prem-everton-vs-chelsea,11,Patterson,0,,0.2,
25-26-prem-everton-vs-chelsea,11,Welch,0,,,
25-26-prem-everton-vs-chelsea,11,Ndiaye,1,,0.0,
25-26-prem-everton-vs-chelsea,11,Iroegbunam,0,,0.8,
25-26-prem-everton-vs-chelsea,11,Armstrong,0,,0.8,
25-26-prem-everton-vs-chelsea,11,Bates,0,,,
25-26-prem-everton-vs-chelsea,11,Ebere,0,,,
25-26-prem-everton-vs-chelsea,11,Barry,0,,,
25-26-prem-everton-vs-chelsea,11,Beto,1,,0.2,
25-26-prem-everton-vs-chelsea,11,Röhl,0,,,
25-26-prem-everton-vs-chelsea,11,Graham,0,,,
25-26-prem-everton-vs-chelsea,11,King,0,,,
25-26-prem-everton-vs-chelsea,11,Aznou,0,,,
25-26-prem-everton-vs-chelsea,11,Dibling,0,,0.2,
25-26-prem-everton-vs-chelsea,11,Branthwaite,0,0.8,0.0,
25-26-prem-everton-vs-chelsea,11,Tarkowski,1,0.8,0.0,
25-26-prem-everton-vs-chelsea,11,McNeil,1,,0.0,
25-26-prem-everton-vs-chelsea,11,Alcaraz,0,,0.8,
25-26-prem-everton-vs-chelsea,11,Gana,1,,0.2,
25-26-prem-everton-vs-chelsea,11,Garner,1,,0.8,
25-26-prem-everton-vs-chelsea,8,Delap,0,,,
25-26-prem-everton-vs-chelsea,8,Sánchez,1,,0.2,
25-26-prem-everton-vs-chelsea,8,Slonina,0,,0.7,
25-26-prem-everton-vs-chelsea,8,Cucurella,1,,0.2,
25-26-prem-everton-vs-chelsea,8,Gusto,1,0.2,0.2,
25-26-prem-everton-vs-chelsea,8,B.Badiashile,0,0.2,0.8,
25-26-prem-everton-vs-chelsea,8,Tosin,0,,0.2,
25-26-prem-everton-vs-chelsea,8,Acheampong,0,,0.8,
25-26-prem-everton-vs-chelsea,8,Palmer,1,,0.0,
25-26-prem-everton-vs-chelsea,8,Neto,1,,0.2,
25-26-prem-everton-vs-chelsea,8,Enzo,1,,0.2,
25-26-prem-everton-vs-chelsea,8,Estêvão,0,,0.2,
25-26-prem-everton-vs-chelsea,8,Gittens,0,,0.8,
25-26-prem-everton-vs-chelsea,8,Caicedo,1,,0.0,
25-26-prem-everton-vs-chelsea,8,Lavia,1,,0.8,
25-26-prem-everton-vs-chelsea,8,Andrey Santos,0,,0.8,
25-26-prem-everton-vs-chelsea,8,João Pedro,1,,0.2,
25-26-prem-everton-vs-chelsea,8,Marc Guiu,0,,0.8,
25-26-prem-everton-vs-chelsea,8,Garnacho,0,,0.8,
25-26-prem-everton-vs-chelsea,8,Hato,1,,0.8,
25-26-prem-everton-vs-chelsea,8,Sharman-Lowe,0,,0.7,
25-26-prem-everton-vs-chelsea,8,Emenalo,0,,,
25-26-prem-everton-vs-chelsea,8,Merrick,0,,,
25-26-prem-everton-vs-chelsea,8,Fofana,1,,0.8,
25-26-prem-everton-vs-chelsea,8,M.Sarr,0,,0.7,
25-26-prem-everton-vs-chelsea,8,D.Essugo,0,,0.8,
25-26-prem-leeds-united-vs-brentford,2,Okafor,0,,0.8,
25-26-prem-leeds-united-vs-brentford,2,Stach,1,,,
25-26-prem-leeds-united-vs-brentford,2,Perri,0,,,
25-26-prem-leeds-united-vs-brentford,2,Calvert-Lewin,1,,0.2,
25-26-prem-leeds-united-vs-brentford,2,Buonanotte,0,,0.0,
25-26-prem-leeds-united-vs-brentford,2,Meslier,0,,0.0,
25-26-prem-leeds-united-vs-brentford,2,Cairns,0,,,
25-26-prem-leeds-united-vs-brentford,2,Darlow,1,,,
25-26-prem-leeds-united-vs-brentford,2,Bogle,1,0.2,0.2,
25-26-prem-leeds-united-vs-brentford,2,Struijk,1,,0.0,
25-26-prem-leeds-united-vs-brentford,2,Bijol,1,,0.8,
25-26-prem-leeds-united-vs-brentford,2,Bornauw,0,,0.8,
25-26-prem-leeds-united-vs-brentford,2,Byram,0,,0.8,
25-26-prem-leeds-united-vs-brentford,2,Rodon,1,,0.0,
25-26-prem-leeds-united-vs-brentford,2,Aaronson,1,,0.8,
25-26-prem-leeds-united-vs-brentford,2,Gnonto,0,,0.0,
25-26-prem-leeds-united-vs-brentford,2,James,0,,0.2,
25-26-prem-leeds-united-vs-brentford,2,Tanaka,0,,0.2,
25-26-prem-leeds-united-vs-brentford,2,Piroe,0,,0.8,
25-26-prem-leeds-united-vs-brentford,2,Nmecha,1,0.8,0.8,
25-26-prem-leeds-united-vs-brentford,2,Longstaff,0,,0.8,
25-26-prem-leeds-united-vs-brentford,2,Justin,1,,0.2,
25-26-prem-leeds-united-vs-brentford,2,Chambers,0,,0.8,
25-26-prem-leeds-united-vs-brentford,2,Ampadu,1,,0.0,
25-26-prem-leeds-united-vs-brentford,2,Gruev,0,0.8,0.8,
25-26-prem-leeds-united-vs-brentford,94,Pinnock,1,,0.0,
25-26-prem-leeds-united-vs-brentford,94,Nelson,0,,0.2,
25-26-prem-leeds-united-vs-brentford,94,O.Dango,0,,0.8,
25-26-prem-leeds-united-vs-brentford,94,Kelleher,1,,0.0,
25-26-prem-leeds-united-vs-brentford,94,Lewis-Potter,1,,0.0,
25-26-prem-leeds-united-vs-brentford,94,Ajer,0,,0.2,
25-26-prem-leeds-united-vs-brentford,94,Kayode,1,,0.8,
25-26-prem-leeds-united-vs-brentford,94,Van den Berg,1,,0.0,
25-26-prem-leeds-united-vs-brentford,94,Schade,1,,0.2,
25-26-prem-leeds-united-vs-brentford,94,Damsgaard,0,0.8,0.0,
25-26-prem-leeds-united-vs-brentford,94,Henderson,1,0.2,,
25-26-prem-leeds-united-vs-brentford,94,Jensen,1,0.2,0.2,
25-26-prem-leeds-united-vs-brentford,94,Yarmoliuk,1,0.2,0.8,
25-26-prem-leeds-united-vs-brentford,94,Donovan,0,,0.8,
25-26-prem-leeds-united-vs-brentford,94,Thiago,1,,0.2,
25-26-prem-leeds-united-vs-brentford,94,Shield,0,,,
25-26-prem-leeds-united-vs-brentford,94,Balcombe,0,,1.0,
25-26-prem-leeds-united-vs-brentford,94,Valdimarsson,0,,0.8,
25-26-prem-leeds-united-vs-brentford,94,Collins,1,,0.0,
25-26-prem-leeds-united-vs-brentford,94,Eyestone,0,,,
25-26-prem-leeds-united-vs-brentford,94,Furo,0,,,
25-26-prem-leeds-united-vs-brentford,94,Bentt,0,,,
25-26-prem-newcastle-united-vs-sunderland,4,J.Ramsey,1,,0.8,
25-26-prem-newcastle-united-vs-sunderland,4,Pope,0,,0.2,
25-26-prem-newcastle-united-vs-sunderland,4,Gillespie,0,,,
25-26-prem-newcastle-united-vs-sunderland,4,Botman,1,,0.0,
25-26-prem-newcastle-united-vs-sunderland,4,Burn,1,0.8,0.8,
25-26-prem-newcastle-united-vs-sunderland,4,Livramento,0,,0.2,
25-26-prem-newcastle-united-vs-sunderland,4,Trippier,1,0.8,0.8,
25-26-prem-newcastle-united-vs-sunderland,4,Gordon,1,,0.0,
25-26-prem-newcastle-united-vs-sunderland,4,Elanga,1,,0.8,
25-26-prem-newcastle-united-vs-sunderland,4,Barnes,1,,0.8,
25-26-prem-newcastle-united-vs-sunderland,4,J.Murphy,0,,0.8,
25-26-prem-newcastle-united-vs-sunderland,4,Joelinton,1,,0.0,
25-26-prem-newcastle-united-vs-sunderland,4,Tonali,0,0.8,0.0,
25-26-prem-newcastle-united-vs-sunderland,4,Willock,0,,0.2,
25-26-prem-newcastle-united-vs-sunderland,4,Osula,0,,0.8,
25-26-prem-newcastle-united-vs-sunderland,4,Ramsdale,1,,0.8,
25-26-prem-newcastle-united-vs-sunderland,4,Thiaw,0,,0.2,
25-26-prem-newcastle-united-vs-sunderland,4,Seung soo,0,,,
25-26-prem-newcastle-united-vs-sunderland,4,Woltemade,1,0.2,,
25-26-prem-newcastle-united-vs-sunderland,4,Shahar,0,,,
25-26-prem-newcastle-united-vs-sunderland,4,Alabi,0,,,
25-26-prem-newcastle-united-vs-sunderland,4,Hall,1,,0.2,
25-26-prem-newcastle-united-vs-sunderland,4,Neave,0,,,
25-26-prem-newcastle-united-vs-sunderland,4,Wissa,0,,0.2,
25-26-prem-newcastle-united-vs-sunderland,4,Ruddy,0,,,
25-26-prem-newcastle-united-vs-sunderland,4,Pivas,0,,,
25-26-prem-newcastle-united-vs-sunderland,4,A.Murphy,0,,,
25-26-prem-newcastle-united-vs-sunderland,56,Abdullahi,0,,0.8,
25-26-prem-newcastle-united-vs-sunderland,56,Ba,0,,0.8,
25-26-prem-newcastle-united-vs-sunderland,56,Ballard,0,0.8,0.2,
25-26-prem-newcastle-united-vs-sunderland,56,Hume,1,,0.2,
25-26-prem-newcastle-united-vs-sunderland,56,Cirkin,0,,0.2,
25-26-prem-newcastle-united-vs-sunderland,56,O'Nien,1,,0.2,
25-26-prem-newcastle-united-vs-sunderland,56,Reinildo,0,0.8,0.2,
25-26-prem-newcastle-united-vs-sunderland,56,Rigg,1,0.2,0.2,
25-26-prem-newcastle-united-vs-sunderland,56,Sadiki,1,,0.8,
25-26-prem-newcastle-united-vs-sunderland,56,Talbi,1,,0.2,
25-26-prem-newcastle-united-vs-sunderland,56,Xhaka,1,,0.2,
25-26-prem-newcastle-united-vs-sunderland,56,Roefs,0,0.8,0.2,
25-26-prem-newcastle-united-vs-sunderland,56,Alderete,1,,0.8,
25-26-prem-newcastle-united-vs-sunderland,56,Mukiele,0,0.8,0.2,
25-26-prem-newcastle-united-vs-sunderland,56,Geertruida,1,,0.2,
25-26-prem-newcastle-united-vs-sunderland,56,Brobbey,1,,0.2,
25-26-prem-newcastle-united-vs-sunderland,56,Jenson Jones,0,,,
25-26-prem-newcastle-united-vs-sunderland,56,Ellborg,1,,,
25-26-prem-newcastle-united-vs-sunderland,56,Whittaker,0,,0.8,
25-26-prem-newcastle-united-vs-sunderland,56,Jones,0,,0.8,
25-26-prem-newcastle-united-vs-sunderland,56,Moore,0,,,
25-26-prem-newcastle-united-vs-sunderland,56,Aleksić,0,,0.8,
25-26-prem-newcastle-united-vs-sunderland,56,Diarra,1,,0.8,
25-26-prem-newcastle-united-vs-sunderland,56,Poveda,0,,0.8,
25-26-prem-newcastle-united-vs-sunderland,56,E.Le Fée,0,0.8,0.2,
25-26-prem-newcastle-united-vs-sunderland,56,H.Jones,0,,,
25-26-prem-newcastle-united-vs-sunderland,56,Isidor,0,,0.2,
25-26-prem-newcastle-united-vs-sunderland,56,Mayenda,0,,0.8,
25-26-prem-tottenham-hotspur-vs-nottingham-forest,6,Udogie,0,0.2,0.0,
25-26-prem-tottenham-hotspur-vs-nottingham-forest,6,Vicario,1,,0.0,
25-26-prem-tottenham-hotspur-vs-nottingham-forest,6,Austin,0,,0.7,
25-26-prem-tottenham-hotspur-vs-nottingham-forest,6,Kinsky,0,,,
25-26-prem-tottenham-hotspur-vs-nottingham-forest,6,Pedro Porro,1,,0.0,
25-26-prem-tottenham-hotspur-vs-nottingham-forest,6,Romero,1,,0.0,
25-26-prem-tottenham-hotspur-vs-nottingham-forest,6,Danso,1,,0.8,
25-26-prem-tottenham-hotspur-vs-nottingham-forest,6,Dragusin,0,,0.8,
25-26-prem-tottenham-hotspur-vs-nottingham-forest,6,Spence,1,,0.8,
25-26-prem-tottenham-hotspur-vs-nottingham-forest,6,Van de Ven,1,,0.0,
25-26-prem-tottenham-hotspur-vs-nottingham-forest,6,Tel,1,0.2,0.2,
25-26-prem-tottenham-hotspur-vs-nottingham-forest,6,Bergvall,0,,0.8,
25-26-prem-tottenham-hotspur-vs-nottingham-forest,6,Gray,1,,0.8,
25-26-prem-tottenham-hotspur-vs-nottingham-forest,6,J.Palhinha,0,,0.2,
25-26-prem-tottenham-hotspur-vs-nottingham-forest,6,Xavi,0,0.2,0.2,
25-26-prem-tottenham-hotspur-vs-nottingham-forest,6,Kolo Muani,0,0.8,0.2,
25-26-prem-tottenham-hotspur-vs-nottingham-forest,6,Byfield,0,,,
25-26-prem-tottenham-hotspur-vs-nottingham-forest,6,Rowswell,0,,,
25-26-prem-tottenham-hotspur-vs-nottingham-forest,6,Williams-Barnett,0,,,
25-26-prem-tottenham-hotspur-vs-nottingham-forest,6,Gallagher,0,,0.2,
25-26-prem-tottenham-hotspur-vs-nottingham-forest,6,Souza,0,,,
25-26-prem-tottenham-hotspur-vs-nottingham-forest,6,Kyerematen,0,,,
25-26-prem-tottenham-hotspur-vs-nottingham-forest,6,Wilson,0,,,
25-26-prem-tottenham-hotspur-vs-nottingham-forest,6,P.M.Sarr,1,,0.8,
25-26-prem-tottenham-hotspur-vs-nottingham-forest,6,Solanke,1,0.2,0.2,
25-26-prem-tottenham-hotspur-vs-nottingham-forest,6,Richarlison,1,,0.8,
25-26-prem-tottenham-hotspur-vs-nottingham-forest,6,Olusesi,0,,,
25-26-prem-tottenham-hotspur-vs-nottingham-forest,17,Netz,0,,,
25-26-prem-tottenham-hotspur-vs-nottingham-forest,17,Ortega Moreno,0,,,
25-26-prem-tottenham-hotspur-vs-nottingham-forest,17,McAtee,0,,0.8,
25-26-prem-tottenham-hotspur-vs-nottingham-forest,17,Sels,1,,0.0,
25-26-prem-tottenham-hotspur-vs-nottingham-forest,17,Milenković,1,,0.0,
25-26-prem-tottenham-hotspur-vs-nottingham-forest,17,Gibbs-White,1,,0.0,
25-26-prem-tottenham-hotspur-vs-nottingham-forest,17,Hudson-Odoi,1,,0.0,
25-26-prem-tottenham-hotspur-vs-nottingham-forest,17,Anderson,1,,0.8,
25-26-prem-tottenham-hotspur-vs-nottingham-forest,17,Dominguez,0,,0.8,
25-26-prem-tottenham-hotspur-vs-nottingham-forest,17,Sangaré,1,,0.2,
25-26-prem-tottenham-hotspur-vs-nottingham-forest,17,Yates,0,,0.0,
25-26-prem-tottenham-hotspur-vs-nottingham-forest,17,Da Silva Moreira,0,,0.8,
25-26-prem-tottenham-hotspur-vs-nottingham-forest,17,Igor Jesus,1,0.8,0.2,
25-26-prem-tottenham-hotspur-vs-nottingham-forest,17,Awoniyi,0,,0.8,
25-26-prem-tottenham-hotspur-vs-nottingham-forest,17,Ndoye,0,,0.8,
25-26-prem-tottenham-hotspur-vs-nottingham-forest,17,Gunn,0,,,
25-26-prem-tottenham-hotspur-vs-nottingham-forest,17,Hutchinson,1,,,
25-26-prem-tottenham-hotspur-vs-nottingham-forest,17,Bakwa,0,,,
25-26-prem-tottenham-hotspur-vs-nottingham-forest,17,Lucca,0,,,
25-26-prem-tottenham-hotspur-vs-nottingham-forest,17,Aina,1,,0.0,
25-26-prem-tottenham-hotspur-vs-nottingham-forest,17,Abbott,0,,,
25-26-prem-tottenham-hotspur-vs-nottingham-forest,17,Murillo,1,,0.0,
25-26-prem-tottenham-hotspur-vs-nottingham-forest,17,N.Williams,1,,0.0,
25-26-prem-tottenham-hotspur-vs-nottingham-forest,17,Jair Cunha,0,,,
25-26-prem-tottenham-hotspur-vs-nottingham-forest,17,Morato,0,,0.8,
25-26-prem-aston-villa-vs-west-ham-united,7,Cash,1,0.2,0.2,
25-26-prem-aston-villa-vs-west-ham-united,7,Digne,1,,0.2,
25-26-prem-aston-villa-vs-west-ham-united,7,Buendía,0,0.8,0.8,
25-26-prem-aston-villa-vs-west-ham-united,7,McGinn,1,0.2,0.0,
25-26-prem-aston-villa-vs-west-ham-united,7,Martinez,1,,0.0,
25-26-prem-aston-villa-vs-west-ham-united,7,M.Bizot,0,,0.8,
25-26-prem-aston-villa-vs-west-ham-united,7,Konsa,1,,0.0,
25-26-prem-aston-villa-vs-west-ham-united,7,Maatsen,0,,0.8,
25-26-prem-aston-villa-vs-west-ham-united,7,Mings,0,,0.8,
25-26-prem-aston-villa-vs-west-ham-united,7,Pau,1,,0.0,
25-26-prem-aston-villa-vs-west-ham-united,7,A.García,0,,0.8,
25-26-prem-aston-villa-vs-west-ham-united,7,Bogarde,0,,0.8,
25-26-prem-aston-villa-vs-west-ham-united,7,Rogers,1,,0.0,
25-26-prem-aston-villa-vs-west-ham-united,7,Bailey,0,,0.2,
25-26-prem-aston-villa-vs-west-ham-united,7,Barkley,1,0.8,0.8,
25-26-prem-aston-villa-vs-west-ham-united,7,Onana,1,,0.0,
25-26-prem-aston-villa-vs-west-ham-united,7,Sancho,1,0.2,0.8,
25-26-prem-aston-villa-vs-west-ham-united,7,Douglas Luiz,0,0.8,0.8,
25-26-prem-aston-villa-vs-west-ham-united,7,Hollingshead,0,,,
25-26-prem-aston-villa-vs-west-ham-united,7,Watkins,1,0.2,0.0,
25-26-prem-aston-villa-vs-west-ham-united,7,Elliott,0,,0.8,
25-26-prem-aston-villa-vs-west-ham-united,7,Abraham,0,0.8,0.8,
25-26-prem-aston-villa-vs-west-ham-united,7,Proctor,0,,,
25-26-prem-aston-villa-vs-west-ham-united,7,Patterson,0,,,
25-26-prem-aston-villa-vs-west-ham-united,7,Lindelöf,0,,0.8,
25-26-prem-aston-villa-vs-west-ham-united,7,George Hemmings,0,,,
25-26-prem-aston-villa-vs-west-ham-united,7,Burrowes,0,,,
25-26-prem-aston-villa-vs-west-ham-united,7,Wright,0,,,
25-26-prem-aston-villa-vs-west-ham-united,7,Leon Routh,0,,,
25-26-prem-aston-villa-vs-west-ham-united,7,Carroll,0,,,
25-26-prem-aston-villa-vs-west-ham-united,7,Alysson,0,,,
25-26-prem-aston-villa-vs-west-ham-united,21,Pablo,1,,0.8,
25-26-prem-aston-villa-vs-west-ham-united,21,Walker-Peters,0,,0.2,
25-26-prem-aston-villa-vs-west-ham-united,21,Wilson,0,,0.8,
25-26-prem-aston-villa-vs-west-ham-united,21,Golambeckis,0,,,
25-26-prem-aston-villa-vs-west-ham-united,21,Mohamadou Kanté,0,,0.8,
25-26-prem-aston-villa-vs-west-ham-united,21,Taty,1,,,
25-26-prem-aston-villa-vs-west-ham-united,21,Lamadrid,0,,,
25-26-prem-aston-villa-vs-west-ham-united,21,Adama,0,,,
25-26-prem-aston-villa-vs-west-ham-united,21,Areola,0,,0.2,
25-26-prem-aston-villa-vs-west-ham-united,21,Diouf,1,,,
25-26-prem-aston-villa-vs-west-ham-united,21,Kilman,0,,0.2,
25-26-prem-aston-villa-vs-west-ham-united,21,Mavropanos,1,0.8,0.8,
25-26-prem-aston-villa-vs-west-ham-united,21,Scarles,0,,,
25-26-prem-aston-villa-vs-west-ham-united,21,Todibo,0,0.8,0.2,
25-26-prem-aston-villa-vs-west-ham-united,21,Wan-Bissaka,1,,0.2,
25-26-prem-aston-villa-vs-west-ham-united,21,Souček,1,,0.2,
25-26-prem-aston-villa-vs-west-ham-united,21,Potts,1,,,
25-26-prem-aston-villa-vs-west-ham-united,21,Bowen,1,,0.2,
25-26-prem-aston-villa-vs-west-ham-united,21,Hermansen,1,,,
25-26-prem-aston-villa-vs-west-ham-united,21,M.Fernandes,1,,,
25-26-prem-aston-villa-vs-west-ham-united,21,S.Magassa,0,0.2,,
25-26-prem-aston-villa-vs-west-ham-united,21,Fabianski,0,,0.8,
25-26-prem-aston-villa-vs-west-ham-united,21,Mayers,0,,,
25-26-prem-aston-villa-vs-west-ham-united,21,Disasi,1,,0.8,
25-26-prem-west-ham-united-vs-wolverhampton-wanderers,21,Adama,0,,0.8,
25-26-prem-west-ham-united-vs-wolverhampton-wanderers,21,Wan-Bissaka,0,,0.2,
25-26-prem-west-ham-united-vs-wolverhampton-wanderers,21,Walker-Peters,1,,0.2,
25-26-prem-west-ham-united-vs-wolverhampton-wanderers,21,Fabianski,0,,0.8,
25-26-prem-west-ham-united-vs-wolverhampton-wanderers,21,Mayers,0,,,
25-26-prem-west-ham-united-vs-wolverhampton-wanderers,21,Golambeckis,0,,,
25-26-prem-west-ham-united-vs-wolverhampton-wanderers,21,Diouf,1,,,
25-26-prem-west-ham-united-vs-wolverhampton-wanderers,21,Kilman,0,,0.2,
25-26-prem-west-ham-united-vs-wolverhampton-wanderers,21,Mavropanos,1,,0.8,
25-26-prem-west-ham-united-vs-wolverhampton-wanderers,21,Summerville,1,,0.2,
25-26-prem-west-ham-united-vs-wolverhampton-wanderers,21,Mohamadou Kanté,0,,0.8,
25-26-prem-west-ham-united-vs-wolverhampton-wanderers,21,Pablo,1,,0.8,
25-26-prem-west-ham-united-vs-wolverhampton-wanderers,21,Wilson,0,,,
25-26-prem-west-ham-united-vs-wolverhampton-wanderers,21,Hermansen,1,,,
25-26-prem-west-ham-united-vs-wolverhampton-wanderers,21,Herrick,0,,,
25-26-prem-west-ham-united-vs-wolverhampton-wanderers,21,Souček,1,,0.2,
25-26-prem-west-ham-united-vs-wolverhampton-wanderers,21,Potts,0,,,
25-26-prem-west-ham-united-vs-wolverhampton-wanderers,21,M.Fernandes,1,,0.8,
25-26-prem-west-ham-united-vs-wolverhampton-wanderers,21,S.Magassa,0,,,
25-26-prem-west-ham-united-vs-wolverhampton-wanderers,21,Areola,0,0.0,0.2,
25-26-prem-west-ham-united-vs-wolverhampton-wanderers,21,Scarles,0,,,
25-26-prem-west-ham-united-vs-wolverhampton-wanderers,21,Todibo,0,,0.2,
25-26-prem-west-ham-united-vs-wolverhampton-wanderers,21,Lamadrid,0,,,
25-26-prem-west-ham-united-vs-wolverhampton-wanderers,21,Disasi,1,,0.8,
25-26-prem-west-ham-united-vs-wolverhampton-wanderers,21,Taty,1,,0.8,
25-26-prem-west-ham-united-vs-wolverhampton-wanderers,21,Bowen,1,0.0,0.2,
25-26-prem-west-ham-united-vs-wolverhampton-wanderers,39,Mané,0,,0.2,
25-26-prem-west-ham-united-vs-wolverhampton-wanderers,39,Sutherland,0,,0.8,
25-26-prem-west-ham-united-vs-wolverhampton-wanderers,39,Bellegarde,1,,0.2,
25-26-prem-west-ham-united-vs-wolverhampton-wanderers,39,J.Gomes,1,,0.2,
25-26-prem-west-ham-united-vs-wolverhampton-wanderers,39,Abbey,0,,,
25-26-prem-west-ham-united-vs-wolverhampton-wanderers,39,Angel,1,,,
25-26-prem-west-ham-united-vs-wolverhampton-wanderers,39,José Sá,1,,0.2,
25-26-prem-west-ham-united-vs-wolverhampton-wanderers,39,Bentley,0,,0.8,
25-26-prem-west-ham-united-vs-wolverhampton-wanderers,39,Pedro Lima,0,,0.2,
25-26-prem-west-ham-united-vs-wolverhampton-wanderers,39,Krejčí,1,,0.8,
25-26-prem-west-ham-united-vs-wolverhampton-wanderers,39,Armstrong,1,,0.8,
25-26-prem-west-ham-united-vs-wolverhampton-wanderers,39,H.Bueno,1,,0.8,
25-26-prem-west-ham-united-vs-wolverhampton-wanderers,39,Mosquera,1,,0.2,
25-26-prem-west-ham-united-vs-wolverhampton-wanderers,39,R.Gomes,0,,,
25-26-prem-west-ham-united-vs-wolverhampton-wanderers,39,Hee Chan,0,,0.2,
25-26-prem-west-ham-united-vs-wolverhampton-wanderers,39,S.Bueno,1,,0.8,
25-26-prem-west-ham-united-vs-wolverhampton-wanderers,39,Toti,0,,0.2,
25-26-prem-west-ham-united-vs-wolverhampton-wanderers,39,Fraser,0,,0.8,
25-26-prem-west-ham-united-vs-wolverhampton-wanderers,39,André,1,,0.2,
25-26-prem-west-ham-united-vs-wolverhampton-wanderers,39,Edozie,0,,0.8,
25-26-prem-west-ham-united-vs-wolverhampton-wanderers,39,Gonzalez,0,,0.8,
25-26-prem-west-ham-united-vs-wolverhampton-wanderers,39,Rawlings,0,,,
25-26-prem-west-ham-united-vs-wolverhampton-wanderers,39,Tolu,0,,,
25-26-prem-west-ham-united-vs-wolverhampton-wanderers,39,Olagunju,0,,,
25-26-prem-west-ham-united-vs-wolverhampton-wanderers,39,Chiwome,0,,,
25-26-prem-west-ham-united-vs-wolverhampton-wanderers,39,Møller Wolfe,0,,0.2,
25-26-prem-west-ham-united-vs-wolverhampton-wanderers,39,Tchatchoua,1,,0.8,
25-26-prem-arsenal-vs-afc-bournemouth,3,Salmon,0,,,
25-26-prem-arsenal-vs-afc-bournemouth,3,Nørgaard,0,,,
25-26-prem-arsenal-vs-afc-bournemouth,3,G.Jesus,0,,0.8,
25-26-prem-arsenal-vs-afc-bournemouth,3,Eze,0,0.2,0.8,0.2
25-26-prem-arsenal-vs-afc-bournemouth,3,Harriman-Annous,0,,,
25-26-prem-arsenal-vs-afc-bournemouth,3,Martinelli,1,,0.2,
25-26-prem-arsenal-vs-afc-bournemouth,3,Gabriel,1,,0.0,
25-26-prem-arsenal-vs-afc-bournemouth,3,Setford,0,,,
25-26-prem-arsenal-vs-afc-bournemouth,3,Trossard,0,,0.8,
25-26-prem-arsenal-vs-afc-bournemouth,3,Rice,1,,0.0,
25-26-prem-arsenal-vs-afc-bournemouth,3,Zubimendi,1,,0.2,
25-26-prem-arsenal-vs-afc-bournemouth,3,Mosquera,0,,,
25-26-prem-arsenal-vs-afc-bournemouth,3,Gyökeres,1,,0.2,
25-26-prem-arsenal-vs-afc-bournemouth,3,Havertz,1,,0.8,
25-26-prem-arsenal-vs-afc-bournemouth,3,Dowman,0,,,
25-26-prem-arsenal-vs-afc-bournemouth,3,Hincapie,0,1.0,0.8,1.0
25-26-prem-arsenal-vs-afc-bournemouth,3,Raya,1,,0.0,
25-26-prem-arsenal-vs-afc-bournemouth,3,Arrizabalaga,0,,,
25-26-prem-arsenal-vs-afc-bournemouth,3,Lewis-Skelly,1,,,
25-26-prem-arsenal-vs-afc-bournemouth,3,White,1,,0.0,
25-26-prem-arsenal-vs-afc-bournemouth,3,Clarke,0,,,
25-26-prem-arsenal-vs-afc-bournemouth,3,Nichols,0,,,
25-26-prem-arsenal-vs-afc-bournemouth,3,Ødegaard,0,0.8,0.0,0.8
25-26-prem-arsenal-vs-afc-bournemouth,3,Madueke,1,,0.8,
25-26-prem-arsenal-vs-afc-bournemouth,3,Saka,0,1.0,0.0,0.8
25-26-prem-arsenal-vs-afc-bournemouth,3,Saliba,1,,0.0,
25-26-prem-arsenal-vs-afc-bournemouth,3,Calafiori,0,,0.2,0.8
25-26-prem-arsenal-vs-afc-bournemouth,3,J.Timber,0,0.8,0.8,0.8
25-26-prem-arsenal-vs-afc-bournemouth,91,Petrović,1,,0.2,
25-26-prem-arsenal-vs-afc-bournemouth,91,Smith,0,,0.8,
25-26-prem-arsenal-vs-afc-bournemouth,91,Adli,0,,0.2,
25-26-prem-arsenal-vs-afc-bournemouth,91,Truffert,1,,0.2,
25-26-prem-arsenal-vs-afc-bournemouth,91,Tavernier,1,,0.2,
25-26-prem-arsenal-vs-afc-bournemouth,91,Hill,1,,0.8,
25-26-prem-arsenal-vs-afc-bournemouth,91,Evanilson,1,,0.2,
25-26-prem-arsenal-vs-afc-bournemouth,91,Enes Ünal,0,,0.8,
25-26-prem-arsenal-vs-afc-bournemouth,91,Rees-Dottin,0,,,
25-26-prem-arsenal-vs-afc-bournemouth,91,McKenna,0,,0.2,
25-26-prem-arsenal-vs-afc-bournemouth,91,Mandas,0,,0.7,
25-26-prem-arsenal-vs-afc-bournemouth,91,Rayan,1,,0.8,
25-26-prem-arsenal-vs-afc-bournemouth,91,Senesi,1,,0.2,
25-26-prem-arsenal-vs-afc-bournemouth,91,Adams,0,,0.8,
25-26-prem-arsenal-vs-afc-bournemouth,91,Brooks,0,,0.8,
25-26-prem-arsenal-vs-afc-bournemouth,91,Christie,1,,0.2,
25-26-prem-arsenal-vs-afc-bournemouth,91,Cook,0,,0.2,
25-26-prem-arsenal-vs-afc-bournemouth,91,Bevan,0,,,
25-26-prem-arsenal-vs-afc-bournemouth,91,Scott,1,,0.8,
25-26-prem-arsenal-vs-afc-bournemouth,91,A.Jimenez,1,,0.8,
25-26-prem-arsenal-vs-afc-bournemouth,91,Milosavljević,0,,,
25-26-prem-arsenal-vs-afc-bournemouth,91,Tóth.A,0,,,
25-26-prem-arsenal-vs-afc-bournemouth,91,Forster,0,,0.7,
25-26-prem-arsenal-vs-afc-bournemouth,91,Stevens,0,,0.8,
25-26-prem-arsenal-vs-afc-bournemouth,91,DaCosta,0,,,
25-26-prem-arsenal-vs-afc-bournemouth,91,Akinmboni,0,,,
25-26-prem-arsenal-vs-afc-bournemouth,91,Kroupi.Jr,1,,0.8,
25-26-prem-arsenal-vs-afc-bournemouth,91,Gannon-Doak,0,,,
25-26-prem-arsenal-vs-afc-bournemouth,91,Diakité,0,,0.8,
25-26-prem-brentford-vs-everton,94,Furo,0,,,
25-26-prem-brentford-vs-everton,94,Kayode,1,,,
25-26-prem-brentford-vs-everton,94,Nelson,0,,,
25-26-prem-brentford-vs-everton,94,O.Dango,1,,,
25-26-prem-brentford-vs-everton,94,Kelleher,1,,0.0,
25-26-prem-brentford-vs-everton,94,Balcombe,0,,,
25-26-prem-brentford-vs-everton,94,Eyestone,0,,,
25-26-prem-brentford-vs-everton,94,Valdimarsson,0,,,
25-26-prem-brentford-vs-everton,94,Ajer,0,,0.2,
25-26-prem-brentford-vs-everton,94,Shield,0,,,
25-26-prem-brentford-vs-everton,94,Collins,1,,0.2,
25-26-prem-brentford-vs-everton,94,Lewis-Potter,1,,0.2,
25-26-prem-brentford-vs-everton,94,Schade,1,,0.8,
25-26-prem-brentford-vs-everton,94,Damsgaard,1,0.8,0.2,
25-26-prem-brentford-vs-everton,94,Bentt,0,,,
25-26-prem-brentford-vs-everton,94,Stephenson,0,,,
25-26-prem-brentford-vs-everton,94,Henderson,0,0.8,,
25-26-prem-brentford-vs-everton,94,Janelt,0,1.0,0.0,
25-26-prem-brentford-vs-everton,94,Hickey,0,1.0,0.8,
25-26-prem-brentford-vs-everton,94,Jensen,1,0.8,0.2,
25-26-prem-brentford-vs-everton,94,Yarmoliuk,1,0.8,0.8,
25-26-prem-brentford-vs-everton,94,Donovan,0,,,
25-26-prem-brentford-vs-everton,94,Pinnock,0,,0.0,
25-26-prem-brentford-vs-everton,94,Van den Berg,1,,0.2,
25-26-prem-brentford-vs-everton,94,Thiago,1,,0.2,
25-26-prem-brentford-vs-everton,94,McManus,0,,,
25-26-prem-brentford-vs-everton,11,Travers,0,,,
25-26-prem-brentford-vs-everton,11,Welch,0,,,
25-26-prem-brentford-vs-everton,11,Ndiaye,1,0.2,0.0,
25-26-prem-brentford-vs-everton,11,Dewsbury-Hall,1,,0.2,
25-26-prem-brentford-vs-everton,11,George,0,,,
25-26-prem-brentford-vs-everton,11,Pickford,1,,0.0,
25-26-prem-brentford-vs-everton,11,Branthwaite,1,0.8,0.0,
25-26-prem-brentford-vs-everton,11,Gana,1,,0.2,
25-26-prem-brentford-vs-everton,11,Armstrong,0,,,
25-26-prem-brentford-vs-everton,11,Bates,0,,,
25-26-prem-brentford-vs-everton,11,Alcaraz,0,,,
25-26-prem-brentford-vs-everton,11,Ebere,0,,,
25-26-prem-brentford-vs-everton,11,Barry,0,,,
25-26-prem-brentford-vs-everton,11,Graham,0,,,
25-26-prem-brentford-vs-everton,11,Keane,0,,0.8,
25-26-prem-brentford-vs-everton,11,Patterson,0,,0.8,
25-26-prem-brentford-vs-everton,11,Röhl,0,,,
25-26-prem-brentford-vs-everton,11,Dibling,0,,0.2,
25-26-prem-brentford-vs-everton,11,King,0,,,
25-26-prem-brentford-vs-everton,11,Coleman,0,,0.8,
25-26-prem-brentford-vs-everton,11,McNeil,1,,0.0,
25-26-prem-brentford-vs-everton,11,Tarkowski,1,,0.0,
25-26-prem-brentford-vs-everton,11,Mykolenko,1,,0.0,
25-26-prem-brentford-vs-everton,11,O'Brien,1,,0.8,
25-26-prem-brentford-vs-everton,11,Garner,1,,0.8,
25-26-prem-brentford-vs-everton,11,Iroegbunam,0,,0.8,
25-26-prem-brentford-vs-everton,11,Beto,1,,0.2,
25-26-prem-brentford-vs-everton,11,Aznou,0,,,
25-26-prem-burnley-vs-brighton-hove-albion,90,Hartman,1,,0.2,
25-26-prem-burnley-vs-brighton-hove-albion,90,Ekdal,1,,0.2,
25-26-prem-burnley-vs-brighton-hove-albion,90,Pimlott,0,,,
25-26-prem-burnley-vs-brighton-hove-albion,90,Amdouni,0,,0.2,
25-26-prem-burnley-vs-brighton-hove-albion,90,Foster,0,,0.2,
25-26-prem-burnley-vs-brighton-hove-albion,90,Weiss,0,,,
25-26-prem-burnley-vs-brighton-hove-albion,90,Lucas Pires,0,,0.2,
25-26-prem-burnley-vs-brighton-hove-albion,90,Hladký,0,,0.8,
25-26-prem-burnley-vs-brighton-hove-albion,90,Walker,0,,,
25-26-prem-burnley-vs-brighton-hove-albion,90,Estève,1,,0.2,
25-26-prem-burnley-vs-brighton-hove-albion,90,Humphreys,1,,0.8,
25-26-prem-burnley-vs-brighton-hove-albion,90,Flemming,1,,0.2,
25-26-prem-burnley-vs-brighton-hove-albion,90,Barnes,0,,,
25-26-prem-burnley-vs-brighton-hove-albion,90,Bruun Larsen,0,,0.8,
25-26-prem-burnley-vs-brighton-hove-albion,90,Boateng,0,,0.2,
25-26-prem-burnley-vs-brighton-hove-albion,90,Trésor,0,,0.8,
25-26-prem-burnley-vs-brighton-hove-albion,90,Brierley,0,,,
25-26-prem-burnley-vs-brighton-hove-albion,90,McMahon-Brown,0,,,
25-26-prem-burnley-vs-brighton-hove-albion,90,Ward-Prowse,1,,0.2,
25-26-prem-burnley-vs-brighton-hove-albion,90,Ugochukwu,1,,0.2,
25-26-prem-burnley-vs-brighton-hove-albion,90,Dúbravka,1,,0.2,
25-26-prem-burnley-vs-brighton-hove-albion,90,Broja,0,,0.2,
25-26-prem-burnley-vs-brighton-hove-albion,90,Florentino,1,,0.2,
25-26-prem-burnley-vs-brighton-hove-albion,90,Tuanzebe,0,,0.2,
25-26-prem-burnley-vs-brighton-hove-albion,90,Worrall,0,,0.8,
25-26-prem-burnley-vs-brighton-hove-albion,90,Anthony,1,,0.8,
25-26-prem-burnley-vs-brighton-hove-albion,90,Edwards,1,,,
25-26-prem-burnley-vs-brighton-hove-albion,90,Tchaouna,0,,0.8,
25-26-prem-burnley-vs-brighton-hove-albion,36,Boscagli,1,,,
25-26-prem-burnley-vs-brighton-hove-albion,36,F.Kadıoğlu,1,,0.2,
25-26-prem-burnley-vs-brighton-hove-albion,36,De Cuyper,0,,,
25-26-prem-burnley-vs-brighton-hove-albion,36,Igor,0,,0.2,
25-26-prem-burnley-vs-brighton-hove-albion,36,Van Hecke,1,,0.2,
25-26-prem-burnley-vs-brighton-hove-albion,36,Veltman,0,,0.8,
25-26-prem-burnley-vs-brighton-hove-albion,36,Mitoma,0,,0.0,
25-26-prem-burnley-vs-brighton-hove-albion,36,Georginio,0,,0.2,
25-26-prem-burnley-vs-brighton-hove-albion,36,March,0,,0.8,
25-26-prem-burnley-vs-brighton-hove-albion,36,Minteh,1,,0.8,
25-26-prem-burnley-vs-brighton-hove-albion,36,Welbeck,1,,0.2,
25-26-prem-burnley-vs-brighton-hove-albion,36,Tasker,0,,,
25-26-prem-burnley-vs-brighton-hove-albion,36,Ayari,1,,0.8,
25-26-prem-burnley-vs-brighton-hove-albion,36,Gomez,1,,,
25-26-prem-burnley-vs-brighton-hove-albion,36,Milner,0,,0.8,
25-26-prem-burnley-vs-brighton-hove-albion,36,Verbruggen,1,,0.0,
25-26-prem-burnley-vs-brighton-hove-albion,36,McGill,0,,,
25-26-prem-burnley-vs-brighton-hove-albion,36,Hinshelwood,1,0.2,0.8,
25-26-prem-burnley-vs-brighton-hove-albion,36,O'Riley,0,,0.8,
25-26-prem-burnley-vs-brighton-hove-albion,36,Wieffer,1,,0.2,
25-26-prem-burnley-vs-brighton-hove-albion,36,Kostoulas,0,,,
25-26-prem-burnley-vs-brighton-hove-albion,36,Groß,1,,,
25-26-prem-burnley-vs-brighton-hove-albion,36,Howell,0,,,
25-26-prem-burnley-vs-brighton-hove-albion,36,Oriola,0,,,
25-26-prem-burnley-vs-brighton-hove-albion,36,Simmonds,0,,,
25-26-prem-burnley-vs-brighton-hove-albion,36,Baleba,0,,0.2,
25-26-prem-burnley-vs-brighton-hove-albion,36,Steele,0,,0.7,
25-26-prem-liverpool-vs-fulham,14,R.Williams,0,,,
25-26-prem-liverpool-vs-fulham,14,Woodman,0,,,
25-26-prem-liverpool-vs-fulham,14,Nyoni,0,,,
25-26-prem-liverpool-vs-fulham,14,Isak,0,0.2,0.2,
25-26-prem-liverpool-vs-fulham,14,Ekitiké,0,,0.8,
25-26-prem-liverpool-vs-fulham,14,Pécsi,0,,,
25-26-prem-liverpool-vs-fulham,14,Frimpong,1,0.8,0.0,
25-26-prem-liverpool-vs-fulham,14,Kerkez,0,,0.8,
25-26-prem-liverpool-vs-fulham,14,Ramsay,0,,,
25-26-prem-liverpool-vs-fulham,14,Mamardashvili,1,0.2,0.0,
25-26-prem-liverpool-vs-fulham,14,Gravenberch,0,,0.0,
25-26-prem-liverpool-vs-fulham,14,Ngumoha,1,,,
25-26-prem-liverpool-vs-fulham,14,Gomez,0,,0.8,
25-26-prem-liverpool-vs-fulham,14,Nallo,0,,,
25-26-prem-liverpool-vs-fulham,14,Morrison,0,,,
25-26-prem-liverpool-vs-fulham,14,Lucky,0,,,
25-26-prem-liverpool-vs-fulham,14,Robertson,1,0.2,0.0,
25-26-prem-liverpool-vs-fulham,14,Virgil,1,,0.0,
25-26-prem-liverpool-vs-fulham,14,Konaté,1,,0.0,
25-26-prem-liverpool-vs-fulham,14,M.Salah,1,0.2,0.0,
25-26-prem-liverpool-vs-fulham,14,Wirtz,1,0.8,0.0,
25-26-prem-liverpool-vs-fulham,14,Gakpo,1,0.8,0.2,
25-26-prem-liverpool-vs-fulham,14,Chiesa,0,,0.8,
25-26-prem-liverpool-vs-fulham,14,Mac Allister,0,,0.0,
25-26-prem-liverpool-vs-fulham,14,Szoboszlai,1,0.2,0.8,
25-26-prem-liverpool-vs-fulham,14,C.Jones,1,0.2,0.8,
25-26-prem-liverpool-vs-fulham,54,McNally,0,,,
25-26-prem-liverpool-vs-fulham,54,King,1,0.8,,
25-26-prem-liverpool-vs-fulham,54,Diop,0,,0.8,
25-26-prem-liverpool-vs-fulham,54,Ridgeon,0,,,
25-26-prem-liverpool-vs-fulham,54,Cairney,0,,0.8,
25-26-prem-liverpool-vs-fulham,54,Bobb,1,,0.2,
25-26-prem-liverpool-vs-fulham,54,Lecomte,0,,,
25-26-prem-liverpool-vs-fulham,54,Wilson,1,,0.8,
25-26-prem-liverpool-vs-fulham,54,Lukić,0,,0.0,
25-26-prem-liverpool-vs-fulham,54,Iwobi,1,,0.0,
25-26-prem-liverpool-vs-fulham,54,Smith Rowe,0,0.8,0.0,
25-26-prem-liverpool-vs-fulham,54,Chukwueze,0,,0.8,
25-26-prem-liverpool-vs-fulham,54,Raúl,0,,0.8,
25-26-prem-liverpool-vs-fulham,54,Muniz,1,,0.2,
25-26-prem-liverpool-vs-fulham,54,Leno,1,,0.0,
25-26-prem-liverpool-vs-fulham,54,Robinson,1,,0.0,
25-26-prem-liverpool-vs-fulham,54,Andersen,1,,0.0,
25-26-prem-liverpool-vs-fulham,54,Bassey,1,0.2,0.0,
25-26-prem-liverpool-vs-fulham,54,Castagne,1,0.2,0.2,
25-26-prem-liverpool-vs-fulham,54,J.Cuenca,0,,,
25-26-prem-liverpool-vs-fulham,54,Amissah,0,,,
25-26-prem-liverpool-vs-fulham,54,Sessegnon,0,,0.8,
25-26-prem-liverpool-vs-fulham,54,Berge,1,,0.0,
25-26-prem-liverpool-vs-fulham,54,Kusi-Asare,0,,,
25-26-prem-sunderland-vs-tottenham-hotspur,56,Xhaka,1,,0.2,
25-26-prem-sunderland-vs-tottenham-hotspur,56,Roefs,1,0.2,0.2,
25-26-prem-sunderland-vs-tottenham-hotspur,56,Diarra,1,,0.8,
25-26-prem-sunderland-vs-tottenham-hotspur,56,Whittaker,0,,0.2,
25-26-prem-sunderland-vs-tottenham-hotspur,56,Aleksić,0,,0.8,
25-26-prem-sunderland-vs-tottenham-hotspur,56,E.Le Fée,1,,0.2,
25-26-prem-sunderland-vs-tottenham-hotspur,56,Ellborg,0,,,
25-26-prem-sunderland-vs-tottenham-hotspur,56,Reinildo,1,,0.2,
25-26-prem-sunderland-vs-tottenham-hotspur,56,Jenson Jones,0,,,
25-26-prem-sunderland-vs-tottenham-hotspur,56,Geertruida,0,,0.2,
25-26-prem-sunderland-vs-tottenham-hotspur,56,Brobbey,1,,0.2,
25-26-prem-sunderland-vs-tottenham-hotspur,56,Abdullahi,0,,0.8,
25-26-prem-sunderland-vs-tottenham-hotspur,56,Rigg,1,0.8,0.2,
25-26-prem-sunderland-vs-tottenham-hotspur,56,Sadiki,1,,0.8,
25-26-prem-sunderland-vs-tottenham-hotspur,56,Alderete,1,,0.2,
25-26-prem-sunderland-vs-tottenham-hotspur,56,Ballard,0,1.0,0.2,
25-26-prem-sunderland-vs-tottenham-hotspur,56,Hume,0,,0.2,
25-26-prem-sunderland-vs-tottenham-hotspur,56,Cirkin,0,,0.8,
25-26-prem-sunderland-vs-tottenham-hotspur,56,Talbi,0,0.8,0.8,
25-26-prem-sunderland-vs-tottenham-hotspur,56,Ba,0,,0.8,
25-26-prem-sunderland-vs-tottenham-hotspur,56,H.Jones,0,,,
25-26-prem-sunderland-vs-tottenham-hotspur,56,Mukiele,1,,0.2,
25-26-prem-sunderland-vs-tottenham-hotspur,56,Moore,0,,,
25-26-prem-sunderland-vs-tottenham-hotspur,56,O'Nien,1,,0.2,
25-26-prem-sunderland-vs-tottenham-hotspur,56,Poveda,0,,0.8,
25-26-prem-sunderland-vs-tottenham-hotspur,56,Jones,0,,0.8,
25-26-prem-sunderland-vs-tottenham-hotspur,56,Isidor,0,,0.2,
25-26-prem-sunderland-vs-tottenham-hotspur,56,Mayenda,0,,0.8,
25-26-prem-sunderland-vs-tottenham-hotspur,6,Udogie,1,,0.0,
25-26-prem-sunderland-vs-tottenham-hotspur,6,Kudus,0,1.0,0.2,
25-26-prem-sunderland-vs-tottenham-hotspur,6,Olusesi,0,,,
25-26-prem-sunderland-vs-tottenham-hotspur,6,Williams-Barnett,0,,,
25-26-prem-sunderland-vs-tottenham-hotspur,6,Dragusin,0,,0.8,
25-26-prem-sunderland-vs-tottenham-hotspur,6,Richarlison,1,,0.8,
25-26-prem-sunderland-vs-tottenham-hotspur,6,J.Palhinha,0,,0.2,
25-26-prem-sunderland-vs-tottenham-hotspur,6,Austin,0,,0.8,
25-26-prem-sunderland-vs-tottenham-hotspur,6,Gallagher,1,,0.2,
25-26-prem-sunderland-vs-tottenham-hotspur,6,Gray,1,,0.8,
25-26-prem-sunderland-vs-tottenham-hotspur,6,Xavi,0,,0.2,
25-26-prem-sunderland-vs-tottenham-hotspur,6,Kolo Muani,1,,0.2,
25-26-prem-sunderland-vs-tottenham-hotspur,6,Byfield,0,,,
25-26-prem-sunderland-vs-tottenham-hotspur,6,Kinsky,1,0.2,,
25-26-prem-sunderland-vs-tottenham-hotspur,6,Romero,1,,0.0,
25-26-prem-sunderland-vs-tottenham-hotspur,6,Danso,0,,0.8,
25-26-prem-sunderland-vs-tottenham-hotspur,6,Van de Ven,1,,0.0,
25-26-prem-sunderland-vs-tottenham-hotspur,6,Tel,0,0.8,0.8,
25-26-prem-sunderland-vs-tottenham-hotspur,6,Bentancur,0,1.0,0.8,
25-26-prem-sunderland-vs-tottenham-hotspur,6,Bergvall,1,,0.8,
25-26-prem-sunderland-vs-tottenham-hotspur,6,Pedro Porro,1,,0.0,
25-26-prem-sunderland-vs-tottenham-hotspur,6,Spence,0,,0.8,
25-26-prem-sunderland-vs-tottenham-hotspur,6,Vicario,0,1.0,0.0,
25-26-prem-sunderland-vs-tottenham-hotspur,6,P.M.Sarr,0,0.8,0.8,
25-26-prem-sunderland-vs-tottenham-hotspur,6,Solanke,1,,0.0,
25-26-prem-sunderland-vs-tottenham-hotspur,6,Souza,0,,,
25-26-prem-sunderland-vs-tottenham-hotspur,6,Kyerematen,0,,,
25-26-prem-sunderland-vs-tottenham-hotspur,6,Wilson,0,,,
25-26-prem-sunderland-vs-tottenham-hotspur,6,Rowswell,0,,,
25-26-prem-nottingham-forest-vs-aston-villa,17,Bakwa,0,,,
25-26-prem-nottingham-forest-vs-aston-villa,17,Netz,0,,0.0,
25-26-prem-nottingham-forest-vs-aston-villa,17,Lucca,0,,,
25-26-prem-nottingham-forest-vs-aston-villa,17,Ortega Moreno,0,,,
25-26-prem-nottingham-forest-vs-aston-villa,17,McAtee,0,,0.8,
25-26-prem-nottingham-forest-vs-aston-villa,17,Milenković,1,,0.0,
25-26-prem-nottingham-forest-vs-aston-villa,17,Murillo,1,,0.0,
25-26-prem-nottingham-forest-vs-aston-villa,17,Aina,1,,0.8,
25-26-prem-nottingham-forest-vs-aston-villa,17,N.Williams,1,,0.0,
25-26-prem-nottingham-forest-vs-aston-villa,17,Morato,0,,0.8,
25-26-prem-nottingham-forest-vs-aston-villa,17,Hudson-Odoi,1,,0.0,
25-26-prem-nottingham-forest-vs-aston-villa,17,Anderson,1,0.2,0.8,
25-26-prem-nottingham-forest-vs-aston-villa,17,Sangaré,1,,0.2,
25-26-prem-nottingham-forest-vs-aston-villa,17,Ndoye,0,,,
25-26-prem-nottingham-forest-vs-aston-villa,17,Gibbs-White,1,,0.0,
25-26-prem-nottingham-forest-vs-aston-villa,17,Sels,1,,0.0,
25-26-prem-nottingham-forest-vs-aston-villa,17,Dominguez,0,,0.8,
25-26-prem-nottingham-forest-vs-aston-villa,17,Yates,0,,0.0,
25-26-prem-nottingham-forest-vs-aston-villa,17,Da Silva Moreira,0,,,
25-26-prem-nottingham-forest-vs-aston-villa,17,Jair Cunha,0,,,
25-26-prem-nottingham-forest-vs-aston-villa,17,Abbott,0,,,
25-26-prem-nottingham-forest-vs-aston-villa,17,Wood,0,,0.0,
25-26-prem-nottingham-forest-vs-aston-villa,17,Igor Jesus,1,,0.8,
25-26-prem-nottingham-forest-vs-aston-villa,17,Awoniyi,0,,0.8,
25-26-prem-nottingham-forest-vs-aston-villa,17,Gunn,0,,,
25-26-prem-nottingham-forest-vs-aston-villa,17,Hutchinson,1,,,
25-26-prem-nottingham-forest-vs-aston-villa,7,Maatsen,0,,0.2,
25-26-prem-nottingham-forest-vs-aston-villa,7,Carroll,0,,,
25-26-prem-nottingham-forest-vs-aston-villa,7,A.García,0,,,
25-26-prem-nottingham-forest-vs-aston-villa,7,Burrowes,0,,,
25-26-prem-nottingham-forest-vs-aston-villa,7,Proctor,0,,,
25-26-prem-nottingham-forest-vs-aston-villa,7,Patterson,0,,,
25-26-prem-nottingham-forest-vs-aston-villa,7,George Hemmings,0,,,
25-26-prem-nottingham-forest-vs-aston-villa,7,Rogers,1,,0.0,
25-26-prem-nottingham-forest-vs-aston-villa,7,McGinn,1,,0.0,
25-26-prem-nottingham-forest-vs-aston-villa,7,Barkley,1,0.2,0.8,
25-26-prem-nottingham-forest-vs-aston-villa,7,Alysson,0,,,
25-26-prem-nottingham-forest-vs-aston-villa,7,Abraham,0,,0.8,
25-26-prem-nottingham-forest-vs-aston-villa,7,Konsa,0,,0.0,
25-26-prem-nottingham-forest-vs-aston-villa,7,Cash,1,,0.2,
25-26-prem-nottingham-forest-vs-aston-villa,7,Bailey,0,,0.2,
25-26-prem-nottingham-forest-vs-aston-villa,7,Buendía,0,0.8,0.8,
25-26-prem-nottingham-forest-vs-aston-villa,7,Elliott,0,,,
25-26-prem-nottingham-forest-vs-aston-villa,7,Wright,0,,,
25-26-prem-nottingham-forest-vs-aston-villa,7,Lindelöf,1,,0.8,
25-26-prem-nottingham-forest-vs-aston-villa,7,M.Bizot,1,,0.8,
25-26-prem-nottingham-forest-vs-aston-villa,7,Bogarde,0,,0.8,
25-26-prem-nottingham-forest-vs-aston-villa,7,Tielemans,1,0.8,0.0,
25-26-prem-nottingham-forest-vs-aston-villa,7,Onana,1,,0.0,
25-26-prem-nottingham-forest-vs-aston-villa,7,Watkins,1,,0.0,
25-26-prem-nottingham-forest-vs-aston-villa,7,Martinez,0,,0.0,
25-26-prem-nottingham-forest-vs-aston-villa,7,Mings,0,,0.8,
25-26-prem-nottingham-forest-vs-aston-villa,7,Pau,1,,0.0,
25-26-prem-nottingham-forest-vs-aston-villa,7,Digne,1,,0.8,
25-26-prem-nottingham-forest-vs-aston-villa,7,Sancho,0,0.8,0.8,
25-26-prem-nottingham-forest-vs-aston-villa,7,Douglas Luiz,0,0.2,0.7,
25-26-prem-nottingham-forest-vs-aston-villa,7,Hollingshead,0,,,
25-26-prem-nottingham-forest-vs-aston-villa,7,Leon Routh,0,,,
25-26-prem-crystal-palace-vs-newcastle-united,31,Mitchell,1,,0.0,
25-26-prem-crystal-palace-vs-newcastle-united,31,Lerma,1,,0.8,
25-26-prem-crystal-palace-vs-newcastle-united,31,Benamar,0,,,
25-26-prem-crystal-palace-vs-newcastle-united,31,Chadi Riad,0,,0.2,
25-26-prem-crystal-palace-vs-newcastle-united,31,Yeremy,1,,,
25-26-prem-crystal-palace-vs-newcastle-united,31,Canvot,1,,,
25-26-prem-crystal-palace-vs-newcastle-united,31,Cardines,0,,,
25-26-prem-crystal-palace-vs-newcastle-united,31,Kamada,0,,0.2,
25-26-prem-crystal-palace-vs-newcastle-united,31,Uche,0,,,
25-26-prem-crystal-palace-vs-newcastle-united,31,Drakes-Thomas,0,,,
25-26-prem-crystal-palace-vs-newcastle-united,31,Rodney,0,,,
25-26-prem-crystal-palace-vs-newcastle-united,31,Strand Larsen,1,,0.8,
25-26-prem-crystal-palace-vs-newcastle-united,31,Guessand,0,,,
25-26-prem-crystal-palace-vs-newcastle-united,31,Henderson,1,,0.0,
25-26-prem-crystal-palace-vs-newcastle-united,31,Benitez,0,,,
25-26-prem-crystal-palace-vs-newcastle-united,31,Mateta,0,,0.0,
25-26-prem-crystal-palace-vs-newcastle-united,31,Agbinone,0,,,
25-26-prem-crystal-palace-vs-newcastle-united,31,Sosa,0,,0.8,
25-26-prem-crystal-palace-vs-newcastle-united,31,Richards,1,,0.2,
25-26-prem-crystal-palace-vs-newcastle-united,31,Clyne,0,,0.8,
25-26-prem-crystal-palace-vs-newcastle-united,31,Kporha,0,,,
25-26-prem-crystal-palace-vs-newcastle-united,31,Sarr,0,,0.2,
25-26-prem-crystal-palace-vs-newcastle-united,31,Doucouré,0,,0.0,
25-26-prem-crystal-palace-vs-newcastle-united,31,Hughes,1,,0.8,
25-26-prem-crystal-palace-vs-newcastle-united,31,Casey,0,,,
25-26-prem-crystal-palace-vs-newcastle-united,31,Wharton,0,,0.0,
25-26-prem-crystal-palace-vs-newcastle-united,31,Devenny,0,,,
25-26-prem-crystal-palace-vs-newcastle-united,31,Marsh,0,,,
25-26-prem-crystal-palace-vs-newcastle-united,31,Johnson,1,,,
25-26-prem-crystal-palace-vs-newcastle-united,31,Matthews,0,,,
25-26-prem-crystal-palace-vs-newcastle-united,31,Muñoz,1,,0.0,
25-26-prem-crystal-palace-vs-newcastle-united,31,Lacroix,1,,0.0,
25-26-prem-crystal-palace-vs-newcastle-united,31,King,0,,,
25-26-prem-crystal-palace-vs-newcastle-united,4,Livramento,1,,0.2,
25-26-prem-crystal-palace-vs-newcastle-united,4,Bruno G.,0,1.0,0.0,
25-26-prem-crystal-palace-vs-newcastle-united,4,Burn,0,,0.8,
25-26-prem-crystal-palace-vs-newcastle-united,4,Trippier,0,,0.8,
25-26-prem-crystal-palace-vs-newcastle-united,4,Pivas,0,,,
25-26-prem-crystal-palace-vs-newcastle-united,4,Elanga,0,,0.8,
25-26-prem-crystal-palace-vs-newcastle-united,4,Barnes,0,,0.2,
25-26-prem-crystal-palace-vs-newcastle-united,4,Tonali,1,,0.0,
25-26-prem-crystal-palace-vs-newcastle-united,4,Osula,1,,0.8,
25-26-prem-crystal-palace-vs-newcastle-united,4,Ramsdale,1,,0.0,
25-26-prem-crystal-palace-vs-newcastle-united,4,Thiaw,1,,0.2,
25-26-prem-crystal-palace-vs-newcastle-united,4,Shahar,0,,,
25-26-prem-crystal-palace-vs-newcastle-united,4,Alabi,0,,,
25-26-prem-crystal-palace-vs-newcastle-united,4,Seung soo,0,,,
25-26-prem-crystal-palace-vs-newcastle-united,4,Woltemade,0,0.2,,
25-26-prem-crystal-palace-vs-newcastle-united,4,Hall,1,,0.2,
25-26-prem-crystal-palace-vs-newcastle-united,4,Botman,1,0.2,0.2,
25-26-prem-crystal-palace-vs-newcastle-united,4,Neave,0,,,
25-26-prem-crystal-palace-vs-newcastle-united,4,Ruddy,0,,0.7,
25-26-prem-crystal-palace-vs-newcastle-united,4,J.Ramsey,0,,,
25-26-prem-crystal-palace-vs-newcastle-united,4,Wissa,0,,0.2,
25-26-prem-crystal-palace-vs-newcastle-united,4,Pope,0,,0.7,
25-26-prem-crystal-palace-vs-newcastle-united,4,L.Miley,1,0.2,,
25-26-prem-crystal-palace-vs-newcastle-united,4,Willock,0,,0.8,
25-26-prem-crystal-palace-vs-newcastle-united,4,Gordon,1,0.2,0.0,
25-26-prem-crystal-palace-vs-newcastle-united,4,J.Murphy,1,,0.8,
25-26-prem-crystal-palace-vs-newcastle-united,4,Joelinton,1,,0.0,
25-26-prem-crystal-palace-vs-newcastle-united,4,Gillespie,0,,0.7,
25-26-prem-crystal-palace-vs-newcastle-united,4,A.Murphy,0,,,
25-26-prem-crystal-palace-vs-newcastle-united,4,Schär,0,1.0,0.8,
25-26-prem-chelsea-vs-manchester-city,8,Slonina,0,,,
25-26-prem-chelsea-vs-manchester-city,8,Emenalo,0,,,
25-26-prem-chelsea-vs-manchester-city,8,Sharman-Lowe,0,,,
25-26-prem-chelsea-vs-manchester-city,8,Lavia,0,0.8,0.2,
25-26-prem-chelsea-vs-manchester-city,8,Marc Guiu,0,,0.8,
25-26-prem-chelsea-vs-manchester-city,8,Gusto,1,,0.2,
25-26-prem-chelsea-vs-manchester-city,8,Estêvão,1,,0.2,
25-26-prem-chelsea-vs-manchester-city,8,João Pedro,1,,0.8,
25-26-prem-chelsea-vs-manchester-city,8,Delap,0,,,
25-26-prem-chelsea-vs-manchester-city,8,Garnacho,0,0.8,0.2,
25-26-prem-chelsea-vs-manchester-city,8,Neto,1,,0.2,
25-26-prem-chelsea-vs-manchester-city,8,B.Badiashile,0,,0.8,
25-26-prem-chelsea-vs-manchester-city,8,Merrick,0,,,
25-26-prem-chelsea-vs-manchester-city,8,Palmer,1,,0.0,
25-26-prem-chelsea-vs-manchester-city,8,Fofana,1,,0.2,
25-26-prem-chelsea-vs-manchester-city,8,Tosin,0,,0.2,
25-26-prem-chelsea-vs-manchester-city,8,Cucurella,1,,0.2,
25-26-prem-chelsea-vs-manchester-city,8,M.Sarr,0,,,
25-26-prem-chelsea-vs-manchester-city,8,Andrey Santos,1,0.8,0.8,
25-26-prem-chelsea-vs-manchester-city,8,D.Essugo,0,,0.8,
25-26-prem-chelsea-vs-manchester-city,8,Hato,1,,0.2,
25-26-prem-chelsea-vs-manchester-city,8,Acheampong,0,,0.8,
25-26-prem-chelsea-vs-manchester-city,8,Sánchez,1,,0.2,
25-26-prem-chelsea-vs-manchester-city,8,Jörgensen,0,,0.8,
25-26-prem-chelsea-vs-manchester-city,8,James,0,1.0,0.2,
25-26-prem-chelsea-vs-manchester-city,8,Gittens,0,1.0,0.8,
25-26-prem-chelsea-vs-manchester-city,8,Caicedo,1,0.8,0.0,
25-26-prem-chelsea-vs-manchester-city,43,Lewis,0,,0.2,
25-26-prem-chelsea-vs-manchester-city,43,O'Reilly,1,,,
25-26-prem-chelsea-vs-manchester-city,43,Marmoush,0,0.8,0.8,
25-26-prem-chelsea-vs-manchester-city,43,Bettinelli,0,,,
25-26-prem-chelsea-vs-manchester-city,43,Aké,0,,0.8,
25-26-prem-chelsea-vs-manchester-city,43,Foden,0,0.8,0.0,
25-26-prem-chelsea-vs-manchester-city,43,Stones,0,0.8,0.8,
25-26-prem-chelsea-vs-manchester-city,43,Bernardo,1,,0.2,
25-26-prem-chelsea-vs-manchester-city,43,Heskey,0,,,
25-26-prem-chelsea-vs-manchester-city,43,McAidoo,0,,,
25-26-prem-chelsea-vs-manchester-city,43,Doku,1,0.8,0.8,
25-26-prem-chelsea-vs-manchester-city,43,Kovačić,0,,0.8,
25-26-prem-chelsea-vs-manchester-city,43,Nypan,0,,0.8,
25-26-prem-chelsea-vs-manchester-city,43,Rúben,0,1.0,0.0,
25-26-prem-chelsea-vs-manchester-city,43,Gray,0,,,
25-26-prem-chelsea-vs-manchester-city,43,N.Gonzalez,0,,0.8,
25-26-prem-chelsea-vs-manchester-city,43,Donnarumma,1,,0.0,
25-26-prem-chelsea-vs-manchester-city,43,Khusanov,1,,0.8,
25-26-prem-chelsea-vs-manchester-city,43,Aït-Nouri,0,,0.2,
25-26-prem-chelsea-vs-manchester-city,43,Matheus N.,1,,0.8,
25-26-prem-chelsea-vs-manchester-city,43,Savinho,0,,0.2,
25-26-prem-chelsea-vs-manchester-city,43,Cherki,1,,0.8,
25-26-prem-chelsea-vs-manchester-city,43,Semenyo,1,,0.8,
25-26-prem-chelsea-vs-manchester-city,43,Guéhi,1,,0.2,
25-26-prem-chelsea-vs-manchester-city,43,Rodrigo,1,,0.0,
25-26-prem-chelsea-vs-manchester-city,43,Reijnders,0,,0.2,
25-26-prem-chelsea-vs-manchester-city,43,Haaland,1,,0.0,
25-26-prem-chelsea-vs-manchester-city,43,Alleyne,0,,,
25-26-prem-chelsea-vs-manchester-city,43,Trafford,0,,,
25-26-prem-manchester-united-vs-leeds-united,1,Ugarte,0,,0.2,
25-26-prem-manchester-united-vs-leeds-united,1,Šeško,1,0.8,0.2,
25-26-prem-manchester-united-vs-leeds-united,1,Casemiro,1,,0.8,
25-26-prem-manchester-united-vs-leeds-united,1,Lacey,0,,,
25-26-prem-manchester-united-vs-leeds-united,1,Mbeumo,1,0.8,0.2,
25-26-prem-manchester-united-vs-leeds-united,1,Bayindir,0,,0.8,
25-26-prem-manchester-united-vs-leeds-united,1,Heaton,0,,,
25-26-prem-manchester-united-vs-leeds-united,1,Mee,0,,0.8,
25-26-prem-manchester-united-vs-leeds-united,1,Martinez,1,0.8,0.2,
25-26-prem-manchester-united-vs-leeds-united,1,Amad,0,0.8,0.2,
25-26-prem-manchester-united-vs-leeds-united,1,Mount,0,0.8,0.8,
25-26-prem-manchester-united-vs-leeds-united,1,Mainoo,1,,0.2,
25-26-prem-manchester-united-vs-leeds-united,1,Fitzgerald,0,,,
25-26-prem-manchester-united-vs-leeds-united,1,J.Fletcher,0,,,
25-26-prem-manchester-united-vs-leeds-united,1,Lammens,1,,,
25-26-prem-manchester-united-vs-leeds-united,1,Fletcher,0,,,
25-26-prem-manchester-united-vs-leeds-united,1,Mazraoui,0,0.8,0.2,
25-26-prem-manchester-united-vs-leeds-united,1,D.Leon,0,,,
25-26-prem-manchester-united-vs-leeds-united,1,Dalot,1,,0.2,
25-26-prem-manchester-united-vs-leeds-united,1,Shaw,1,0.8,0.8,
25-26-prem-manchester-united-vs-leeds-united,1,Yoro,1,,0.2,
25-26-prem-manchester-united-vs-leeds-united,1,Fredricson,0,,,
25-26-prem-manchester-united-vs-leeds-united,1,Heaven,0,0.8,,
25-26-prem-manchester-united-vs-leeds-united,1,B.Fernandes,1,,0.2,
25-26-prem-manchester-united-vs-leeds-united,1,Cunha,1,,0.2,
25-26-prem-manchester-united-vs-leeds-united,1,Bendito Mantato,0,,,
25-26-prem-manchester-united-vs-leeds-united,1,Kukonki,0,,,
25-26-prem-manchester-united-vs-leeds-united,1,Malacia,0,,0.8,
25-26-prem-manchester-united-vs-leeds-united,1,Zirkzee,0,,0.8,
25-26-prem-manchester-united-vs-leeds-united,1,Obi,0,,,
25-26-prem-manchester-united-vs-leeds-united,2,Buonanotte,0,,0.2,
25-26-prem-manchester-united-vs-leeds-united,2,Meslier,0,,0.0,
25-26-prem-manchester-united-vs-leeds-united,2,Cairns,0,,1.0,
25-26-prem-manchester-united-vs-leeds-united,2,Chambers,0,,0.2,
25-26-prem-manchester-united-vs-leeds-united,2,Aaronson,1,,0.2,
25-26-prem-manchester-united-vs-leeds-united,2,Bogle,1,,0.2,
25-26-prem-manchester-united-vs-leeds-united,2,Struijk,1,,0.0,
25-26-prem-manchester-united-vs-leeds-united,2,Bijol,1,0.8,0.2,
25-26-prem-manchester-united-vs-leeds-united,2,Bornauw,1,0.8,0.8,
25-26-prem-manchester-united-vs-leeds-united,2,Byram,0,,0.8,
25-26-prem-manchester-united-vs-leeds-united,2,Gudmundsson,0,0.8,0.8,
25-26-prem-manchester-united-vs-leeds-united,2,Darlow,1,,1.0,
25-26-prem-manchester-united-vs-leeds-united,2,Gnonto,0,,0.0,
25-26-prem-manchester-united-vs-leeds-united,2,Gruev,1,,0.8,
25-26-prem-manchester-united-vs-leeds-united,2,Tanaka,1,0.8,0.2,
25-26-prem-manchester-united-vs-leeds-united,2,Justin,1,0.2,0.2,
25-26-prem-manchester-united-vs-leeds-united,2,Okafor,0,0.8,0.8,
25-26-prem-manchester-united-vs-leeds-united,2,Ampadu,1,,0.0,
25-26-prem-manchester-united-vs-leeds-united,2,Piroe,0,,0.8,
25-26-prem-manchester-united-vs-leeds-united,2,Nmecha,0,0.8,0.8,
25-26-prem-manchester-united-vs-leeds-united,2,Longstaff,0,,0.8,
25-26-prem-manchester-united-vs-leeds-united,2,Perri,0,,1.0,
25-26-prem-manchester-united-vs-leeds-united,2,Calvert-Lewin,1,,0.2,
25-26-prem-brentford-vs-fulham,94,Collins,1,,0.0,
25-26-prem-brentford-vs-fulham,94,Lewis-Potter,0,,0.2,
25-26-prem-brentford-vs-fulham,94,Ajer,0,,0.2,
25-26-prem-brentford-vs-fulham,94,Kayode,1,,,
25-26-prem-brentford-vs-fulham,94,Donovan,0,,,
25-26-prem-brentford-vs-fulham,94,Valdimarsson,0,,0.8,
25-26-prem-brentford-vs-fulham,94,Jensen,1,,0.2,
25-26-prem-brentford-vs-fulham,94,Yarmoliuk,1,,0.8,
25-26-prem-brentford-vs-fulham,94,Thiago,1,,0.2,
25-26-prem-brentford-vs-fulham,94,McManus,0,,,
25-26-prem-brentford-vs-fulham,94,Owen,0,,,
25-26-prem-brentford-vs-fulham,94,Balcombe,0,,0.8,
25-26-prem-brentford-vs-fulham,94,Bentt,0,,,
25-26-prem-brentford-vs-fulham,94,Kelleher,1,,0.0,
25-26-prem-brentford-vs-fulham,94,Pinnock,0,,0.0,
25-26-prem-brentford-vs-fulham,94,Dasilva,0,,0.8,
25-26-prem-brentford-vs-fulham,94,Shield,0,,,
25-26-prem-brentford-vs-fulham,94,Stephenson,0,,,
25-26-prem-brentford-vs-fulham,94,Van den Berg,1,,0.0,
25-26-prem-brentford-vs-fulham,94,Hickey,1,,0.8,
25-26-prem-brentford-vs-fulham,94,Schade,1,,0.2,
25-26-prem-brentford-vs-fulham,94,Damsgaard,1,,0.2,
25-26-prem-brentford-vs-fulham,94,Eyestone,0,,,
25-26-prem-brentford-vs-fulham,94,Nelson,0,,0.8,
25-26-prem-brentford-vs-fulham,94,O.Dango,1,,,
25-26-prem-brentford-vs-fulham,54,McNally,0,,,
25-26-prem-brentford-vs-fulham,54,Lecomte,0,,,
25-26-prem-brentford-vs-fulham,54,Cairney,0,,0.8,
25-26-prem-brentford-vs-fulham,54,Bassey,1,,0.0,
25-26-prem-brentford-vs-fulham,54,Amissah,0,,,
25-26-prem-brentford-vs-fulham,54,Iwobi,1,,0.0,
25-26-prem-brentford-vs-fulham,54,Smith Rowe,0,,0.0,
25-26-prem-brentford-vs-fulham,54,Sessegnon,0,,0.8,
25-26-prem-brentford-vs-fulham,54,Wilson,1,,0.8,
25-26-prem-brentford-vs-fulham,54,Berge,1,,0.0,
25-26-prem-brentford-vs-fulham,54,Lukić,0,,0.0,
25-26-prem-brentford-vs-fulham,54,King,1,,,
25-26-prem-brentford-vs-fulham,54,Reed,0,,0.8,
25-26-prem-brentford-vs-fulham,54,Raúl,0,,0.8,
25-26-prem-brentford-vs-fulham,54,Muniz,1,,0.2,
25-26-prem-brentford-vs-fulham,54,Bobb,1,,0.8,
25-26-prem-brentford-vs-fulham,54,Chukwueze,0,,0.2,
25-26-prem-brentford-vs-fulham,54,Kusi-Asare,0,,,
25-26-prem-brentford-vs-fulham,54,Ridgeon,0,,,
25-26-prem-brentford-vs-fulham,54,Leno,1,,0.0,
25-26-prem-brentford-vs-fulham,54,Robinson,1,,0.0,
25-26-prem-brentford-vs-fulham,54,Andersen,1,,0.0,
25-26-prem-brentford-vs-fulham,54,Castagne,1,,0.2,
25-26-prem-brentford-vs-fulham,54,Diop,0,,0.8,
25-26-prem-brentford-vs-fulham,54,J.Cuenca,0,,,
25-26-prem-leeds-united-vs-wolverhampton-wanderers,2,Rodon,0,,0.0,
25-26-prem-leeds-united-vs-wolverhampton-wanderers,2,Perri,0,,,
25-26-prem-leeds-united-vs-wolverhampton-wanderers,2,Bogle,1,,0.0,
25-26-prem-leeds-united-vs-wolverhampton-wanderers,2,Struijk,1,,0.0,
25-26-prem-leeds-united-vs-wolverhampton-wanderers,2,Bijol,1,,0.8,
25-26-prem-leeds-united-vs-wolverhampton-wanderers,2,Bornauw,0,,0.8,
25-26-prem-leeds-united-vs-wolverhampton-wanderers,2,Gudmundsson,1,,0.8,
25-26-prem-leeds-united-vs-wolverhampton-wanderers,2,Aaronson,1,,0.2,
25-26-prem-leeds-united-vs-wolverhampton-wanderers,2,Gnonto,0,,0.0,
25-26-prem-leeds-united-vs-wolverhampton-wanderers,2,James,0,,0.8,
25-26-prem-leeds-united-vs-wolverhampton-wanderers,2,Ampadu,1,,0.0,
25-26-prem-leeds-united-vs-wolverhampton-wanderers,2,Gruev,0,,0.8,
25-26-prem-leeds-united-vs-wolverhampton-wanderers,2,Tanaka,1,,0.2,
25-26-prem-leeds-united-vs-wolverhampton-wanderers,2,Piroe,0,,0.8,
25-26-prem-leeds-united-vs-wolverhampton-wanderers,2,Nmecha,0,,0.8,
25-26-prem-leeds-united-vs-wolverhampton-wanderers,2,Longstaff,0,,0.8,
25-26-prem-leeds-united-vs-wolverhampton-wanderers,2,Stach,0,,0.8,
25-26-prem-leeds-united-vs-wolverhampton-wanderers,2,Calvert-Lewin,1,,0.0,
25-26-prem-leeds-united-vs-wolverhampton-wanderers,2,Okafor,1,,0.8,
25-26-prem-leeds-united-vs-wolverhampton-wanderers,2,Justin,1,,0.2,
25-26-prem-leeds-united-vs-wolverhampton-wanderers,2,Buonanotte,0,,0.8,
25-26-prem-leeds-united-vs-wolverhampton-wanderers,2,Meslier,0,,0.0,
25-26-prem-leeds-united-vs-wolverhampton-wanderers,2,Cairns,0,,,
25-26-prem-leeds-united-vs-wolverhampton-wanderers,2,Darlow,1,,,
25-26-prem-leeds-united-vs-wolverhampton-wanderers,2,Chambers,0,,0.8,
25-26-prem-leeds-united-vs-wolverhampton-wanderers,2,Byram,0,,0.8,
25-26-prem-leeds-united-vs-wolverhampton-wanderers,39,Olagunju,0,,,
25-26-prem-leeds-united-vs-wolverhampton-wanderers,39,Pedro Lima,0,,0.2,
25-26-prem-leeds-united-vs-wolverhampton-wanderers,39,Hee Chan,0,,0.2,
25-26-prem-leeds-united-vs-wolverhampton-wanderers,39,André,1,,0.0,
25-26-prem-leeds-united-vs-wolverhampton-wanderers,39,Bellegarde,1,,0.2,
25-26-prem-leeds-united-vs-wolverhampton-wanderers,39,Doherty,0,,0.8,
25-26-prem-leeds-united-vs-wolverhampton-wanderers,39,J.Gomes,1,,0.0,
25-26-prem-leeds-united-vs-wolverhampton-wanderers,39,Gonzalez,0,,,
25-26-prem-leeds-united-vs-wolverhampton-wanderers,39,Tchatchoua,1,,0.8,
25-26-prem-leeds-united-vs-wolverhampton-wanderers,39,Krejčí,1,,0.8,
25-26-prem-leeds-united-vs-wolverhampton-wanderers,39,Tolu,0,,,
25-26-prem-leeds-united-vs-wolverhampton-wanderers,39,José Sá,0,,0.2,
25-26-prem-leeds-united-vs-wolverhampton-wanderers,39,Bentley,1,,0.8,
25-26-prem-leeds-united-vs-wolverhampton-wanderers,39,Mané,0,,,
25-26-prem-leeds-united-vs-wolverhampton-wanderers,39,Rawlings,0,,,
25-26-prem-leeds-united-vs-wolverhampton-wanderers,39,Abbey,0,,,
25-26-prem-leeds-united-vs-wolverhampton-wanderers,39,Angel,1,,,
25-26-prem-leeds-united-vs-wolverhampton-wanderers,39,Armstrong,1,,,
25-26-prem-leeds-united-vs-wolverhampton-wanderers,39,Møller Wolfe,0,,0.2,
25-26-prem-leeds-united-vs-wolverhampton-wanderers,39,H.Bueno,1,,0.8,
25-26-prem-leeds-united-vs-wolverhampton-wanderers,39,R.Gomes,0,,0.2,
25-26-prem-leeds-united-vs-wolverhampton-wanderers,39,S.Bueno,1,,0.2,
25-26-prem-leeds-united-vs-wolverhampton-wanderers,39,Toti,1,,0.2,
25-26-prem-leeds-united-vs-wolverhampton-wanderers,39,Sutherland,0,,,
25-26-prem-leeds-united-vs-wolverhampton-wanderers,39,Edozie,0,,0.2,
25-26-prem-leeds-united-vs-wolverhampton-wanderers,39,Chiwome,0,,0.8,
25-26-prem-leeds-united-vs-wolverhampton-wanderers,39,Fraser,0,,0.8,
25-26-prem-newcastle-united-vs-afc-bournemouth,4,Thiaw,1,,0.8,
25-26-prem-newcastle-united-vs-afc-bournemouth,4,Ruddy,0,,,
25-26-prem-newcastle-united-vs-afc-bournemouth,4,Shahar,0,,,
25-26-prem-newcastle-united-vs-afc-bournemouth,4,Alabi,0,,,
25-26-prem-newcastle-united-vs-afc-bournemouth,4,J.Ramsey,1,,0.8,
25-26-prem-newcastle-united-vs-afc-bournemouth,4,Wissa,0,,0.8,
25-26-prem-newcastle-united-vs-afc-bournemouth,4,Pope,0,,0.2,
25-26-prem-newcastle-united-vs-afc-bournemouth,4,Gillespie,0,,,
25-26-prem-newcastle-united-vs-afc-bournemouth,4,Hall,1,,0.2,
25-26-prem-newcastle-united-vs-afc-bournemouth,4,Livramento,1,,0.2,
25-26-prem-newcastle-united-vs-afc-bournemouth,4,Trippier,0,,0.8,
25-26-prem-newcastle-united-vs-afc-bournemouth,4,Barnes,1,,0.2,
25-26-prem-newcastle-united-vs-afc-bournemouth,4,Bruno G.,0,0.8,0.0,
25-26-prem-newcastle-united-vs-afc-bournemouth,4,J.Murphy,0,,0.8,
25-26-prem-newcastle-united-vs-afc-bournemouth,4,L.Miley,1,,0.8,
25-26-prem-newcastle-united-vs-afc-bournemouth,4,Osula,1,,0.8,
25-26-prem-newcastle-united-vs-afc-bournemouth,4,Ramsdale,1,,0.8,
25-26-prem-newcastle-united-vs-afc-bournemouth,4,Seung soo,0,,,
25-26-prem-newcastle-united-vs-afc-bournemouth,4,Woltemade,0,,0.8,
25-26-prem-newcastle-united-vs-afc-bournemouth,4,Pivas,0,,,
25-26-prem-newcastle-united-vs-afc-bournemouth,4,A.Murphy,0,,,
25-26-prem-newcastle-united-vs-afc-bournemouth,4,Botman,1,,0.2,
25-26-prem-newcastle-united-vs-afc-bournemouth,4,Burn,0,,0.2,
25-26-prem-newcastle-united-vs-afc-bournemouth,4,Tonali,1,,0.2,
25-26-prem-newcastle-united-vs-afc-bournemouth,4,Willock,0,,0.2,
25-26-prem-newcastle-united-vs-afc-bournemouth,4,Gordon,0,,0.0,
25-26-prem-newcastle-united-vs-afc-bournemouth,4,Elanga,1,,0.8,
25-26-prem-newcastle-united-vs-afc-bournemouth,4,Neave,0,,,
25-26-prem-newcastle-united-vs-afc-bournemouth,91,Hill,1,,0.8,
25-26-prem-newcastle-united-vs-afc-bournemouth,91,Smith,0,,0.2,
25-26-prem-newcastle-united-vs-afc-bournemouth,91,Truffert,1,,0.0,
25-26-prem-newcastle-united-vs-afc-bournemouth,91,Akinmboni,0,,0.8,
25-26-prem-newcastle-united-vs-afc-bournemouth,91,Petrović,1,,0.0,
25-26-prem-newcastle-united-vs-afc-bournemouth,91,Senesi,1,,0.0,
25-26-prem-newcastle-united-vs-afc-bournemouth,91,Bevan,0,,,
25-26-prem-newcastle-united-vs-afc-bournemouth,91,Tavernier,1,,0.0,
25-26-prem-newcastle-united-vs-afc-bournemouth,91,Adams,0,,0.2,
25-26-prem-newcastle-united-vs-afc-bournemouth,91,Brooks,0,,0.8,
25-26-prem-newcastle-united-vs-afc-bournemouth,91,Christie,1,,0.2,
25-26-prem-newcastle-united-vs-afc-bournemouth,91,Evanilson,1,,0.0,
25-26-prem-newcastle-united-vs-afc-bournemouth,91,Enes Ünal,0,,0.8,
25-26-prem-newcastle-united-vs-afc-bournemouth,91,Kroupi.Jr,1,,0.8,
25-26-prem-newcastle-united-vs-afc-bournemouth,91,Mandas,0,,0.7,
25-26-prem-newcastle-united-vs-afc-bournemouth,91,DaCosta,0,,,
25-26-prem-newcastle-united-vs-afc-bournemouth,91,Forster,0,,0.7,
25-26-prem-newcastle-united-vs-afc-bournemouth,91,Stevens,0,,0.8,
25-26-prem-newcastle-united-vs-afc-bournemouth,91,McKenna,0,,0.0,
25-26-prem-newcastle-united-vs-afc-bournemouth,91,Cook,0,,0.0,
25-26-prem-newcastle-united-vs-afc-bournemouth,91,Scott,1,,0.2,
25-26-prem-newcastle-united-vs-afc-bournemouth,91,Soler,0,,0.2,
25-26-prem-newcastle-united-vs-afc-bournemouth,91,Gannon-Doak,0,,,
25-26-prem-newcastle-united-vs-afc-bournemouth,91,Diakité,0,,0.8,
25-26-prem-newcastle-united-vs-afc-bournemouth,91,Rees-Dottin,0,,,
25-26-prem-newcastle-united-vs-afc-bournemouth,91,Adli,0,,0.8,
25-26-prem-newcastle-united-vs-afc-bournemouth,91,A.Jimenez,1,,0.8,
25-26-prem-newcastle-united-vs-afc-bournemouth,91,Milosavljević,0,,,
25-26-prem-newcastle-united-vs-afc-bournemouth,91,Tóth.A,0,,,
25-26-prem-newcastle-united-vs-afc-bournemouth,91,Rayan,1,,,
25-26-prem-tottenham-hotspur-vs-brighton-hove-albion,6,Austin,0,,,
25-26-prem-tottenham-hotspur-vs-brighton-hove-albion,6,Kinsky,1,0.2,,
25-26-prem-tottenham-hotspur-vs-brighton-hove-albion,6,Pedro Porro,1,,0.2,
25-26-prem-tottenham-hotspur-vs-brighton-hove-albion,6,Danso,1,0.2,0.2,
25-26-prem-tottenham-hotspur-vs-brighton-hove-albion,6,Dragusin,0,0.2,0.8,
25-26-prem-tottenham-hotspur-vs-brighton-hove-albion,6,Spence,0,,0.8,
25-26-prem-tottenham-hotspur-vs-brighton-hove-albion,6,Udogie,1,,0.2,
25-26-prem-tottenham-hotspur-vs-brighton-hove-albion,6,Van de Ven,1,,0.2,
25-26-prem-tottenham-hotspur-vs-brighton-hove-albion,6,Tel,0,,0.8,
25-26-prem-tottenham-hotspur-vs-brighton-hove-albion,6,Bentancur,1,,0.2,
25-26-prem-tottenham-hotspur-vs-brighton-hove-albion,6,Bergvall,0,,0.8,
25-26-prem-tottenham-hotspur-vs-brighton-hove-albion,6,Bissouma,1,,0.2,
25-26-prem-tottenham-hotspur-vs-brighton-hove-albion,6,Gray,0,,0.8,
25-26-prem-tottenham-hotspur-vs-brighton-hove-albion,6,P.M.Sarr,0,,0.2,
25-26-prem-tottenham-hotspur-vs-brighton-hove-albion,6,Olusesi,0,,,
25-26-prem-tottenham-hotspur-vs-brighton-hove-albion,6,Solanke,1,,0.2,
25-26-prem-tottenham-hotspur-vs-brighton-hove-albion,6,Richarlison,0,,0.8,
25-26-prem-tottenham-hotspur-vs-brighton-hove-albion,6,J.Palhinha,0,,0.2,
25-26-prem-tottenham-hotspur-vs-brighton-hove-albion,6,Xavi,1,0.8,0.2,
25-26-prem-tottenham-hotspur-vs-brighton-hove-albion,6,Kolo Muani,1,,0.2,
25-26-prem-tottenham-hotspur-vs-brighton-hove-albion,6,Gallagher,1,,0.2,
25-26-prem-tottenham-hotspur-vs-brighton-hove-albion,6,Rowswell,0,,,
25-26-prem-tottenham-hotspur-vs-brighton-hove-albion,6,Williams-Barnett,0,,,
25-26-prem-tottenham-hotspur-vs-brighton-hove-albion,6,Wilson,0,,,
25-26-prem-tottenham-hotspur-vs-brighton-hove-albion,6,Souza,0,,,
25-26-prem-tottenham-hotspur-vs-brighton-hove-albion,6,Kyerematen,0,,,
25-26-prem-tottenham-hotspur-vs-brighton-hove-albion,6,Byfield,0,,,
25-26-prem-tottenham-hotspur-vs-brighton-hove-albion,36,Baleba,0,,0.2,
25-26-prem-tottenham-hotspur-vs-brighton-hove-albion,36,March,0,,0.8,
25-26-prem-tottenham-hotspur-vs-brighton-hove-albion,36,Steele,0,,0.8,
25-26-prem-tottenham-hotspur-vs-brighton-hove-albion,36,Verbruggen,1,,0.0,
25-26-prem-tottenham-hotspur-vs-brighton-hove-albion,36,McGill,0,,,
25-26-prem-tottenham-hotspur-vs-brighton-hove-albion,36,De Cuyper,0,,0.2,
25-26-prem-tottenham-hotspur-vs-brighton-hove-albion,36,Van Hecke,1,,0.0,
25-26-prem-tottenham-hotspur-vs-brighton-hove-albion,36,Veltman,0,,0.8,
25-26-prem-tottenham-hotspur-vs-brighton-hove-albion,36,Tasker,0,,,
25-26-prem-tottenham-hotspur-vs-brighton-hove-albion,36,Mitoma,0,,0.0,
25-26-prem-tottenham-hotspur-vs-brighton-hove-albion,36,Georginio,0,,0.2,
25-26-prem-tottenham-hotspur-vs-brighton-hove-albion,36,Minteh,1,,0.8,
25-26-prem-tottenham-hotspur-vs-brighton-hove-albion,36,Hinshelwood,1,,0.2,
25-26-prem-tottenham-hotspur-vs-brighton-hove-albion,36,O'Riley,0,,0.2,
25-26-prem-tottenham-hotspur-vs-brighton-hove-albion,36,Ayari,1,,0.8,
25-26-prem-tottenham-hotspur-vs-brighton-hove-albion,36,Gomez,1,,0.2,
25-26-prem-tottenham-hotspur-vs-brighton-hove-albion,36,Milner,0,,0.8,
25-26-prem-tottenham-hotspur-vs-brighton-hove-albion,36,Wieffer,1,,0.2,
25-26-prem-tottenham-hotspur-vs-brighton-hove-albion,36,Welbeck,1,,0.0,
25-26-prem-tottenham-hotspur-vs-brighton-hove-albion,36,Boscagli,1,,0.2,
25-26-prem-tottenham-hotspur-vs-brighton-hove-albion,36,Simmonds,0,,,
25-26-prem-tottenham-hotspur-vs-brighton-hove-albion,36,Groß,1,,,
25-26-prem-tottenham-hotspur-vs-brighton-hove-albion,36,F.Kadıoğlu,1,,0.0,
25-26-prem-tottenham-hotspur-vs-brighton-hove-albion,36,Igor,0,,0.8,
25-26-prem-tottenham-hotspur-vs-brighton-hove-albion,36,Kostoulas,0,,,
25-26-prem-tottenham-hotspur-vs-brighton-hove-albion,36,Oriola,0,,,
25-26-prem-tottenham-hotspur-vs-brighton-hove-albion,36,Howell,0,,,
25-26-prem-chelsea-vs-manchester-united,8,Colwill,0,,0.2,
25-26-prem-chelsea-vs-manchester-united,8,B.Badiashile,0,,0.8,
25-26-prem-chelsea-vs-manchester-united,8,Palmer,1,,0.0,
25-26-prem-chelsea-vs-manchester-united,8,Neto,1,,0.2,
25-26-prem-chelsea-vs-manchester-united,8,Jörgensen,0,,0.8,
25-26-prem-chelsea-vs-manchester-united,8,Chalobah,0,,,
25-26-prem-chelsea-vs-manchester-united,8,Enzo,1,,0.2,
25-26-prem-chelsea-vs-manchester-united,8,Estêvão,1,,0.2,
25-26-prem-chelsea-vs-manchester-united,8,Gittens,0,,0.8,
25-26-prem-chelsea-vs-manchester-united,8,Caicedo,1,,0.0,
25-26-prem-chelsea-vs-manchester-united,8,Andrey Santos,0,,0.8,
25-26-prem-chelsea-vs-manchester-united,8,D.Essugo,0,,0.8,
25-26-prem-chelsea-vs-manchester-united,8,João Pedro,0,,,
25-26-prem-chelsea-vs-manchester-united,8,Delap,1,,,
25-26-prem-chelsea-vs-manchester-united,8,Hato,1,,0.2,
25-26-prem-chelsea-vs-manchester-united,8,Sharman-Lowe,0,,,
25-26-prem-chelsea-vs-manchester-united,8,Lavia,0,,0.2,
25-26-prem-chelsea-vs-manchester-united,8,Merrick,0,,,
25-26-prem-chelsea-vs-manchester-united,8,Tosin,0,,0.8,
25-26-prem-chelsea-vs-manchester-united,8,Acheampong,0,,0.8,
25-26-prem-chelsea-vs-manchester-united,8,Gusto,1,,0.2,
25-26-prem-chelsea-vs-manchester-united,8,Sánchez,1,,0.2,
25-26-prem-chelsea-vs-manchester-united,8,Fofana,1,,0.2,
25-26-prem-chelsea-vs-manchester-united,8,M.Sarr,0,,,
25-26-prem-chelsea-vs-manchester-united,8,Slonina,0,,,
25-26-prem-chelsea-vs-manchester-united,8,Cucurella,1,,0.2,
25-26-prem-chelsea-vs-manchester-united,8,James,0,,0.8,
25-26-prem-chelsea-vs-manchester-united,8,Emenalo,0,,,
25-26-prem-chelsea-vs-manchester-united,8,Marc Guiu,0,,0.8,
25-26-prem-chelsea-vs-manchester-united,8,Garnacho,0,,,
25-26-prem-chelsea-vs-manchester-united,1,Mazraoui,1,,0.2,
25-26-prem-chelsea-vs-manchester-united,1,Mbeumo,1,,0.2,
25-26-prem-chelsea-vs-manchester-united,1,Bayindir,0,,0.8,
25-26-prem-chelsea-vs-manchester-united,1,Heaton,0,,,
25-26-prem-chelsea-vs-manchester-united,1,Mee,0,,0.8,
25-26-prem-chelsea-vs-manchester-united,1,D.Leon,0,,,
25-26-prem-chelsea-vs-manchester-united,1,Dalot,1,,0.2,
25-26-prem-chelsea-vs-manchester-united,1,Malacia,0,,0.8,
25-26-prem-chelsea-vs-manchester-united,1,B.Fernandes,1,,0.0,
25-26-prem-chelsea-vs-manchester-united,1,Cunha,1,,0.2,
25-26-prem-chelsea-vs-manchester-united,1,Amad,0,,0.8,
25-26-prem-chelsea-vs-manchester-united,1,Mount,0,,0.8,
25-26-prem-chelsea-vs-manchester-united,1,Casemiro,1,,0.8,
25-26-prem-chelsea-vs-manchester-united,1,Mainoo,1,,0.2,
25-26-prem-chelsea-vs-manchester-united,1,J.Fletcher,0,,,
25-26-prem-chelsea-vs-manchester-united,1,Zirkzee,0,,0.8,
25-26-prem-chelsea-vs-manchester-united,1,Šeško,1,,0.2,
25-26-prem-chelsea-vs-manchester-united,1,Lammens,1,,,
25-26-prem-chelsea-vs-manchester-united,1,Lacey,0,,,
25-26-prem-chelsea-vs-manchester-united,1,Bendito Mantato,0,,,
25-26-prem-chelsea-vs-manchester-united,1,Fletcher,0,,,
25-26-prem-chelsea-vs-manchester-united,1,Kukonki,0,,,
25-26-prem-chelsea-vs-manchester-united,1,Ugarte,0,,0.2,
25-26-prem-chelsea-vs-manchester-united,1,Fitzgerald,0,,,
25-26-prem-chelsea-vs-manchester-united,1,Shaw,1,,0.8,
25-26-prem-chelsea-vs-manchester-united,1,Fredricson,0,,,
25-26-prem-chelsea-vs-manchester-united,1,Heaven,1,,,
25-26-prem-chelsea-vs-manchester-united,1,Obi,0,,,
25-26-prem-chelsea-vs-manchester-united,1,Yoro,0,,0.2,
25-26-prem-everton-vs-liverpool,11,Ebere,0,,,
25-26-prem-everton-vs-liverpool,11,Welch,0,,,
25-26-prem-everton-vs-liverpool,11,Dewsbury-Hall,1,,0.2,
25-26-prem-everton-vs-liverpool,11,George,0,,,
25-26-prem-everton-vs-liverpool,11,Pickford,1,,0.0,
25-26-prem-everton-vs-liverpool,11,Tarkowski,1,,0.0,
25-26-prem-everton-vs-liverpool,11,Mykolenko,1,,0.0,
25-26-prem-everton-vs-liverpool,11,Keane,0,,0.8,
25-26-prem-everton-vs-liverpool,11,Ndiaye,1,,0.0,
25-26-prem-everton-vs-liverpool,11,McNeil,1,,0.0,
25-26-prem-everton-vs-liverpool,11,Alcaraz,0,,,
25-26-prem-everton-vs-liverpool,11,Gana,1,,0.2,
25-26-prem-everton-vs-liverpool,11,Armstrong,0,,,
25-26-prem-everton-vs-liverpool,11,Bates,0,,,
25-26-prem-everton-vs-liverpool,11,Barry,0,,,
25-26-prem-everton-vs-liverpool,11,Beto,1,,0.2,
25-26-prem-everton-vs-liverpool,11,King,0,,,
25-26-prem-everton-vs-liverpool,11,Aznou,0,,,
25-26-prem-everton-vs-liverpool,11,O'Brien,1,,0.8,
25-26-prem-everton-vs-liverpool,11,Coleman,0,,0.8,
25-26-prem-everton-vs-liverpool,11,Patterson,0,,0.8,
25-26-prem-everton-vs-liverpool,11,Dibling,0,,0.2,
25-26-prem-everton-vs-liverpool,11,Röhl,0,,,
25-26-prem-everton-vs-liverpool,11,Graham,0,,,
25-26-prem-everton-vs-liverpool,11,Travers,0,,,
25-26-prem-everton-vs-liverpool,11,Branthwaite,1,,0.0,
25-26-prem-everton-vs-liverpool,11,Garner,1,,0.8,
25-26-prem-everton-vs-liverpool,11,Iroegbunam,0,,0.8,
25-26-prem-everton-vs-liverpool,14,Virgil,1,,0.0,
25-26-prem-everton-vs-liverpool,14,Gakpo,1,,0.8,
25-26-prem-everton-vs-liverpool,14,Morrison,0,,,
25-26-prem-everton-vs-liverpool,14,Pécsi,0,,,
25-26-prem-everton-vs-liverpool,14,Woodman,0,,,
25-26-prem-everton-vs-liverpool,14,Frimpong,0,,0.2,
25-26-prem-everton-vs-liverpool,14,Kerkez,0,,0.2,
25-26-prem-everton-vs-liverpool,14,Robertson,1,,0.8,
25-26-prem-everton-vs-liverpool,14,Chiesa,0,,0.8,
25-26-prem-everton-vs-liverpool,14,Mac Allister,0,,0.0,
25-26-prem-everton-vs-liverpool,14,Szoboszlai,1,,0.0,
25-26-prem-everton-vs-liverpool,14,C.Jones,1,,0.8,
25-26-prem-everton-vs-liverpool,14,Gravenberch,1,,0.2,
25-26-prem-everton-vs-liverpool,14,Nyoni,0,,,
25-26-prem-everton-vs-liverpool,14,Isak,1,,0.0,
25-26-prem-everton-vs-liverpool,14,Ngumoha,0,,,
25-26-prem-everton-vs-liverpool,14,Lucky,0,,,
25-26-prem-everton-vs-liverpool,14,Konaté,1,,0.0,
25-26-prem-everton-vs-liverpool,14,Mamardashvili,1,,0.0,
25-26-prem-everton-vs-liverpool,14,Nallo,0,,,
25-26-prem-everton-vs-liverpool,14,R.Williams,0,,,
25-26-prem-everton-vs-liverpool,14,Ramsay,0,,,
25-26-prem-everton-vs-liverpool,14,M.Salah,1,,0.0,
25-26-prem-everton-vs-liverpool,14,Wirtz,1,,0.0,
25-26-prem-aston-villa-vs-sunderland,7,Alysson,0,1.0,,
25-26-prem-aston-villa-vs-sunderland,7,M.Bizot,0,,,
25-26-prem-aston-villa-vs-sunderland,7,Martinez,1,0.2,0.0,
25-26-prem-aston-villa-vs-sunderland,7,Cash,1,,0.2,
25-26-prem-aston-villa-vs-sunderland,7,Digne,0,,0.8,
25-26-prem-aston-villa-vs-sunderland,7,Konsa,1,,0.0,
25-26-prem-aston-villa-vs-sunderland,7,Maatsen,1,,0.2,
25-26-prem-aston-villa-vs-sunderland,7,Pau,0,,0.0,
25-26-prem-aston-villa-vs-sunderland,7,A.García,0,,,
25-26-prem-aston-villa-vs-sunderland,7,Bogarde,0,,0.8,
25-26-prem-aston-villa-vs-sunderland,7,Rogers,1,,0.2,
25-26-prem-aston-villa-vs-sunderland,7,Tielemans,1,,0.0,
25-26-prem-aston-villa-vs-sunderland,7,Bailey,0,,0.8,
25-26-prem-aston-villa-vs-sunderland,7,Buendía,0,,0.8,
25-26-prem-aston-villa-vs-sunderland,7,McGinn,1,,0.0,
25-26-prem-aston-villa-vs-sunderland,7,Barkley,1,,0.8,
25-26-prem-aston-villa-vs-sunderland,7,Elliott,0,,,
25-26-prem-aston-villa-vs-sunderland,7,Sancho,0,,0.8,
25-26-prem-aston-villa-vs-sunderland,7,Wright,0,,,
25-26-prem-aston-villa-vs-sunderland,7,Douglas Luiz,0,,0.8,
25-26-prem-aston-villa-vs-sunderland,7,Burrowes,0,,,
25-26-prem-aston-villa-vs-sunderland,7,George Hemmings,0,,,
25-26-prem-aston-villa-vs-sunderland,7,Abraham,0,,0.8,
25-26-prem-aston-villa-vs-sunderland,7,Proctor,0,,,
25-26-prem-aston-villa-vs-sunderland,7,Patterson,0,,,
25-26-prem-aston-villa-vs-sunderland,7,Lindelöf,0,,0.8,
25-26-prem-aston-villa-vs-sunderland,7,Mings,1,,0.8,
25-26-prem-aston-villa-vs-sunderland,7,Onana,1,,0.0,
25-26-prem-aston-villa-vs-sunderland,7,Watkins,1,,0.0,
25-26-prem-aston-villa-vs-sunderland,7,Hollingshead,0,,,
25-26-prem-aston-villa-vs-sunderland,7,Leon Routh,0,,,
25-26-prem-aston-villa-vs-sunderland,7,Carroll,0,,,
25-26-prem-aston-villa-vs-sunderland,56,Aleksić,0,,0.8,
25-26-prem-aston-villa-vs-sunderland,56,Ballard,0,,0.2,
25-26-prem-aston-villa-vs-sunderland,56,Hume,0,,0.2,
25-26-prem-aston-villa-vs-sunderland,56,Cirkin,0,,0.2,
25-26-prem-aston-villa-vs-sunderland,56,O'Nien,1,,0.2,
25-26-prem-aston-villa-vs-sunderland,56,Reinildo,1,,0.2,
25-26-prem-aston-villa-vs-sunderland,56,Diarra,1,,0.2,
25-26-prem-aston-villa-vs-sunderland,56,E.Le Fée,1,,0.2,
25-26-prem-aston-villa-vs-sunderland,56,Poveda,0,,0.8,
25-26-prem-aston-villa-vs-sunderland,56,Rigg,1,,0.2,
25-26-prem-aston-villa-vs-sunderland,56,Sadiki,1,,0.8,
25-26-prem-aston-villa-vs-sunderland,56,Talbi,0,,0.2,
25-26-prem-aston-villa-vs-sunderland,56,Ba,0,,0.8,
25-26-prem-aston-villa-vs-sunderland,56,H.Jones,0,,,
25-26-prem-aston-villa-vs-sunderland,56,Isidor,0,,0.2,
25-26-prem-aston-villa-vs-sunderland,56,Mayenda,0,,0.8,
25-26-prem-aston-villa-vs-sunderland,56,Abdullahi,0,,0.8,
25-26-prem-aston-villa-vs-sunderland,56,Xhaka,1,,0.2,
25-26-prem-aston-villa-vs-sunderland,56,Roefs,1,,0.0,
25-26-prem-aston-villa-vs-sunderland,56,Alderete,1,,0.2,
25-26-prem-aston-villa-vs-sunderland,56,Mukiele,1,,0.2,
25-26-prem-aston-villa-vs-sunderland,56,Geertruida,0,,0.2,
25-26-prem-aston-villa-vs-sunderland,56,Brobbey,1,,0.2,
25-26-prem-aston-villa-vs-sunderland,56,Jenson Jones,0,,,
25-26-prem-aston-villa-vs-sunderland,56,Jones,0,,0.8,
25-26-prem-aston-villa-vs-sunderland,56,Ellborg,0,,,
25-26-prem-aston-villa-vs-sunderland,56,Whittaker,0,,0.8,
25-26-prem-nottingham-forest-vs-burnley,17,N.Williams,1,,0.2,
25-26-prem-nottingham-forest-vs-burnley,17,Bakwa,1,,0.8,
25-26-prem-nottingham-forest-vs-burnley,17,Milenković,1,,0.0,
25-26-prem-nottingham-forest-vs-burnley,17,Ortega Moreno,0,,0.0,
25-26-prem-nottingham-forest-vs-burnley,17,McAtee,0,,0.8,
25-26-prem-nottingham-forest-vs-burnley,17,Sels,1,,0.8,
25-26-prem-nottingham-forest-vs-burnley,17,Murillo,1,,0.0,
25-26-prem-nottingham-forest-vs-burnley,17,Aina,1,,0.0,
25-26-prem-nottingham-forest-vs-burnley,17,Jair Cunha,0,,0.8,
25-26-prem-nottingham-forest-vs-burnley,17,Morato,0,,0.8,
25-26-prem-nottingham-forest-vs-burnley,17,Gibbs-White,1,,0.0,
25-26-prem-nottingham-forest-vs-burnley,17,Hudson-Odoi,0,,0.2,
25-26-prem-nottingham-forest-vs-burnley,17,Anderson,1,,0.8,
25-26-prem-nottingham-forest-vs-burnley,17,Dominguez,0,,0.2,
25-26-prem-nottingham-forest-vs-burnley,17,Sangaré,1,,0.8,
25-26-prem-nottingham-forest-vs-burnley,17,Yates,0,,0.2,
25-26-prem-nottingham-forest-vs-burnley,17,Da Silva Moreira,0,,0.8,
25-26-prem-nottingham-forest-vs-burnley,17,Wood,1,,0.0,
25-26-prem-nottingham-forest-vs-burnley,17,Igor Jesus,0,,0.8,
25-26-prem-nottingham-forest-vs-burnley,17,Awoniyi,0,,0.8,
25-26-prem-nottingham-forest-vs-burnley,17,Ndoye,0,,0.8,
25-26-prem-nottingham-forest-vs-burnley,17,Hutchinson,1,,0.8,
25-26-prem-nottingham-forest-vs-burnley,17,Lucca,0,,0.8,
25-26-prem-nottingham-forest-vs-burnley,17,Abbott,0,,,
25-26-prem-nottingham-forest-vs-burnley,17,Gunn,0,,,
25-26-prem-nottingham-forest-vs-burnley,17,Netz,0,,0.8,
25-26-prem-nottingham-forest-vs-burnley,90,Lucas Pires,0,,0.0,
25-26-prem-nottingham-forest-vs-burnley,90,Tuanzebe,0,,0.0,
25-26-prem-nottingham-forest-vs-burnley,90,Worrall,0,,0.8,
25-26-prem-nottingham-forest-vs-burnley,90,Edwards,1,,0.8,
25-26-prem-nottingham-forest-vs-burnley,90,Hannibal,0,,0.2,
25-26-prem-nottingham-forest-vs-burnley,90,Laurent,0,,0.8,
25-26-prem-nottingham-forest-vs-burnley,90,Tchaouna,0,,0.2,
25-26-prem-nottingham-forest-vs-burnley,90,Walker,1,,0.8,
25-26-prem-nottingham-forest-vs-burnley,90,Hladký,0,,0.0,
25-26-prem-nottingham-forest-vs-burnley,90,Ekdal,1,,0.8,
25-26-prem-nottingham-forest-vs-burnley,90,Estève,1,,0.0,
25-26-prem-nottingham-forest-vs-burnley,90,Hartman,1,,0.8,
25-26-prem-nottingham-forest-vs-burnley,90,Humphreys,0,,0.2,
25-26-prem-nottingham-forest-vs-burnley,90,Anthony,1,,0.2,
25-26-prem-nottingham-forest-vs-burnley,90,Bruun Larsen,0,,0.8,
25-26-prem-nottingham-forest-vs-burnley,90,Trésor,0,,0.8,
25-26-prem-nottingham-forest-vs-burnley,90,Flemming,1,,0.8,
25-26-prem-nottingham-forest-vs-burnley,90,Amdouni,0,,0.8,
25-26-prem-nottingham-forest-vs-burnley,90,Foster,0,,0.2,
25-26-prem-nottingham-forest-vs-burnley,90,Barnes,0,,0.8,
25-26-prem-nottingham-forest-vs-burnley,90,Dúbravka,1,,0.8,
25-26-prem-nottingham-forest-vs-burnley,90,Ward-Prowse,1,,0.0,
25-26-prem-nottingham-forest-vs-burnley,90,Ugochukwu,1,,0.8,
25-26-prem-nottingham-forest-vs-burnley,90,Broja,0,,0.8,
25-26-prem-nottingham-forest-vs-burnley,90,Florentino,1,,0.0,
25-26-prem-nottingham-forest-vs-burnley,90,Pimlott,0,,,
25-26-prem-nottingham-forest-vs-burnley,90,Brierley,0,,,
25-26-prem-nottingham-forest-vs-burnley,90,McMahon-Brown,0,,,
25-26-prem-nottingham-forest-vs-burnley,90,Boateng,0,,,
25-26-prem-nottingham-forest-vs-burnley,90,Weiss,0,,,
25-26-prem-manchester-city-vs-arsenal,43,Trafford,0,,0.8,
25-26-prem-manchester-city-vs-arsenal,43,Nypan,0,,0.8,
25-26-prem-manchester-city-vs-arsenal,43,Matheus N.,1,,0.8,
25-26-prem-manchester-city-vs-arsenal,43,Stones,0,,0.2,
25-26-prem-manchester-city-vs-arsenal,43,Guéhi,1,,0.2,
25-26-prem-manchester-city-vs-arsenal,43,Haaland,1,,0.0,
25-26-prem-manchester-city-vs-arsenal,43,Semenyo,1,,0.8,
25-26-prem-manchester-city-vs-arsenal,43,Bettinelli,0,,,
25-26-prem-manchester-city-vs-arsenal,43,Aït-Nouri,0,,0.2,
25-26-prem-manchester-city-vs-arsenal,43,Aké,0,,0.8,
25-26-prem-manchester-city-vs-arsenal,43,Khusanov,1,,0.8,
25-26-prem-manchester-city-vs-arsenal,43,Lewis,0,,0.2,
25-26-prem-manchester-city-vs-arsenal,43,O'Reilly,1,,,1.0
25-26-prem-manchester-city-vs-arsenal,43,Savinho,0,,0.2,
25-26-prem-manchester-city-vs-arsenal,43,Bernardo,1,,0.2,
25-26-prem-manchester-city-vs-arsenal,43,Cherki,1,,0.8,
25-26-prem-manchester-city-vs-arsenal,43,Doku,1,,0.8,
25-26-prem-manchester-city-vs-arsenal,43,Rodrigo,1,,0.0,
25-26-prem-manchester-city-vs-arsenal,43,Kovačić,0,,0.8,
25-26-prem-manchester-city-vs-arsenal,43,N.Gonzalez,0,,0.8,
25-26-prem-manchester-city-vs-arsenal,43,Donnarumma,1,,0.0,
25-26-prem-manchester-city-vs-arsenal,43,McAidoo,0,,,
25-26-prem-manchester-city-vs-arsenal,43,Gray,0,,,
25-26-prem-manchester-city-vs-arsenal,43,Heskey,0,,,
25-26-prem-manchester-city-vs-arsenal,43,Alleyne,0,,,
25-26-prem-manchester-city-vs-arsenal,43,Marmoush,0,,0.2,
25-26-prem-manchester-city-vs-arsenal,43,Foden,0,,0.0,
25-26-prem-manchester-city-vs-arsenal,43,Reijnders,0,,0.2,
25-26-prem-manchester-city-vs-arsenal,3,Setford,0,,0.7,
25-26-prem-manchester-city-vs-arsenal,3,Nørgaard,0,,,
25-26-prem-manchester-city-vs-arsenal,3,Mosquera,1,,,
25-26-prem-manchester-city-vs-arsenal,3,Rice,1,,0.0,0.2
25-26-prem-manchester-city-vs-arsenal,3,Nichols,0,,,
25-26-prem-manchester-city-vs-arsenal,3,Lewis-Skelly,0,,0.8,
25-26-prem-manchester-city-vs-arsenal,3,Ødegaard,1,,0.0,0.8
25-26-prem-manchester-city-vs-arsenal,3,Madueke,1,,0.2,0.8
25-26-prem-manchester-city-vs-arsenal,3,Martinelli,0,,0.8,
25-26-prem-manchester-city-vs-arsenal,3,Trossard,0,,0.8,
25-26-prem-manchester-city-vs-arsenal,3,Zubimendi,1,,0.2,
25-26-prem-manchester-city-vs-arsenal,3,Havertz,1,,0.2,
25-26-prem-manchester-city-vs-arsenal,3,G.Jesus,0,,0.8,
25-26-prem-manchester-city-vs-arsenal,3,Eze,1,,0.8,
25-26-prem-manchester-city-vs-arsenal,3,Gyökeres,0,,0.2,
25-26-prem-manchester-city-vs-arsenal,3,Dowman,0,,,
25-26-prem-manchester-city-vs-arsenal,3,White,0,,0.0,
25-26-prem-manchester-city-vs-arsenal,3,Clarke,0,,,
25-26-prem-manchester-city-vs-arsenal,3,Raya,1,,0.0,
25-26-prem-manchester-city-vs-arsenal,3,Gabriel,1,,0.0,
25-26-prem-manchester-city-vs-arsenal,3,Saliba,1,,0.0,
25-26-prem-manchester-city-vs-arsenal,3,Calafiori,0,,0.2,0.8
25-26-prem-manchester-city-vs-arsenal,3,J.Timber,0,,0.8,0.8
25-26-prem-manchester-city-vs-arsenal,3,Arrizabalaga,0,,0.7,
25-26-prem-manchester-city-vs-arsenal,3,Harriman-Annous,0,,,
25-26-prem-manchester-city-vs-arsenal,3,Hincapie,1,,0.8,
25-26-prem-manchester-city-vs-arsenal,3,Salmon,0,,,
25-26-prem-crystal-palace-vs-west-ham-united,31,Sosa,0,,0.8,
25-26-prem-crystal-palace-vs-west-ham-united,31,Richards,1,,0.0,
25-26-prem-crystal-palace-vs-west-ham-united,31,Chadi Riad,0,,0.8,
25-26-prem-crystal-palace-vs-west-ham-united,31,Clyne,0,,0.8,
25-26-prem-crystal-palace-vs-west-ham-united,31,Kporha,0,,,
25-26-prem-crystal-palace-vs-west-ham-united,31,Hughes,1,,0.8,
25-26-prem-crystal-palace-vs-west-ham-united,31,Kamada,0,,0.2,
25-26-prem-crystal-palace-vs-west-ham-united,31,Lerma,1,,0.2,
25-26-prem-crystal-palace-vs-west-ham-united,31,Devenny,0,,,
25-26-prem-crystal-palace-vs-west-ham-united,31,Henderson,1,,0.0,
25-26-prem-crystal-palace-vs-west-ham-united,31,Benitez,0,,,
25-26-prem-crystal-palace-vs-west-ham-united,31,Matthews,0,,,
25-26-prem-crystal-palace-vs-west-ham-united,31,Muñoz,1,,0.0,
25-26-prem-crystal-palace-vs-west-ham-united,31,Lacroix,1,0.8,0.0,
25-26-prem-crystal-palace-vs-west-ham-united,31,Mitchell,1,,0.0,
25-26-prem-crystal-palace-vs-west-ham-united,31,Sarr,0,,0.2,
25-26-prem-crystal-palace-vs-west-ham-united,31,Rodney,0,,,
25-26-prem-crystal-palace-vs-west-ham-united,31,Mateta,0,0.8,0.0,
25-26-prem-crystal-palace-vs-west-ham-united,31,Marsh,0,,,
25-26-prem-crystal-palace-vs-west-ham-united,31,Johnson,1,,,
25-26-prem-crystal-palace-vs-west-ham-united,31,Cardines,0,,,
25-26-prem-crystal-palace-vs-west-ham-united,31,Yeremy,1,,,
25-26-prem-crystal-palace-vs-west-ham-united,31,Canvot,1,,,
25-26-prem-crystal-palace-vs-west-ham-united,31,Uche,0,,,
25-26-prem-crystal-palace-vs-west-ham-united,31,Drakes-Thomas,0,,,
25-26-prem-crystal-palace-vs-west-ham-united,31,Casey,0,,,
25-26-prem-crystal-palace-vs-west-ham-united,31,King,0,,,
25-26-prem-crystal-palace-vs-west-ham-united,31,Strand Larsen,1,,0.8,
25-26-prem-crystal-palace-vs-west-ham-united,31,Benamar,0,,,
25-26-prem-crystal-palace-vs-west-ham-united,31,Wharton,0,0.8,0.0,
25-26-prem-crystal-palace-vs-west-ham-united,31,Agbinone,0,,,
25-26-prem-crystal-palace-vs-west-ham-united,21,Lamadrid,0,,,
25-26-prem-crystal-palace-vs-west-ham-united,21,Kilman,0,,0.0,
25-26-prem-crystal-palace-vs-west-ham-united,21,Mavropanos,1,,0.8,
25-26-prem-crystal-palace-vs-west-ham-united,21,Scarles,0,,,
25-26-prem-crystal-palace-vs-west-ham-united,21,Todibo,0,,0.0,
25-26-prem-crystal-palace-vs-west-ham-united,21,Wan-Bissaka,0,0.8,0.0,
25-26-prem-crystal-palace-vs-west-ham-united,21,Souček,1,,0.0,
25-26-prem-crystal-palace-vs-west-ham-united,21,Summerville,1,,0.2,
25-26-prem-crystal-palace-vs-west-ham-united,21,Potts,0,,,
25-26-prem-crystal-palace-vs-west-ham-united,21,Bowen,1,,0.0,
25-26-prem-crystal-palace-vs-west-ham-united,21,Walker-Peters,1,0.8,0.0,
25-26-prem-crystal-palace-vs-west-ham-united,21,Wilson,0,0.8,,
25-26-prem-crystal-palace-vs-west-ham-united,21,Pablo,1,,,
25-26-prem-crystal-palace-vs-west-ham-united,21,Taty,1,,0.2,
25-26-prem-crystal-palace-vs-west-ham-united,21,Disasi,1,,0.8,
25-26-prem-crystal-palace-vs-west-ham-united,21,Herrick,0,,,
25-26-prem-crystal-palace-vs-west-ham-united,21,Adama,0,,,
25-26-prem-crystal-palace-vs-west-ham-united,21,Areola,0,,0.0,
25-26-prem-crystal-palace-vs-west-ham-united,21,Hermansen,1,,0.7,
25-26-prem-crystal-palace-vs-west-ham-united,21,M.Fernandes,1,,0.2,
25-26-prem-crystal-palace-vs-west-ham-united,21,S.Magassa,0,,,
25-26-prem-crystal-palace-vs-west-ham-united,21,Fabianski,0,,0.7,
25-26-prem-crystal-palace-vs-west-ham-united,21,Mayers,0,,,
25-26-prem-crystal-palace-vs-west-ham-united,21,Golambeckis,0,,,
25-26-prem-crystal-palace-vs-west-ham-united,21,Mohamadou Kanté,0,,,
25-26-prem-crystal-palace-vs-west-ham-united,21,Diouf,1,,,
25-26-prem-brighton-hove-albion-vs-chelsea,36,Baleba,1,,0.2,
25-26-prem-brighton-hove-albion-vs-chelsea,36,March,0,,0.8,
25-26-prem-brighton-hove-albion-vs-chelsea,36,Steele,0,,0.8,
25-26-prem-brighton-hove-albion-vs-chelsea,36,Verbruggen,1,,0.0,
25-26-prem-brighton-hove-albion-vs-chelsea,36,McGill,0,,,
25-26-prem-brighton-hove-albion-vs-chelsea,36,De Cuyper,0,,0.2,
25-26-prem-brighton-hove-albion-vs-chelsea,36,Van Hecke,1,,0.0,
25-26-prem-brighton-hove-albion-vs-chelsea,36,Veltman,0,,0.8,
25-26-prem-brighton-hove-albion-vs-chelsea,36,Tasker,0,,,
25-26-prem-brighton-hove-albion-vs-chelsea,36,Mitoma,1,,0.0,
25-26-prem-brighton-hove-albion-vs-chelsea,36,Georginio,1,,0.2,
25-26-prem-brighton-hove-albion-vs-chelsea,36,Minteh,1,,0.8,
25-26-prem-brighton-hove-albion-vs-chelsea,36,Hinshelwood,1,,0.2,
25-26-prem-brighton-hove-albion-vs-chelsea,36,O'Riley,0,,0.2,
25-26-prem-brighton-hove-albion-vs-chelsea,36,Ayari,0,,0.8,
25-26-prem-brighton-hove-albion-vs-chelsea,36,Gomez,0,,0.2,
25-26-prem-brighton-hove-albion-vs-chelsea,36,Milner,0,,0.8,
25-26-prem-brighton-hove-albion-vs-chelsea,36,Wieffer,1,,0.2,
25-26-prem-brighton-hove-albion-vs-chelsea,36,Welbeck,0,,0.0,
25-26-prem-brighton-hove-albion-vs-chelsea,36,Boscagli,1,,0.2,
25-26-prem-brighton-hove-albion-vs-chelsea,36,Simmonds,0,,,
25-26-prem-brighton-hove-albion-vs-chelsea,36,Groß,1,,,
25-26-prem-brighton-hove-albion-vs-chelsea,36,F.Kadıoğlu,1,,0.0,
25-26-prem-brighton-hove-albion-vs-chelsea,36,Igor,0,,0.8,
25-26-prem-brighton-hove-albion-vs-chelsea,36,Kostoulas,0,,,
25-26-prem-brighton-hove-albion-vs-chelsea,36,Oriola,0,,,
25-26-prem-brighton-hove-albion-vs-chelsea,36,Howell,0,,,
25-26-prem-brighton-hove-albion-vs-chelsea,8,Colwill,0,,0.2,
25-26-prem-brighton-hove-albion-vs-chelsea,8,B.Badiashile,0,,0.8,
25-26-prem-brighton-hove-albion-vs-chelsea,8,Palmer,0,,0.0,
25-26-prem-brighton-hove-albion-vs-chelsea,8,Neto,1,,0.2,
25-26-prem-brighton-hove-albion-vs-chelsea,8,Jörgensen,0,,0.8,
25-26-prem-brighton-hove-albion-vs-chelsea,8,Chalobah,1,,,
25-26-prem-brighton-hove-albion-vs-chelsea,8,Enzo,1,,0.2,
25-26-prem-brighton-hove-albion-vs-chelsea,8,Estêvão,0,,0.2,
25-26-prem-brighton-hove-albion-vs-chelsea,8,Gittens,0,,0.8,
25-26-prem-brighton-hove-albion-vs-chelsea,8,Caicedo,1,,0.0,
25-26-prem-brighton-hove-albion-vs-chelsea,8,Andrey Santos,0,,0.8,
25-26-prem-brighton-hove-albion-vs-chelsea,8,D.Essugo,0,,0.8,
25-26-prem-brighton-hove-albion-vs-chelsea,8,João Pedro,0,,,
25-26-prem-brighton-hove-albion-vs-chelsea,8,Delap,1,,,
25-26-prem-brighton-hove-albion-vs-chelsea,8,Hato,1,,0.2,
25-26-prem-brighton-hove-albion-vs-chelsea,8,Sharman-Lowe,0,,,
25-26-prem-brighton-hove-albion-vs-chelsea,8,Lavia,1,,0.2,
25-26-prem-brighton-hove-albion-vs-chelsea,8,Merrick,0,,,
25-26-prem-brighton-hove-albion-vs-chelsea,8,Tosin,0,,0.8,
25-26-prem-brighton-hove-albion-vs-chelsea,8,Acheampong,0,,0.8,
25-26-prem-brighton-hove-albion-vs-chelsea,8,Gusto,1,,0.2,
25-26-prem-brighton-hove-albion-vs-chelsea,8,Sánchez,1,,0.2,
25-26-prem-brighton-hove-albion-vs-chelsea,8,Fofana,1,,0.2,
25-26-prem-brighton-hove-albion-vs-chelsea,8,M.Sarr,0,,,
25-26-prem-brighton-hove-albion-vs-chelsea,8,Slonina,0,,,
25-26-prem-brighton-hove-albion-vs-chelsea,8,Cucurella,1,,0.2,
25-26-prem-brighton-hove-albion-vs-chelsea,8,James,0,,0.8,
25-26-prem-brighton-hove-albion-vs-chelsea,8,Emenalo,0,,,
25-26-prem-brighton-hove-albion-vs-chelsea,8,Marc Guiu,0,,0.8,
25-26-prem-brighton-hove-albion-vs-chelsea,8,Garnacho,0,,,
25-26-prem-burnley-vs-manchester-city,90,Lucas Pires,0,,0.0,
25-26-prem-burnley-vs-manchester-city,90,Tuanzebe,0,,0.0,
25-26-prem-burnley-vs-manchester-city,90,Worrall,0,,0.8,
25-26-prem-burnley-vs-manchester-city,90,Edwards,0,,0.8,
25-26-prem-burnley-vs-manchester-city,90,Hannibal,0,,0.2,
25-26-prem-burnley-vs-manchester-city,90,Laurent,1,,0.8,
25-26-prem-burnley-vs-manchester-city,90,Tchaouna,1,,0.2,
25-26-prem-burnley-vs-manchester-city,90,Walker,1,,0.8,
25-26-prem-burnley-vs-manchester-city,90,Hladký,0,,0.0,
25-26-prem-burnley-vs-manchester-city,90,Ekdal,1,,0.8,
25-26-prem-burnley-vs-manchester-city,90,Estève,1,,0.0,
25-26-prem-burnley-vs-manchester-city,90,Hartman,1,,0.8,
25-26-prem-burnley-vs-manchester-city,90,Humphreys,1,,0.2,
25-26-prem-burnley-vs-manchester-city,90,Anthony,1,,0.2,
25-26-prem-burnley-vs-manchester-city,90,Bruun Larsen,0,,0.8,
25-26-prem-burnley-vs-manchester-city,90,Trésor,0,,0.8,
25-26-prem-burnley-vs-manchester-city,90,Flemming,1,,0.8,
25-26-prem-burnley-vs-manchester-city,90,Amdouni,0,,0.8,
25-26-prem-burnley-vs-manchester-city,90,Foster,0,,0.2,
25-26-prem-burnley-vs-manchester-city,90,Barnes,0,,0.8,
25-26-prem-burnley-vs-manchester-city,90,Dúbravka,1,,0.8,
25-26-prem-burnley-vs-manchester-city,90,Ward-Prowse,1,,0.0,
25-26-prem-burnley-vs-manchester-city,90,Ugochukwu,0,,0.8,
25-26-prem-burnley-vs-manchester-city,90,Broja,0,,0.8,
25-26-prem-burnley-vs-manchester-city,90,Florentino,0,,0.0,
25-26-prem-burnley-vs-manchester-city,90,Pimlott,0,,,
25-26-prem-burnley-vs-manchester-city,90,Brierley,0,,,
25-26-prem-burnley-vs-manchester-city,90,McMahon-Brown,0,,,
25-26-prem-burnley-vs-manchester-city,90,Boateng,0,,,
25-26-prem-burnley-vs-manchester-city,90,Weiss,0,,,
25-26-prem-burnley-vs-manchester-city,43,Trafford,0,,0.8,
25-26-prem-burnley-vs-manchester-city,43,Nypan,0,,0.8,
25-26-prem-burnley-vs-manchester-city,43,Matheus N.,1,,0.8,
25-26-prem-burnley-vs-manchester-city,43,Stones,0,,0.2,
25-26-prem-burnley-vs-manchester-city,43,Guéhi,1,,0.2,
25-26-prem-burnley-vs-manchester-city,43,Haaland,1,,0.0,
25-26-prem-burnley-vs-manchester-city,43,Semenyo,1,,0.8,
25-26-prem-burnley-vs-manchester-city,43,Bettinelli,0,,,
25-26-prem-burnley-vs-manchester-city,43,Aït-Nouri,1,,0.2,
25-26-prem-burnley-vs-manchester-city,43,Aké,0,,0.8,
25-26-prem-burnley-vs-manchester-city,43,Khusanov,1,,0.8,
25-26-prem-burnley-vs-manchester-city,43,Lewis,0,,0.2,
25-26-prem-burnley-vs-manchester-city,43,O'Reilly,1,,,
25-26-prem-burnley-vs-manchester-city,43,Savinho,0,,0.2,
25-26-prem-burnley-vs-manchester-city,43,Bernardo,1,,0.2,
25-26-prem-burnley-vs-manchester-city,43,Cherki,1,,0.8,
25-26-prem-burnley-vs-manchester-city,43,Doku,1,,0.8,
25-26-prem-burnley-vs-manchester-city,43,Rodrigo,0,,0.0,
25-26-prem-burnley-vs-manchester-city,43,Kovačić,0,,0.8,
25-26-prem-burnley-vs-manchester-city,43,N.Gonzalez,0,,0.8,
25-26-prem-burnley-vs-manchester-city,43,Donnarumma,1,,0.0,
25-26-prem-burnley-vs-manchester-city,43,McAidoo,0,,,
25-26-prem-burnley-vs-manchester-city,43,Gray,0,,,
25-26-prem-burnley-vs-manchester-city,43,Heskey,0,,,
25-26-prem-burnley-vs-manchester-city,43,Alleyne,0,,,
25-26-prem-burnley-vs-manchester-city,43,Marmoush,0,,0.2,
25-26-prem-burnley-vs-manchester-city,43,Foden,0,,0.0,
25-26-prem-burnley-vs-manchester-city,43,Reijnders,0,,0.2,
25-26-prem-afc-bournemouth-vs-leeds-united,91,Hill,1,,0.8,
25-26-prem-afc-bournemouth-vs-leeds-united,91,Smith,0,,0.2,
25-26-prem-afc-bournemouth-vs-leeds-united,91,Truffert,1,,0.0,
25-26-prem-afc-bournemouth-vs-leeds-united,91,Akinmboni,0,,0.8,
25-26-prem-afc-bournemouth-vs-leeds-united,91,Petrović,1,,0.0,
25-26-prem-afc-bournemouth-vs-leeds-united,91,Senesi,1,,0.0,
25-26-prem-afc-bournemouth-vs-leeds-united,91,Bevan,0,,,
25-26-prem-afc-bournemouth-vs-leeds-united,91,Tavernier,1,,0.0,
25-26-prem-afc-bournemouth-vs-leeds-united,91,Adams,0,,0.2,
25-26-prem-afc-bournemouth-vs-leeds-united,91,Brooks,1,,0.8,
25-26-prem-afc-bournemouth-vs-leeds-united,91,Christie,1,,0.2,
25-26-prem-afc-bournemouth-vs-leeds-united,91,Evanilson,1,,0.0,
25-26-prem-afc-bournemouth-vs-leeds-united,91,Enes Ünal,0,,0.8,
25-26-prem-afc-bournemouth-vs-leeds-united,91,Kroupi.Jr,1,,0.8,
25-26-prem-afc-bournemouth-vs-leeds-united,91,Mandas,0,,0.7,
25-26-prem-afc-bournemouth-vs-leeds-united,91,DaCosta,0,,,
25-26-prem-afc-bournemouth-vs-leeds-united,91,Forster,0,,0.7,
25-26-prem-afc-bournemouth-vs-leeds-united,91,Stevens,0,,0.8,
25-26-prem-afc-bournemouth-vs-leeds-united,91,McKenna,0,,0.0,
25-26-prem-afc-bournemouth-vs-leeds-united,91,Cook,0,,0.0,
25-26-prem-afc-bournemouth-vs-leeds-united,91,Scott,1,,0.2,
25-26-prem-afc-bournemouth-vs-leeds-united,91,Soler,0,,0.2,
25-26-prem-afc-bournemouth-vs-leeds-united,91,Gannon-Doak,0,,,
25-26-prem-afc-bournemouth-vs-leeds-united,91,Diakité,0,,0.8,
25-26-prem-afc-bournemouth-vs-leeds-united,91,Rees-Dottin,0,,,
25-26-prem-afc-bournemouth-vs-leeds-united,91,Adli,0,,0.8,
25-26-prem-afc-bournemouth-vs-leeds-united,91,A.Jimenez,1,,0.8,
25-26-prem-afc-bournemouth-vs-leeds-united,91,Milosavljević,0,,,
25-26-prem-afc-bournemouth-vs-leeds-united,91,Tóth.A,0,,,
25-26-prem-afc-bournemouth-vs-leeds-united,91,Rayan,0,,,
25-26-prem-afc-bournemouth-vs-leeds-united,2,Rodon,0,,0.0,
25-26-prem-afc-bournemouth-vs-leeds-united,2,Perri,0,,,
25-26-prem-afc-bournemouth-vs-leeds-united,2,Bogle,1,,0.0,
25-26-prem-afc-bournemouth-vs-leeds-united,2,Struijk,1,,0.0,
25-26-prem-afc-bournemouth-vs-leeds-united,2,Bijol,1,,0.8,
25-26-prem-afc-bournemouth-vs-leeds-united,2,Bornauw,0,,0.8,
25-26-prem-afc-bournemouth-vs-leeds-united,2,Gudmundsson,1,,0.8,
25-26-prem-afc-bournemouth-vs-leeds-united,2,Aaronson,1,,0.2,
25-26-prem-afc-bournemouth-vs-leeds-united,2,Gnonto,0,,0.0,
25-26-prem-afc-bournemouth-vs-leeds-united,2,James,0,,0.8,
25-26-prem-afc-bournemouth-vs-leeds-united,2,Ampadu,1,,0.0,
25-26-prem-afc-bournemouth-vs-leeds-united,2,Gruev,0,,0.8,
25-26-prem-afc-bournemouth-vs-leeds-united,2,Tanaka,1,,0.2,
25-26-prem-afc-bournemouth-vs-leeds-united,2,Piroe,0,,0.8,
25-26-prem-afc-bournemouth-vs-leeds-united,2,Nmecha,0,,0.8,
25-26-prem-afc-bournemouth-vs-leeds-united,2,Longstaff,0,,0.8,
25-26-prem-afc-bournemouth-vs-leeds-united,2,Stach,0,,0.8,
25-26-prem-afc-bournemouth-vs-leeds-united,2,Calvert-Lewin,1,,0.0,
25-26-prem-afc-bournemouth-vs-leeds-united,2,Okafor,1,,0.8,
25-26-prem-afc-bournemouth-vs-leeds-united,2,Justin,1,,0.2,
25-26-prem-afc-bournemouth-vs-leeds-united,2,Buonanotte,0,,0.8,
25-26-prem-afc-bournemouth-vs-leeds-united,2,Meslier,0,,0.0,
25-26-prem-afc-bournemouth-vs-leeds-united,2,Cairns,0,,,
25-26-prem-afc-bournemouth-vs-leeds-united,2,Darlow,1,,,
25-26-prem-afc-bournemouth-vs-leeds-united,2,Chambers,0,,0.8,
25-26-prem-afc-bournemouth-vs-leeds-united,2,Byram,0,,0.8,
25-26-prem-sunderland-vs-nottingham-forest,56,Ballard,1,,0.2,
25-26-prem-sunderland-vs-nottingham-forest,56,O'Nien,0,,0.2,
25-26-prem-sunderland-vs-nottingham-forest,56,Reinildo,0,,0.2,
25-26-prem-sunderland-vs-nottingham-forest,56,Diarra,1,,0.8,
25-26-prem-sunderland-vs-nottingham-forest,56,E.Le Fée,1,,0.2,
25-26-prem-sunderland-vs-nottingham-forest,56,Poveda,0,,0.8,
25-26-prem-sunderland-vs-nottingham-forest,56,Rigg,1,,0.2,
25-26-prem-sunderland-vs-nottingham-forest,56,Sadiki,1,,0.8,
25-26-prem-sunderland-vs-nottingham-forest,56,H.Jones,0,,,
25-26-prem-sunderland-vs-nottingham-forest,56,Isidor,0,,0.2,
25-26-prem-sunderland-vs-nottingham-forest,56,Mayenda,0,,0.8,
25-26-prem-sunderland-vs-nottingham-forest,56,Xhaka,1,,0.2,
25-26-prem-sunderland-vs-nottingham-forest,56,Roefs,1,,0.0,
25-26-prem-sunderland-vs-nottingham-forest,56,Alderete,1,,0.2,
25-26-prem-sunderland-vs-nottingham-forest,56,Geertruida,0,,0.2,
25-26-prem-sunderland-vs-nottingham-forest,56,Brobbey,1,,0.2,
25-26-prem-sunderland-vs-nottingham-forest,56,Jocelin.T,0,,,
25-26-prem-sunderland-vs-nottingham-forest,56,Cirkin,0,,0.2,
25-26-prem-sunderland-vs-nottingham-forest,56,Jenson Jones,0,,,
25-26-prem-sunderland-vs-nottingham-forest,56,Abdullahi,0,,0.8,
25-26-prem-sunderland-vs-nottingham-forest,56,Hume,1,,0.2,
25-26-prem-sunderland-vs-nottingham-forest,56,Talbi,0,,0.8,
25-26-prem-sunderland-vs-nottingham-forest,56,Ba,0,,0.8,
25-26-prem-sunderland-vs-nottingham-forest,56,Mukiele,1,,0.2,
25-26-prem-sunderland-vs-nottingham-forest,56,Ellborg,0,,,
25-26-prem-sunderland-vs-nottingham-forest,56,Aleksić,0,,,
25-26-prem-sunderland-vs-nottingham-forest,56,Whittaker,0,,0.8,
25-26-prem-sunderland-vs-nottingham-forest,56,Jones,0,,,
25-26-prem-sunderland-vs-nottingham-forest,17,Ortega Moreno,0,,0.0,
25-26-prem-sunderland-vs-nottingham-forest,17,McAtee,0,,0.8,
25-26-prem-sunderland-vs-nottingham-forest,17,Sels,1,,0.7,
25-26-prem-sunderland-vs-nottingham-forest,17,Milenković,1,,0.0,
25-26-prem-sunderland-vs-nottingham-forest,17,Jair Cunha,1,,0.2,
25-26-prem-sunderland-vs-nottingham-forest,17,Morato,0,,0.2,
25-26-prem-sunderland-vs-nottingham-forest,17,Abbott,0,,0.8,
25-26-prem-sunderland-vs-nottingham-forest,17,Dominguez,0,,0.2,
25-26-prem-sunderland-vs-nottingham-forest,17,Sangaré,1,,0.2,
25-26-prem-sunderland-vs-nottingham-forest,17,Yates,0,,0.2,
25-26-prem-sunderland-vs-nottingham-forest,17,Da Silva Moreira,0,,0.8,
25-26-prem-sunderland-vs-nottingham-forest,17,Wood,1,,0.0,
25-26-prem-sunderland-vs-nottingham-forest,17,Igor Jesus,1,,0.8,
25-26-prem-sunderland-vs-nottingham-forest,17,Awoniyi,0,,0.8,
25-26-prem-sunderland-vs-nottingham-forest,17,Ndoye,0,,0.8,
25-26-prem-sunderland-vs-nottingham-forest,17,Gunn,0,,0.7,
25-26-prem-sunderland-vs-nottingham-forest,17,Hutchinson,1,,0.8,
25-26-prem-sunderland-vs-nottingham-forest,17,Bakwa,0,,0.8,
25-26-prem-sunderland-vs-nottingham-forest,17,Lucca,0,,0.8,
25-26-prem-sunderland-vs-nottingham-forest,17,Netz,0,,0.2,
25-26-prem-sunderland-vs-nottingham-forest,17,Gibbs-White,1,,0.0,
25-26-prem-sunderland-vs-nottingham-forest,17,Anderson,1,,0.8,
25-26-prem-sunderland-vs-nottingham-forest,17,Aina,1,,0.0,
25-26-prem-sunderland-vs-nottingham-forest,17,N.Williams,1,,0.2,
25-26-prem-fulham-vs-aston-villa,54,Robinson,0,,0.0,
25-26-prem-fulham-vs-aston-villa,54,Diop,0,,0.8,
25-26-prem-fulham-vs-aston-villa,54,J.Cuenca,0,,,
25-26-prem-fulham-vs-aston-villa,54,Iwobi,0,,0.0,
25-26-prem-fulham-vs-aston-villa,54,Sessegnon,1,,0.8,
25-26-prem-fulham-vs-aston-villa,54,Wilson,1,,0.8,
25-26-prem-fulham-vs-aston-villa,54,Berge,1,,0.0,
25-26-prem-fulham-vs-aston-villa,54,Cairney,0,,0.8,
25-26-prem-fulham-vs-aston-villa,54,Lukić,1,,0.0,
25-26-prem-fulham-vs-aston-villa,54,King,0,,,
25-26-prem-fulham-vs-aston-villa,54,Reed,0,,0.8,
25-26-prem-fulham-vs-aston-villa,54,Raúl,1,,0.8,
25-26-prem-fulham-vs-aston-villa,54,Muniz,0,,0.2,
25-26-prem-fulham-vs-aston-villa,54,Bobb,0,,0.2,
25-26-prem-fulham-vs-aston-villa,54,Kusi-Asare,0,,,
25-26-prem-fulham-vs-aston-villa,54,Amissah,0,,,
25-26-prem-fulham-vs-aston-villa,54,McNally,0,,,
25-26-prem-fulham-vs-aston-villa,54,Andersen,1,,0.0,
25-26-prem-fulham-vs-aston-villa,54,Bassey,1,,0.0,
25-26-prem-fulham-vs-aston-villa,54,Castagne,1,,0.2,
25-26-prem-fulham-vs-aston-villa,54,Smith Rowe,1,,0.0,
25-26-prem-fulham-vs-aston-villa,54,Leno,1,,0.0,
25-26-prem-fulham-vs-aston-villa,54,Lecomte,0,,,
25-26-prem-fulham-vs-aston-villa,54,Chukwueze,1,,0.8,
25-26-prem-fulham-vs-aston-villa,54,Ridgeon,0,,,
25-26-prem-fulham-vs-aston-villa,7,Konsa,1,,0.0,
25-26-prem-fulham-vs-aston-villa,7,Maatsen,0,,0.0,
25-26-prem-fulham-vs-aston-villa,7,Mings,0,,0.8,
25-26-prem-fulham-vs-aston-villa,7,Pau,1,,0.0,
25-26-prem-fulham-vs-aston-villa,7,A.García,0,,0.8,
25-26-prem-fulham-vs-aston-villa,7,Bogarde,1,,0.8,
25-26-prem-fulham-vs-aston-villa,7,Rogers,1,,0.0,
25-26-prem-fulham-vs-aston-villa,7,Tielemans,1,,0.0,
25-26-prem-fulham-vs-aston-villa,7,Bailey,0,,0.2,
25-26-prem-fulham-vs-aston-villa,7,Buendía,1,,0.8,
25-26-prem-fulham-vs-aston-villa,7,McGinn,1,,0.0,
25-26-prem-fulham-vs-aston-villa,7,Barkley,0,,0.8,
25-26-prem-fulham-vs-aston-villa,7,Onana,0,,0.0,
25-26-prem-fulham-vs-aston-villa,7,Sancho,0,,0.8,
25-26-prem-fulham-vs-aston-villa,7,Wright,0,,,
25-26-prem-fulham-vs-aston-villa,7,Douglas Luiz,0,,,
25-26-prem-fulham-vs-aston-villa,7,Burrowes,0,,,
25-26-prem-fulham-vs-aston-villa,7,Proctor,0,,,
25-26-prem-fulham-vs-aston-villa,7,Patterson,0,,,
25-26-prem-fulham-vs-aston-villa,7,Lindelöf,0,,0.8,
25-26-prem-fulham-vs-aston-villa,7,George Hemmings,0,,,
25-26-prem-fulham-vs-aston-villa,7,Carroll,0,,,
25-26-prem-fulham-vs-aston-villa,7,Cash,1,,0.2,
25-26-prem-fulham-vs-aston-villa,7,Digne,1,,0.8,
25-26-prem-fulham-vs-aston-villa,7,Watkins,1,,0.0,
25-26-prem-fulham-vs-aston-villa,7,Elliott,0,,,
25-26-prem-fulham-vs-aston-villa,7,Hollingshead,0,,,
25-26-prem-fulham-vs-aston-villa,7,Alysson,0,,,
25-26-prem-fulham-vs-aston-villa,7,Abraham,0,,0.8,
25-26-prem-fulham-vs-aston-villa,7,Leon Routh,0,,,
25-26-prem-fulham-vs-aston-villa,7,Martinez,1,,0.0,
25-26-prem-fulham-vs-aston-villa,7,M.Bizot,0,,0.7,
25-26-prem-liverpool-vs-crystal-palace,14,Woodman,1,0.2,,
25-26-prem-liverpool-vs-crystal-palace,14,Frimpong,0,0.8,0.2,
25-26-prem-liverpool-vs-crystal-palace,14,Gakpo,1,0.8,0.2,
25-26-prem-liverpool-vs-crystal-palace,14,Szoboszlai,1,,0.2,
25-26-prem-liverpool-vs-crystal-palace,14,C.Jones,1,0.8,0.8,
25-26-prem-liverpool-vs-crystal-palace,14,Gravenberch,0,,0.8,
25-26-prem-liverpool-vs-crystal-palace,14,Nyoni,0,,,
25-26-prem-liverpool-vs-crystal-palace,14,Isak,1,0.2,0.2,
25-26-prem-liverpool-vs-crystal-palace,14,Ngumoha,0,,,
25-26-prem-liverpool-vs-crystal-palace,14,Morrison,0,,,
25-26-prem-liverpool-vs-crystal-palace,14,Mamardashvili,0,1.0,0.2,
25-26-prem-liverpool-vs-crystal-palace,14,Pécsi,0,,,
25-26-prem-liverpool-vs-crystal-palace,14,Virgil,1,,0.2,
25-26-prem-liverpool-vs-crystal-palace,14,Konaté,1,,0.2,
25-26-prem-liverpool-vs-crystal-palace,14,Chiesa,0,,0.8,
25-26-prem-liverpool-vs-crystal-palace,14,Mac Allister,1,0.8,0.2,
25-26-prem-liverpool-vs-crystal-palace,14,Lucky,0,,,
25-26-prem-liverpool-vs-crystal-palace,14,Kerkez,0,,0.8,
25-26-prem-liverpool-vs-crystal-palace,14,Robertson,1,,0.2,
25-26-prem-liverpool-vs-crystal-palace,14,Nallo,0,,,
25-26-prem-liverpool-vs-crystal-palace,14,R.Williams,0,,,
25-26-prem-liverpool-vs-crystal-palace,14,Ramsay,0,,,
25-26-prem-liverpool-vs-crystal-palace,14,M.Salah,1,,0.2,
25-26-prem-liverpool-vs-crystal-palace,14,Wirtz,1,,0.2,
25-26-prem-liverpool-vs-crystal-palace,31,Lacroix,1,,0.0,
25-26-prem-liverpool-vs-crystal-palace,31,Mitchell,1,,0.0,
25-26-prem-liverpool-vs-crystal-palace,31,Sosa,0,,0.8,
25-26-prem-liverpool-vs-crystal-palace,31,Richards,1,,0.2,
25-26-prem-liverpool-vs-crystal-palace,31,Chadi Riad,0,,0.8,
25-26-prem-liverpool-vs-crystal-palace,31,Clyne,0,0.8,0.8,
25-26-prem-liverpool-vs-crystal-palace,31,Devenny,0,,,
25-26-prem-liverpool-vs-crystal-palace,31,Mateta,1,,0.0,
25-26-prem-liverpool-vs-crystal-palace,31,Marsh,0,,,
25-26-prem-liverpool-vs-crystal-palace,31,Johnson,1,,,
25-26-prem-liverpool-vs-crystal-palace,31,Strand Larsen,0,,0.2,
25-26-prem-liverpool-vs-crystal-palace,31,Uche,0,,,
25-26-prem-liverpool-vs-crystal-palace,31,Drakes-Thomas,0,,,
25-26-prem-liverpool-vs-crystal-palace,31,Benamar,0,,,
25-26-prem-liverpool-vs-crystal-palace,31,Casey,0,,,
25-26-prem-liverpool-vs-crystal-palace,31,Cardines,0,,,
25-26-prem-liverpool-vs-crystal-palace,31,Lerma,0,,0.2,
25-26-prem-liverpool-vs-crystal-palace,31,Wharton,1,0.2,0.0,
25-26-prem-liverpool-vs-crystal-palace,31,Agbinone,0,,,
25-26-prem-liverpool-vs-crystal-palace,31,Matthews,0,,,
25-26-prem-liverpool-vs-crystal-palace,31,Muñoz,1,,0.0,
25-26-prem-liverpool-vs-crystal-palace,31,Yeremy,0,,,
25-26-prem-liverpool-vs-crystal-palace,31,Canvot,1,,,
25-26-prem-liverpool-vs-crystal-palace,31,King,0,,,
25-26-prem-liverpool-vs-crystal-palace,31,Kporha,0,,,
25-26-prem-liverpool-vs-crystal-palace,31,Sarr,1,,0.2,
25-26-prem-liverpool-vs-crystal-palace,31,Hughes,0,,0.8,
25-26-prem-liverpool-vs-crystal-palace,31,Kamada,1,,0.2,
25-26-prem-liverpool-vs-crystal-palace,31,Rodney,0,,,
25-26-prem-liverpool-vs-crystal-palace,31,Henderson,1,,0.0,
25-26-prem-liverpool-vs-crystal-palace,31,Benitez,0,,0.8,
25-26-prem-wolverhampton-wanderers-vs-tottenham-hotspur,39,Angel,0,0.2,,
25-26-prem-wolverhampton-wanderers-vs-tottenham-hotspur,39,Armstrong,1,0.2,,
25-26-prem-wolverhampton-wanderers-vs-tottenham-hotspur,39,Toti,1,0.2,0.2,
25-26-prem-wolverhampton-wanderers-vs-tottenham-hotspur,39,José Sá,1,,0.2,
25-26-prem-wolverhampton-wanderers-vs-tottenham-hotspur,39,Bentley,0,0.2,0.8,
25-26-prem-wolverhampton-wanderers-vs-tottenham-hotspur,39,Doherty,1,,0.8,
25-26-prem-wolverhampton-wanderers-vs-tottenham-hotspur,39,H.Bueno,1,0.2,0.8,
25-26-prem-wolverhampton-wanderers-vs-tottenham-hotspur,39,R.Gomes,1,,0.2,
25-26-prem-wolverhampton-wanderers-vs-tottenham-hotspur,39,Olagunju,0,,,
25-26-prem-wolverhampton-wanderers-vs-tottenham-hotspur,39,Rawlings,0,,,
25-26-prem-wolverhampton-wanderers-vs-tottenham-hotspur,39,S.Bueno,1,0.2,0.2,
25-26-prem-wolverhampton-wanderers-vs-tottenham-hotspur,39,Bellegarde,0,0.2,0.2,
25-26-prem-wolverhampton-wanderers-vs-tottenham-hotspur,39,J.Gomes,1,0.2,0.2,
25-26-prem-wolverhampton-wanderers-vs-tottenham-hotspur,39,Edozie,0,,0.8,
25-26-prem-wolverhampton-wanderers-vs-tottenham-hotspur,39,Gonzalez,0,,,
25-26-prem-wolverhampton-wanderers-vs-tottenham-hotspur,39,Møller Wolfe,0,,0.2,
25-26-prem-wolverhampton-wanderers-vs-tottenham-hotspur,39,Pedro Lima,1,,0.2,
25-26-prem-wolverhampton-wanderers-vs-tottenham-hotspur,39,Hee Chan,0,,0.2,
25-26-prem-wolverhampton-wanderers-vs-tottenham-hotspur,39,André,1,0.2,0.2,
25-26-prem-wolverhampton-wanderers-vs-tottenham-hotspur,39,Sutherland,0,,,
25-26-prem-wolverhampton-wanderers-vs-tottenham-hotspur,39,Abbey,0,,0.8,
25-26-prem-wolverhampton-wanderers-vs-tottenham-hotspur,39,Mané,1,,,
25-26-prem-wolverhampton-wanderers-vs-tottenham-hotspur,39,Brooks,0,,,
25-26-prem-wolverhampton-wanderers-vs-tottenham-hotspur,39,Fraser,0,,0.8,
25-26-prem-wolverhampton-wanderers-vs-tottenham-hotspur,39,Tchatchoua,0,0.2,0.8,
25-26-prem-wolverhampton-wanderers-vs-tottenham-hotspur,39,Krejčí,0,0.2,0.8,
25-26-prem-wolverhampton-wanderers-vs-tottenham-hotspur,39,Tolu,0,,,
25-26-prem-wolverhampton-wanderers-vs-tottenham-hotspur,39,Chiwome,0,,0.8,
25-26-prem-wolverhampton-wanderers-vs-tottenham-hotspur,6,Spence,1,0.2,0.8,
25-26-prem-wolverhampton-wanderers-vs-tottenham-hotspur,6,Udogie,0,1.0,0.0,
25-26-prem-wolverhampton-wanderers-vs-tottenham-hotspur,6,Van de Ven,1,,0.0,
25-26-prem-wolverhampton-wanderers-vs-tottenham-hotspur,6,Bentancur,1,,0.2,
25-26-prem-wolverhampton-wanderers-vs-tottenham-hotspur,6,Bergvall,0,,0.8,
25-26-prem-wolverhampton-wanderers-vs-tottenham-hotspur,6,Bissouma,1,,0.2,
25-26-prem-wolverhampton-wanderers-vs-tottenham-hotspur,6,Gray,0,,0.8,
25-26-prem-wolverhampton-wanderers-vs-tottenham-hotspur,6,P.M.Sarr,0,1.0,0.8,
25-26-prem-wolverhampton-wanderers-vs-tottenham-hotspur,6,Rowswell,0,,,
25-26-prem-wolverhampton-wanderers-vs-tottenham-hotspur,6,Williams-Barnett,0,,,
25-26-prem-wolverhampton-wanderers-vs-tottenham-hotspur,6,Souza,0,0.8,,
25-26-prem-wolverhampton-wanderers-vs-tottenham-hotspur,6,Kyerematen,0,,,
25-26-prem-wolverhampton-wanderers-vs-tottenham-hotspur,6,Wilson,0,,,
25-26-prem-wolverhampton-wanderers-vs-tottenham-hotspur,6,Maddison,0,,0.0,
25-26-prem-wolverhampton-wanderers-vs-tottenham-hotspur,6,Tel,0,,0.8,
25-26-prem-wolverhampton-wanderers-vs-tottenham-hotspur,6,Solanke,1,0.0,0.0,
25-26-prem-wolverhampton-wanderers-vs-tottenham-hotspur,6,Richarlison,0,,0.8,
25-26-prem-wolverhampton-wanderers-vs-tottenham-hotspur,6,Byfield,0,,,
25-26-prem-wolverhampton-wanderers-vs-tottenham-hotspur,6,Olusesi,0,,,
25-26-prem-wolverhampton-wanderers-vs-tottenham-hotspur,6,J.Palhinha,0,,,
25-26-prem-wolverhampton-wanderers-vs-tottenham-hotspur,6,Xavi,1,,,
25-26-prem-wolverhampton-wanderers-vs-tottenham-hotspur,6,Kolo Muani,1,,0.2,
25-26-prem-wolverhampton-wanderers-vs-tottenham-hotspur,6,Gallagher,1,,0.2,
25-26-prem-wolverhampton-wanderers-vs-tottenham-hotspur,6,Austin,0,,,
25-26-prem-wolverhampton-wanderers-vs-tottenham-hotspur,6,Kinsky,1,,,
25-26-prem-wolverhampton-wanderers-vs-tottenham-hotspur,6,Pedro Porro,1,,0.0,
25-26-prem-wolverhampton-wanderers-vs-tottenham-hotspur,6,Vicario,0,0.8,0.0,
25-26-prem-wolverhampton-wanderers-vs-tottenham-hotspur,6,Danso,1,0.0,0.8,
25-26-prem-wolverhampton-wanderers-vs-tottenham-hotspur,6,Dragusin,0,,0.8,
25-26-prem-west-ham-united-vs-everton,21,Adama,0,,0.8,
25-26-prem-west-ham-united-vs-everton,21,Areola,0,,0.2,
25-26-prem-west-ham-united-vs-everton,21,Diouf,1,,,
25-26-prem-west-ham-united-vs-everton,21,Kilman,0,,0.2,
25-26-prem-west-ham-united-vs-everton,21,Mavropanos,1,,0.8,
25-26-prem-west-ham-united-vs-everton,21,Scarles,0,,,
25-26-prem-west-ham-united-vs-everton,21,Todibo,0,,0.2,
25-26-prem-west-ham-united-vs-everton,21,Wan-Bissaka,0,0.8,0.2,
25-26-prem-west-ham-united-vs-everton,21,Souček,1,,0.2,
25-26-prem-west-ham-united-vs-everton,21,Summerville,1,,0.2,
25-26-prem-west-ham-united-vs-everton,21,Potts,0,,,
25-26-prem-west-ham-united-vs-everton,21,Bowen,1,,0.2,
25-26-prem-west-ham-united-vs-everton,21,Taty,1,,0.2,
25-26-prem-west-ham-united-vs-everton,21,Disasi,1,,0.8,
25-26-prem-west-ham-united-vs-everton,21,Fabianski,0,,0.7,
25-26-prem-west-ham-united-vs-everton,21,Walker-Peters,1,0.2,0.2,
25-26-prem-west-ham-united-vs-everton,21,Herrick,0,,,
25-26-prem-west-ham-united-vs-everton,21,M.Fernandes,1,,0.2,
25-26-prem-west-ham-united-vs-everton,21,S.Magassa,0,,,
25-26-prem-west-ham-united-vs-everton,21,Golambeckis,0,,,
25-26-prem-west-ham-united-vs-everton,21,Mohamadou Kanté,0,,,
25-26-prem-west-ham-united-vs-everton,21,Pablo,1,,,
25-26-prem-west-ham-united-vs-everton,21,Lamadrid,0,,,
25-26-prem-west-ham-united-vs-everton,21,Mayers,0,,,
25-26-prem-west-ham-united-vs-everton,21,Hermansen,1,,,
25-26-prem-west-ham-united-vs-everton,21,Wilson,0,0.8,,
25-26-prem-west-ham-united-vs-everton,11,George,0,,,
25-26-prem-west-ham-united-vs-everton,11,Pickford,1,,0.0,
25-26-prem-west-ham-united-vs-everton,11,Travers,0,,,
25-26-prem-west-ham-united-vs-everton,11,Tarkowski,1,,0.0,
25-26-prem-west-ham-united-vs-everton,11,Mykolenko,1,,0.0,
25-26-prem-west-ham-united-vs-everton,11,Coleman,0,,0.8,
25-26-prem-west-ham-united-vs-everton,11,Keane,1,,0.8,
25-26-prem-west-ham-united-vs-everton,11,Patterson,0,,0.8,
25-26-prem-west-ham-united-vs-everton,11,Welch,0,,,
25-26-prem-west-ham-united-vs-everton,11,Ndiaye,1,,0.0,
25-26-prem-west-ham-united-vs-everton,11,McNeil,1,,0.0,
25-26-prem-west-ham-united-vs-everton,11,Alcaraz,0,,,
25-26-prem-west-ham-united-vs-everton,11,Gana,1,,0.2,
25-26-prem-west-ham-united-vs-everton,11,Garner,1,,0.2,
25-26-prem-west-ham-united-vs-everton,11,Armstrong,0,,,
25-26-prem-west-ham-united-vs-everton,11,Bates,0,,,
25-26-prem-west-ham-united-vs-everton,11,Ebere,0,,,
25-26-prem-west-ham-united-vs-everton,11,Barry,1,,,
25-26-prem-west-ham-united-vs-everton,11,Aznou,0,,,
25-26-prem-west-ham-united-vs-everton,11,Dibling,0,,0.8,
25-26-prem-west-ham-united-vs-everton,11,Röhl,0,,,
25-26-prem-west-ham-united-vs-everton,11,Graham,0,,,
25-26-prem-west-ham-united-vs-everton,11,Iroegbunam,0,,0.8,
25-26-prem-west-ham-united-vs-everton,11,Beto,0,,0.2,
25-26-prem-west-ham-united-vs-everton,11,King,0,,,
25-26-prem-west-ham-united-vs-everton,11,Dewsbury-Hall,1,,0.2,
25-26-prem-west-ham-united-vs-everton,11,O'Brien,1,,0.2,
25-26-prem-arsenal-vs-newcastle-united,3,Nichols,0,,,
25-26-prem-arsenal-vs-newcastle-united,3,Ødegaard,1,,0.0,
25-26-prem-arsenal-vs-newcastle-united,3,Madueke,1,,0.2,
25-26-prem-arsenal-vs-newcastle-united,3,Zubimendi,1,,0.2,
25-26-prem-arsenal-vs-newcastle-united,3,Havertz,1,,0.2,
25-26-prem-arsenal-vs-newcastle-united,3,Raya,1,,0.0,
25-26-prem-arsenal-vs-newcastle-united,3,Arrizabalaga,0,,0.8,
25-26-prem-arsenal-vs-newcastle-united,3,Setford,0,,0.8,
25-26-prem-arsenal-vs-newcastle-united,3,Gabriel,1,,0.0,
25-26-prem-arsenal-vs-newcastle-united,3,Saliba,1,,0.0,
25-26-prem-arsenal-vs-newcastle-united,3,Calafiori,0,0.2,0.2,
25-26-prem-arsenal-vs-newcastle-united,3,J.Timber,0,1.0,0.8,
25-26-prem-arsenal-vs-newcastle-united,3,Lewis-Skelly,0,,0.8,
25-26-prem-arsenal-vs-newcastle-united,3,White,1,,0.0,
25-26-prem-arsenal-vs-newcastle-united,3,Clarke,0,,,
25-26-prem-arsenal-vs-newcastle-united,3,Martinelli,0,,0.8,
25-26-prem-arsenal-vs-newcastle-united,3,Trossard,0,,0.8,
25-26-prem-arsenal-vs-newcastle-united,3,Rice,1,,0.0,
25-26-prem-arsenal-vs-newcastle-united,3,Nørgaard,0,,0.8,
25-26-prem-arsenal-vs-newcastle-united,3,G.Jesus,0,,0.8,
25-26-prem-arsenal-vs-newcastle-united,3,Eze,1,,0.8,
25-26-prem-arsenal-vs-newcastle-united,3,Mosquera,0,,0.8,
25-26-prem-arsenal-vs-newcastle-united,3,Gyökeres,0,,0.2,
25-26-prem-arsenal-vs-newcastle-united,3,Dowman,0,,,
25-26-prem-arsenal-vs-newcastle-united,3,Harriman-Annous,0,,,
25-26-prem-arsenal-vs-newcastle-united,3,Hincapie,1,,0.8,
25-26-prem-arsenal-vs-newcastle-united,3,Salmon,0,,,
25-26-prem-arsenal-vs-newcastle-united,4,J.Ramsey,1,,,
25-26-prem-arsenal-vs-newcastle-united,4,Wissa,0,,0.2,
25-26-prem-arsenal-vs-newcastle-united,4,Pope,1,,0.0,
25-26-prem-arsenal-vs-newcastle-united,4,Gillespie,0,,,
25-26-prem-arsenal-vs-newcastle-united,4,Burn,1,,0.0,
25-26-prem-arsenal-vs-newcastle-united,4,Livramento,0,1.0,0.0,
25-26-prem-arsenal-vs-newcastle-united,4,Trippier,0,0.2,0.8,
25-26-prem-arsenal-vs-newcastle-united,4,Gordon,0,1.0,0.0,
25-26-prem-arsenal-vs-newcastle-united,4,Willock,1,,0.2,
25-26-prem-arsenal-vs-newcastle-united,4,L.Miley,1,,0.8,
25-26-prem-arsenal-vs-newcastle-united,4,Osula,1,0.2,0.8,
25-26-prem-arsenal-vs-newcastle-united,4,Ramsdale,0,,0.7,
25-26-prem-arsenal-vs-newcastle-united,4,Thiaw,1,,0.0,
25-26-prem-arsenal-vs-newcastle-united,4,Seung soo,0,,,
25-26-prem-arsenal-vs-newcastle-united,4,Woltemade,0,0.8,,
25-26-prem-arsenal-vs-newcastle-united,4,Shahar,0,,,
25-26-prem-arsenal-vs-newcastle-united,4,Alabi,0,,,
25-26-prem-arsenal-vs-newcastle-united,4,A.Murphy,0,,,
25-26-prem-arsenal-vs-newcastle-united,4,J.Murphy,1,,0.8,
25-26-prem-arsenal-vs-newcastle-united,4,Neave,0,,,
25-26-prem-arsenal-vs-newcastle-united,4,Hall,0,,0.0,
25-26-prem-arsenal-vs-newcastle-united,4,Botman,1,,0.8,
25-26-prem-arsenal-vs-newcastle-united,4,Tonali,1,,0.0,
25-26-prem-arsenal-vs-newcastle-united,4,Pivas,0,,,
25-26-prem-arsenal-vs-newcastle-united,4,Ruddy,0,,,
25-26-prem-arsenal-vs-newcastle-united,4,Elanga,0,,0.2,
25-26-prem-arsenal-vs-newcastle-united,4,Barnes,0,,0.8,
25-26-prem-arsenal-vs-newcastle-united,4,Bruno G.,1,0.2,0.0,
25-26-prem-manchester-united-vs-brentford,1,Heaton,0,,,
25-26-prem-manchester-united-vs-brentford,1,Mee,0,,,
25-26-prem-manchester-united-vs-brentford,1,Maguire,1,0.2,0.8,
25-26-prem-manchester-united-vs-brentford,1,Shaw,1,,0.2,
25-26-prem-manchester-united-vs-brentford,1,Yoro,0,,0.0,
25-26-prem-manchester-united-vs-brentford,1,Fredricson,0,,,
25-26-prem-manchester-united-vs-brentford,1,Heaven,1,0.2,,
25-26-prem-manchester-united-vs-brentford,1,Casemiro,1,,0.8,
25-26-prem-manchester-united-vs-brentford,1,Mainoo,1,,0.0,
25-26-prem-manchester-united-vs-brentford,1,Ugarte,0,,0.2,
25-26-prem-manchester-united-vs-brentford,1,Fitzgerald,0,,,
25-26-prem-manchester-united-vs-brentford,1,Zirkzee,0,,0.2,
25-26-prem-manchester-united-vs-brentford,1,Obi,0,,,
25-26-prem-manchester-united-vs-brentford,1,Šeško,1,,0.0,
25-26-prem-manchester-united-vs-brentford,1,Lammens,1,,,
25-26-prem-manchester-united-vs-brentford,1,Lacey,0,,,
25-26-prem-manchester-united-vs-brentford,1,Bendito Mantato,0,,,
25-26-prem-manchester-united-vs-brentford,1,Fletcher,0,,,
25-26-prem-manchester-united-vs-brentford,1,Kukonki,0,,,
25-26-prem-manchester-united-vs-brentford,1,Thwaites,0,,,
25-26-prem-manchester-united-vs-brentford,1,Cunha,0,,0.2,
25-26-prem-manchester-united-vs-brentford,1,Amad,1,,0.2,
25-26-prem-manchester-united-vs-brentford,1,Mount,0,,0.8,
25-26-prem-manchester-united-vs-brentford,1,J.Fletcher,0,,,
25-26-prem-manchester-united-vs-brentford,1,Mbeumo,1,,0.0,
25-26-prem-manchester-united-vs-brentford,1,Bayindir,0,,,
25-26-prem-manchester-united-vs-brentford,1,Malacia,0,,0.8,
25-26-prem-manchester-united-vs-brentford,1,Mazraoui,0,,0.2,
25-26-prem-manchester-united-vs-brentford,1,D.Leon,0,,,
25-26-prem-manchester-united-vs-brentford,1,Dalot,1,,0.0,
25-26-prem-manchester-united-vs-brentford,1,B.Fernandes,1,,0.0,
25-26-prem-manchester-united-vs-brentford,94,Nelson,0,,0.8,
25-26-prem-manchester-united-vs-brentford,94,O.Dango,1,,,
25-26-prem-manchester-united-vs-brentford,94,Kelleher,1,,0.0,
25-26-prem-manchester-united-vs-brentford,94,Balcombe,0,,0.7,
25-26-prem-manchester-united-vs-brentford,94,Eyestone,0,,,
25-26-prem-manchester-united-vs-brentford,94,Valdimarsson,0,,0.7,
25-26-prem-manchester-united-vs-brentford,94,Lewis-Potter,1,,0.2,
25-26-prem-manchester-united-vs-brentford,94,Kayode,1,,,
25-26-prem-manchester-united-vs-brentford,94,Pinnock,0,,0.0,
25-26-prem-manchester-united-vs-brentford,94,Van den Berg,1,,0.0,
25-26-prem-manchester-united-vs-brentford,94,Hickey,0,,0.2,
25-26-prem-manchester-united-vs-brentford,94,Damsgaard,1,,0.2,
25-26-prem-manchester-united-vs-brentford,94,Jensen,1,,0.2,
25-26-prem-manchester-united-vs-brentford,94,Yarmoliuk,1,,0.8,
25-26-prem-manchester-united-vs-brentford,94,Donovan,0,,,
25-26-prem-manchester-united-vs-brentford,94,Thiago,1,,0.2,
25-26-prem-manchester-united-vs-brentford,94,Dasilva,0,,0.8,
25-26-prem-manchester-united-vs-brentford,94,Shield,0,,,
25-26-prem-manchester-united-vs-brentford,94,Collins,1,,0.0,
25-26-prem-manchester-united-vs-brentford,94,Bentt,0,,,
25-26-prem-manchester-united-vs-brentford,94,Schade,1,,0.2,
25-26-prem-manchester-united-vs-brentford,94,Ajer,0,,0.2,
25-26-prem-manchester-united-vs-brentford,94,Stephenson,0,,,
25-26-prem-manchester-united-vs-brentford,94,Owen,0,,,
25-26-prem-manchester-united-vs-brentford,94,McManus,0,,,
25-26-prem-leeds-united-vs-burnley,2,James,0,,0.2,
25-26-prem-leeds-united-vs-burnley,2,Chambers,0,,0.8,
25-26-prem-leeds-united-vs-burnley,2,Nmecha,0,,0.8,
25-26-prem-leeds-united-vs-burnley,2,Longstaff,0,,0.8,
25-26-prem-leeds-united-vs-burnley,2,Stach,1,,0.8,
25-26-prem-leeds-united-vs-burnley,2,Perri,0,,,
25-26-prem-leeds-united-vs-burnley,2,Calvert-Lewin,1,,0.2,
25-26-prem-leeds-united-vs-burnley,2,Okafor,1,,0.8,
25-26-prem-leeds-united-vs-burnley,2,Justin,1,,0.8,
25-26-prem-leeds-united-vs-burnley,2,Buonanotte,0,,0.8,
25-26-prem-leeds-united-vs-burnley,2,Meslier,0,,0.0,
25-26-prem-leeds-united-vs-burnley,2,Cairns,0,,,
25-26-prem-leeds-united-vs-burnley,2,Darlow,1,,,
25-26-prem-leeds-united-vs-burnley,2,Bogle,1,,0.2,
25-26-prem-leeds-united-vs-burnley,2,Struijk,1,,0.0,
25-26-prem-leeds-united-vs-burnley,2,Bijol,1,,0.8,
25-26-prem-leeds-united-vs-burnley,2,Bornauw,0,,0.8,
25-26-prem-leeds-united-vs-burnley,2,Byram,0,,0.8,
25-26-prem-leeds-united-vs-burnley,2,Rodon,1,,0.0,
25-26-prem-leeds-united-vs-burnley,2,Aaronson,0,,0.2,
25-26-prem-leeds-united-vs-burnley,2,Gnonto,0,,0.0,
25-26-prem-leeds-united-vs-burnley,2,Tanaka,1,,0.2,
25-26-prem-leeds-united-vs-burnley,2,Piroe,0,,0.8,
25-26-prem-leeds-united-vs-burnley,2,Ampadu,1,,0.0,
25-26-prem-leeds-united-vs-burnley,90,Tuanzebe,0,,0.2,
25-26-prem-leeds-united-vs-burnley,90,Laurent,1,,0.2,
25-26-prem-leeds-united-vs-burnley,90,Barnes,0,,0.8,
25-26-prem-leeds-united-vs-burnley,90,Estève,1,,0.2,
25-26-prem-leeds-united-vs-burnley,90,Pimlott,0,,,
25-26-prem-leeds-united-vs-burnley,90,Worrall,0,,0.8,
25-26-prem-leeds-united-vs-burnley,90,Hladký,0,,0.8,
25-26-prem-leeds-united-vs-burnley,90,Ugochukwu,0,,0.2,
25-26-prem-leeds-united-vs-burnley,90,Broja,0,,0.2,
25-26-prem-leeds-united-vs-burnley,90,Weiss,0,,,
25-26-prem-leeds-united-vs-burnley,90,Walker,1,,0.8,
25-26-prem-leeds-united-vs-burnley,90,Ekdal,1,,0.8,
25-26-prem-leeds-united-vs-burnley,90,Hartman,1,,0.2,
25-26-prem-leeds-united-vs-burnley,90,Humphreys,1,,0.8,
25-26-prem-leeds-united-vs-burnley,90,Lucas Pires,0,,0.2,
25-26-prem-leeds-united-vs-burnley,90,Anthony,1,,0.2,
25-26-prem-leeds-united-vs-burnley,90,Bruun Larsen,0,,0.8,
25-26-prem-leeds-united-vs-burnley,90,Boateng,0,,0.8,
25-26-prem-leeds-united-vs-burnley,90,Edwards,0,,0.8,
25-26-prem-leeds-united-vs-burnley,90,Hannibal,0,,0.2,
25-26-prem-leeds-united-vs-burnley,90,Trésor,0,,0.8,
25-26-prem-leeds-united-vs-burnley,90,Flemming,1,,0.2,
25-26-prem-leeds-united-vs-burnley,90,Amdouni,0,,0.2,
25-26-prem-leeds-united-vs-burnley,90,Foster,0,,0.8,
25-26-prem-leeds-united-vs-burnley,90,Dúbravka,1,,0.2,
25-26-prem-leeds-united-vs-burnley,90,Ward-Prowse,1,,0.2,
25-26-prem-leeds-united-vs-burnley,90,Florentino,0,,0.2,
25-26-prem-leeds-united-vs-burnley,90,Brierley,0,,,
25-26-prem-leeds-united-vs-burnley,90,McMahon-Brown,0,,,
25-26-prem-leeds-united-vs-burnley,90,Tchaouna,1,,0.8,
25-26-prem-wolverhampton-wanderers-vs-sunderland,39,J.Gomes,1,,0.2,
25-26-prem-wolverhampton-wanderers-vs-sunderland,39,Tchatchoua,0,,0.2,
25-26-prem-wolverhampton-wanderers-vs-sunderland,39,André,1,,0.2,
25-26-prem-wolverhampton-wanderers-vs-sunderland,39,Brooks,0,,,
25-26-prem-wolverhampton-wanderers-vs-sunderland,39,Chiwome,0,,0.8,
25-26-prem-wolverhampton-wanderers-vs-sunderland,39,Bentley,1,,0.8,
25-26-prem-wolverhampton-wanderers-vs-sunderland,39,Pedro Lima,1,,0.8,
25-26-prem-wolverhampton-wanderers-vs-sunderland,39,Olagunju,0,,,
25-26-prem-wolverhampton-wanderers-vs-sunderland,39,Doherty,0,,0.8,
25-26-prem-wolverhampton-wanderers-vs-sunderland,39,H.Bueno,1,,0.8,
25-26-prem-wolverhampton-wanderers-vs-sunderland,39,Toti,1,,0.2,
25-26-prem-wolverhampton-wanderers-vs-sunderland,39,Hee Chan,0,,0.2,
25-26-prem-wolverhampton-wanderers-vs-sunderland,39,Bellegarde,0,,0.2,
25-26-prem-wolverhampton-wanderers-vs-sunderland,39,Edozie,0,,0.2,
25-26-prem-wolverhampton-wanderers-vs-sunderland,39,Gonzalez,0,,,
25-26-prem-wolverhampton-wanderers-vs-sunderland,39,Fraser,0,,,
25-26-prem-wolverhampton-wanderers-vs-sunderland,39,Møller Wolfe,0,,0.2,
25-26-prem-wolverhampton-wanderers-vs-sunderland,39,Krejčí,0,,0.2,
25-26-prem-wolverhampton-wanderers-vs-sunderland,39,Tolu,1,,,
25-26-prem-wolverhampton-wanderers-vs-sunderland,39,Mané,1,,,
25-26-prem-wolverhampton-wanderers-vs-sunderland,39,Rawlings,0,,,
25-26-prem-wolverhampton-wanderers-vs-sunderland,39,Sutherland,0,,,
25-26-prem-wolverhampton-wanderers-vs-sunderland,39,Abbey,0,,0.8,
25-26-prem-wolverhampton-wanderers-vs-sunderland,39,Angel,0,,,
25-26-prem-wolverhampton-wanderers-vs-sunderland,39,Armstrong,1,,,
25-26-prem-wolverhampton-wanderers-vs-sunderland,39,José Sá,0,,0.2,
25-26-prem-wolverhampton-wanderers-vs-sunderland,39,Mosquera,1,,0.2,
25-26-prem-wolverhampton-wanderers-vs-sunderland,39,R.Gomes,0,,0.2,
25-26-prem-wolverhampton-wanderers-vs-sunderland,39,S.Bueno,1,,0.8,
25-26-prem-wolverhampton-wanderers-vs-sunderland,56,H.Jones,0,,0.0,
25-26-prem-wolverhampton-wanderers-vs-sunderland,56,Abdullahi,0,,,
25-26-prem-wolverhampton-wanderers-vs-sunderland,56,O'Nien,0,,0.0,
25-26-prem-wolverhampton-wanderers-vs-sunderland,56,Hume,1,0.8,0.0,
25-26-prem-wolverhampton-wanderers-vs-sunderland,56,Cirkin,0,,0.0,
25-26-prem-wolverhampton-wanderers-vs-sunderland,56,Geertruida,0,,0.0,
25-26-prem-wolverhampton-wanderers-vs-sunderland,56,Brobbey,1,,0.0,
25-26-prem-wolverhampton-wanderers-vs-sunderland,56,Traoré,0,0.8,0.2,
25-26-prem-wolverhampton-wanderers-vs-sunderland,56,Jocelin.T,0,0.2,,
25-26-prem-wolverhampton-wanderers-vs-sunderland,56,Ellborg,0,,,
25-26-prem-wolverhampton-wanderers-vs-sunderland,56,Ba,0,,0.8,
25-26-prem-wolverhampton-wanderers-vs-sunderland,56,Rigg,0,0.8,0.0,
25-26-prem-wolverhampton-wanderers-vs-sunderland,56,Sadiki,1,,,
25-26-prem-wolverhampton-wanderers-vs-sunderland,56,Jenson Jones,0,,,
25-26-prem-wolverhampton-wanderers-vs-sunderland,56,Isidor,0,,0.2,
25-26-prem-wolverhampton-wanderers-vs-sunderland,56,Mayenda,0,,0.8,
25-26-prem-wolverhampton-wanderers-vs-sunderland,56,Angulo,0,0.8,0.8,
25-26-prem-wolverhampton-wanderers-vs-sunderland,56,Whittaker,0,,,
25-26-prem-wolverhampton-wanderers-vs-sunderland,56,Jones,0,,,
25-26-prem-wolverhampton-wanderers-vs-sunderland,56,Ballard,1,,0.8,
25-26-prem-wolverhampton-wanderers-vs-sunderland,56,Reinildo,1,0.2,0.8,
25-26-prem-wolverhampton-wanderers-vs-sunderland,56,Diarra,0,,,
25-26-prem-wolverhampton-wanderers-vs-sunderland,56,Aleksić,0,,,
25-26-prem-wolverhampton-wanderers-vs-sunderland,56,E.Le Fée,1,,0.0,
25-26-prem-wolverhampton-wanderers-vs-sunderland,56,Poveda,0,,0.8,
25-26-prem-wolverhampton-wanderers-vs-sunderland,56,Talbi,1,0.2,0.8,
25-26-prem-wolverhampton-wanderers-vs-sunderland,56,Xhaka,1,,,
25-26-prem-wolverhampton-wanderers-vs-sunderland,56,Roefs,1,,,
25-26-prem-wolverhampton-wanderers-vs-sunderland,56,Alderete,1,,0.8,
25-26-prem-wolverhampton-wanderers-vs-sunderland,56,Mukiele,1,,0.0,
25-26-prem-newcastle-united-vs-brighton-hove-albion,4,L.Miley,1,,0.8,
25-26-prem-newcastle-united-vs-brighton-hove-albion,4,Ruddy,0,,,
25-26-prem-newcastle-united-vs-brighton-hove-albion,4,Pivas,0,,,
25-26-prem-newcastle-united-vs-brighton-hove-albion,4,Elanga,0,,0.8,
25-26-prem-newcastle-united-vs-brighton-hove-albion,4,Barnes,0,,0.2,
25-26-prem-newcastle-united-vs-brighton-hove-albion,4,Osula,1,,0.8,
25-26-prem-newcastle-united-vs-brighton-hove-albion,4,Neave,0,,,
25-26-prem-newcastle-united-vs-brighton-hove-albion,4,Ramsdale,0,,0.2,0.8
25-26-prem-newcastle-united-vs-brighton-hove-albion,4,Thiaw,1,,0.2,
25-26-prem-newcastle-united-vs-brighton-hove-albion,4,J.Ramsey,0,,0.8,
25-26-prem-newcastle-united-vs-brighton-hove-albion,4,Wissa,0,,0.2,
25-26-prem-newcastle-united-vs-brighton-hove-albion,4,Pope,1,,0.8,0.2
25-26-prem-newcastle-united-vs-brighton-hove-albion,4,Gillespie,0,,,
25-26-prem-newcastle-united-vs-brighton-hove-albion,4,Hall,0,,0.2,0.2
25-26-prem-newcastle-united-vs-brighton-hove-albion,4,Botman,1,,0.2,
25-26-prem-newcastle-united-vs-brighton-hove-albion,4,Burn,1,,0.8,
25-26-prem-newcastle-united-vs-brighton-hove-albion,4,A.Murphy,0,,,
25-26-prem-newcastle-united-vs-brighton-hove-albion,4,Gordon,0,,0.0,0.8
25-26-prem-newcastle-united-vs-brighton-hove-albion,4,Bruno G.,1,,0.0,
25-26-prem-newcastle-united-vs-brighton-hove-albion,4,J.Murphy,1,,0.8,
25-26-prem-newcastle-united-vs-brighton-hove-albion,4,Joelinton,1,,0.2,0.2
25-26-prem-newcastle-united-vs-brighton-hove-albion,4,Tonali,1,,0.2,
25-26-prem-newcastle-united-vs-brighton-hove-albion,4,Willock,1,,0.8,
25-26-prem-newcastle-united-vs-brighton-hove-albion,4,Seung soo,0,,,
25-26-prem-newcastle-united-vs-brighton-hove-albion,4,Woltemade,0,,,
25-26-prem-newcastle-united-vs-brighton-hove-albion,4,Shahar,0,,,
25-26-prem-newcastle-united-vs-brighton-hove-albion,4,Alabi,0,,,
25-26-prem-newcastle-united-vs-brighton-hove-albion,4,Trippier,0,,0.2,
25-26-prem-newcastle-united-vs-brighton-hove-albion,36,Igor,0,,0.8,
25-26-prem-newcastle-united-vs-brighton-hove-albion,36,Hinshelwood,1,,0.8,
25-26-prem-newcastle-united-vs-brighton-hove-albion,36,Simmonds,0,,,
25-26-prem-newcastle-united-vs-brighton-hove-albion,36,Milner,0,1.0,0.8,
25-26-prem-newcastle-united-vs-brighton-hove-albion,36,Oriola,0,,,
25-26-prem-newcastle-united-vs-brighton-hove-albion,36,Groß,1,,,
25-26-prem-newcastle-united-vs-brighton-hove-albion,36,Boscagli,1,0.2,,
25-26-prem-newcastle-united-vs-brighton-hove-albion,36,Van Hecke,1,,0.0,
25-26-prem-newcastle-united-vs-brighton-hove-albion,36,Veltman,0,,0.2,
25-26-prem-newcastle-united-vs-brighton-hove-albion,36,Steele,0,,0.7,
25-26-prem-newcastle-united-vs-brighton-hove-albion,36,Tasker,0,,,
25-26-prem-newcastle-united-vs-brighton-hove-albion,36,F.Kadıoğlu,1,,0.0,
25-26-prem-newcastle-united-vs-brighton-hove-albion,36,Verbruggen,1,,0.0,
25-26-prem-newcastle-united-vs-brighton-hove-albion,36,McGill,0,,,
25-26-prem-newcastle-united-vs-brighton-hove-albion,36,De Cuyper,0,,,
25-26-prem-newcastle-united-vs-brighton-hove-albion,36,Dunk,0,0.8,0.0,
25-26-prem-newcastle-united-vs-brighton-hove-albion,36,Mitoma,1,,0.0,
25-26-prem-newcastle-united-vs-brighton-hove-albion,36,Georginio,0,,0.0,
25-26-prem-newcastle-united-vs-brighton-hove-albion,36,March,0,1.0,0.8,
25-26-prem-newcastle-united-vs-brighton-hove-albion,36,Minteh,1,,0.2,
25-26-prem-newcastle-united-vs-brighton-hove-albion,36,O'Riley,0,,0.8,
25-26-prem-newcastle-united-vs-brighton-hove-albion,36,Ayari,0,0.2,0.8,
25-26-prem-newcastle-united-vs-brighton-hove-albion,36,Baleba,1,0.8,0.0,
25-26-prem-newcastle-united-vs-brighton-hove-albion,36,Gomez,0,1.0,0.8,
25-26-prem-newcastle-united-vs-brighton-hove-albion,36,Wieffer,1,0.2,0.2,
25-26-prem-newcastle-united-vs-brighton-hove-albion,36,Welbeck,1,,0.2,
25-26-prem-newcastle-united-vs-brighton-hove-albion,36,Kostoulas,0,,,
25-26-prem-newcastle-united-vs-brighton-hove-albion,36,Howell,0,,,
25-26-prem-brentford-vs-west-ham-united,94,McManus,0,,,
25-26-prem-brentford-vs-west-ham-united,94,Donovan,0,,,
25-26-prem-brentford-vs-west-ham-united,94,Owen,0,,,
25-26-prem-brentford-vs-west-ham-united,94,Henderson,0,0.8,,
25-26-prem-brentford-vs-west-ham-united,94,Kayode,1,,,
25-26-prem-brentford-vs-west-ham-united,94,Shield,0,,,
25-26-prem-brentford-vs-west-ham-united,94,Nelson,0,,,
25-26-prem-brentford-vs-west-ham-united,94,Pinnock,0,,0.2,
25-26-prem-brentford-vs-west-ham-united,94,Bentt,0,,,
25-26-prem-brentford-vs-west-ham-united,94,Balcombe,0,,0.8,
25-26-prem-brentford-vs-west-ham-united,94,Eyestone,0,,,
25-26-prem-brentford-vs-west-ham-united,94,Van den Berg,1,,0.2,
25-26-prem-brentford-vs-west-ham-united,94,Hickey,0,,0.8,
25-26-prem-brentford-vs-west-ham-united,94,O.Dango,1,,,
25-26-prem-brentford-vs-west-ham-united,94,Kelleher,1,,0.2,
25-26-prem-brentford-vs-west-ham-united,94,Valdimarsson,0,,0.8,
25-26-prem-brentford-vs-west-ham-united,94,Collins,1,,0.2,
25-26-prem-brentford-vs-west-ham-united,94,Lewis-Potter,1,,0.2,
25-26-prem-brentford-vs-west-ham-united,94,Ajer,0,,0.2,
25-26-prem-brentford-vs-west-ham-united,94,Schade,1,,0.8,
25-26-prem-brentford-vs-west-ham-united,94,Damsgaard,1,,0.2,
25-26-prem-brentford-vs-west-ham-united,94,Jensen,1,,0.2,
25-26-prem-brentford-vs-west-ham-united,94,Yarmoliuk,1,,0.8,
25-26-prem-brentford-vs-west-ham-united,94,Thiago,1,,0.2,
25-26-prem-brentford-vs-west-ham-united,94,Dasilva,0,0.2,0.8,
25-26-prem-brentford-vs-west-ham-united,94,Stephenson,0,,,
25-26-prem-brentford-vs-west-ham-united,94,Furo,0,,,
25-26-prem-brentford-vs-west-ham-united,21,Disasi,1,,0.8,
25-26-prem-brentford-vs-west-ham-united,21,Mohamadou Kanté,0,,,
25-26-prem-brentford-vs-west-ham-united,21,Pablo,1,,,
25-26-prem-brentford-vs-west-ham-united,21,Golambeckis,0,,,
25-26-prem-brentford-vs-west-ham-united,21,Herrick,0,,,
25-26-prem-brentford-vs-west-ham-united,21,Potts,0,,,
25-26-prem-brentford-vs-west-ham-united,21,Lamadrid,0,,,
25-26-prem-brentford-vs-west-ham-united,21,Adama,0,,,
25-26-prem-brentford-vs-west-ham-united,21,Areola,0,,0.2,
25-26-prem-brentford-vs-west-ham-united,21,Diouf,1,,,
25-26-prem-brentford-vs-west-ham-united,21,Kilman,0,,0.2,
25-26-prem-brentford-vs-west-ham-united,21,Mavropanos,1,,0.8,
25-26-prem-brentford-vs-west-ham-united,21,Scarles,0,,,
25-26-prem-brentford-vs-west-ham-united,21,Todibo,0,,0.2,
25-26-prem-brentford-vs-west-ham-united,21,Wan-Bissaka,0,,0.2,
25-26-prem-brentford-vs-west-ham-united,21,Souček,1,,0.2,
25-26-prem-brentford-vs-west-ham-united,21,Summerville,1,,0.2,
25-26-prem-brentford-vs-west-ham-united,21,Bowen,1,,0.2,
25-26-prem-brentford-vs-west-ham-united,21,Walker-Peters,1,,0.2,
25-26-prem-brentford-vs-west-ham-united,21,Wilson,0,0.8,,
25-26-prem-brentford-vs-west-ham-united,21,Hermansen,1,,,
25-26-prem-brentford-vs-west-ham-united,21,M.Fernandes,1,,,
25-26-prem-brentford-vs-west-ham-united,21,S.Magassa,0,,,
25-26-prem-brentford-vs-west-ham-united,21,Fabianski,0,,0.7,
25-26-prem-brentford-vs-west-ham-united,21,Mayers,0,,,
25-26-prem-brentford-vs-west-ham-united,21,Taty,1,,,
25-26-prem-arsenal-vs-fulham,3,Raya,1,,0.0,
25-26-prem-arsenal-vs-fulham,3,Rice,1,,0.0,
25-26-prem-arsenal-vs-fulham,3,Clarke,0,,0.8,
25-26-prem-arsenal-vs-fulham,3,Arrizabalaga,0,,0.8,
25-26-prem-arsenal-vs-fulham,3,Gabriel,1,,0.0,
25-26-prem-arsenal-vs-fulham,3,Saliba,1,,0.0,
25-26-prem-arsenal-vs-fulham,3,Nichols,0,,0.8,
25-26-prem-arsenal-vs-fulham,3,Eze,1,0.2,0.2,
25-26-prem-arsenal-vs-fulham,3,Mosquera,0,0.2,0.8,
25-26-prem-arsenal-vs-fulham,3,Harriman-Annous,0,,,
25-26-prem-arsenal-vs-fulham,3,G.Jesus,0,,0.8,
25-26-prem-arsenal-vs-fulham,3,Gyökeres,1,0.2,0.2,
25-26-prem-arsenal-vs-fulham,3,Dowman,0,,,
25-26-prem-arsenal-vs-fulham,3,Nørgaard,0,,0.8,
25-26-prem-arsenal-vs-fulham,3,Zubimendi,0,0.8,0.2,
25-26-prem-arsenal-vs-fulham,3,Hincapie,0,0.8,0.2,
25-26-prem-arsenal-vs-fulham,3,Salmon,0,,,
25-26-prem-arsenal-vs-fulham,3,Saka,1,0.2,0.0,
25-26-prem-arsenal-vs-fulham,3,Calafiori,1,0.2,0.2,
25-26-prem-arsenal-vs-fulham,3,Lewis-Skelly,1,0.2,0.8,
25-26-prem-arsenal-vs-fulham,3,White,1,0.8,0.0,
25-26-prem-arsenal-vs-fulham,3,Havertz,0,1.0,0.2,
25-26-prem-arsenal-vs-fulham,3,Ødegaard,0,0.8,0.0,
25-26-prem-arsenal-vs-fulham,3,Madueke,0,0.8,0.8,
25-26-prem-arsenal-vs-fulham,3,Martinelli,0,0.2,0.2,
25-26-prem-arsenal-vs-fulham,3,Trossard,1,0.2,0.8,
25-26-prem-arsenal-vs-fulham,3,Setford,0,,0.8,
25-26-prem-arsenal-vs-fulham,54,Ridgeon,0,,,
25-26-prem-arsenal-vs-fulham,54,Smith Rowe,1,,0.0,
25-26-prem-arsenal-vs-fulham,54,Lecomte,0,,,
25-26-prem-arsenal-vs-fulham,54,Wilson,1,,0.8,
25-26-prem-arsenal-vs-fulham,54,King,0,,,
25-26-prem-arsenal-vs-fulham,54,Andersen,1,,0.0,
25-26-prem-arsenal-vs-fulham,54,Bassey,1,,0.0,
25-26-prem-arsenal-vs-fulham,54,Reed,1,,0.8,
25-26-prem-arsenal-vs-fulham,54,Raúl,1,,0.8,
25-26-prem-arsenal-vs-fulham,54,Muniz,0,,0.2,
25-26-prem-arsenal-vs-fulham,54,Chukwueze,1,0.2,0.8,
25-26-prem-arsenal-vs-fulham,54,Bobb,0,0.2,0.2,
25-26-prem-arsenal-vs-fulham,54,Leno,1,,0.0,
25-26-prem-arsenal-vs-fulham,54,Robinson,1,0.2,0.0,
25-26-prem-arsenal-vs-fulham,54,Castagne,1,,0.8,
25-26-prem-arsenal-vs-fulham,54,Diop,0,,0.8,
25-26-prem-arsenal-vs-fulham,54,J.Cuenca,0,,,
25-26-prem-arsenal-vs-fulham,54,Tete,0,,0.2,
25-26-prem-arsenal-vs-fulham,54,Amissah,0,,,
25-26-prem-arsenal-vs-fulham,54,Berge,0,,0.0,
25-26-prem-arsenal-vs-fulham,54,Cairney,0,,0.8,
25-26-prem-arsenal-vs-fulham,54,Lukić,1,,0.2,
25-26-prem-arsenal-vs-fulham,54,Kusi-Asare,0,,,
25-26-prem-arsenal-vs-fulham,54,McNally,0,,,
25-26-prem-afc-bournemouth-vs-crystal-palace,91,Soler,0,,0.2,
25-26-prem-afc-bournemouth-vs-crystal-palace,91,Evanilson,1,,0.2,
25-26-prem-afc-bournemouth-vs-crystal-palace,91,Enes Ünal,0,,0.8,
25-26-prem-afc-bournemouth-vs-crystal-palace,91,DaCosta,0,,,
25-26-prem-afc-bournemouth-vs-crystal-palace,91,A.Jimenez,1,,0.8,
25-26-prem-afc-bournemouth-vs-crystal-palace,91,Christie,0,,0.2,
25-26-prem-afc-bournemouth-vs-crystal-palace,91,Cook,0,1.0,0.2,
25-26-prem-afc-bournemouth-vs-crystal-palace,91,Diakité,0,,0.8,
25-26-prem-afc-bournemouth-vs-crystal-palace,91,Mandas,0,,0.7,
25-26-prem-afc-bournemouth-vs-crystal-palace,91,Rayan,1,0.2,,
25-26-prem-afc-bournemouth-vs-crystal-palace,91,Smith,0,,0.8,
25-26-prem-afc-bournemouth-vs-crystal-palace,91,Truffert,1,,0.2,
25-26-prem-afc-bournemouth-vs-crystal-palace,91,Akinmboni,0,,,
25-26-prem-afc-bournemouth-vs-crystal-palace,91,Tavernier,1,,0.2,
25-26-prem-afc-bournemouth-vs-crystal-palace,91,Adams,1,,0.8,
25-26-prem-afc-bournemouth-vs-crystal-palace,91,Brooks,0,0.8,0.8,
25-26-prem-afc-bournemouth-vs-crystal-palace,91,Scott,1,,0.8,
25-26-prem-afc-bournemouth-vs-crystal-palace,91,Petrović,1,,0.2,
25-26-prem-afc-bournemouth-vs-crystal-palace,91,Bevan,0,,,
25-26-prem-afc-bournemouth-vs-crystal-palace,91,Hill,1,,0.8,
25-26-prem-afc-bournemouth-vs-crystal-palace,91,McKenna,0,,0.2,
25-26-prem-afc-bournemouth-vs-crystal-palace,91,Senesi,1,,0.2,
25-26-prem-afc-bournemouth-vs-crystal-palace,91,Kroupi.Jr,1,,,
25-26-prem-afc-bournemouth-vs-crystal-palace,91,Gannon-Doak,0,,,
25-26-prem-afc-bournemouth-vs-crystal-palace,91,Rees-Dottin,0,,,
25-26-prem-afc-bournemouth-vs-crystal-palace,91,Adli,0,,0.8,
25-26-prem-afc-bournemouth-vs-crystal-palace,91,Milosavljević,0,,,
25-26-prem-afc-bournemouth-vs-crystal-palace,91,Forster,0,,0.7,
25-26-prem-afc-bournemouth-vs-crystal-palace,91,Stevens,0,,,
25-26-prem-afc-bournemouth-vs-crystal-palace,91,Tóth.A,0,,,
25-26-prem-afc-bournemouth-vs-crystal-palace,31,Muñoz,1,,0.0,
25-26-prem-afc-bournemouth-vs-crystal-palace,31,Wharton,0,,0.0,
25-26-prem-afc-bournemouth-vs-crystal-palace,31,Agbinone,0,,,
25-26-prem-afc-bournemouth-vs-crystal-palace,31,Devenny,1,,,
25-26-prem-afc-bournemouth-vs-crystal-palace,31,Mateta,0,,0.0,
25-26-prem-afc-bournemouth-vs-crystal-palace,31,Cardines,0,,,
25-26-prem-afc-bournemouth-vs-crystal-palace,31,Yeremy,1,,,
25-26-prem-afc-bournemouth-vs-crystal-palace,31,Casey,0,,,
25-26-prem-afc-bournemouth-vs-crystal-palace,31,King,0,,,
25-26-prem-afc-bournemouth-vs-crystal-palace,31,Strand Larsen,1,,0.8,
25-26-prem-afc-bournemouth-vs-crystal-palace,31,Uche,0,,,
25-26-prem-afc-bournemouth-vs-crystal-palace,31,Rodney,0,,,
25-26-prem-afc-bournemouth-vs-crystal-palace,31,Benamar,0,,,
25-26-prem-afc-bournemouth-vs-crystal-palace,31,Marsh,0,,,
25-26-prem-afc-bournemouth-vs-crystal-palace,31,Johnson,1,,,
25-26-prem-afc-bournemouth-vs-crystal-palace,31,Henderson,1,,0.0,
25-26-prem-afc-bournemouth-vs-crystal-palace,31,Benitez,0,,,
25-26-prem-afc-bournemouth-vs-crystal-palace,31,Matthews,0,,,
25-26-prem-afc-bournemouth-vs-crystal-palace,31,Kporha,0,,,
25-26-prem-afc-bournemouth-vs-crystal-palace,31,Sarr,0,,0.8,
25-26-prem-afc-bournemouth-vs-crystal-palace,31,Hughes,0,,0.8,
25-26-prem-afc-bournemouth-vs-crystal-palace,31,Kamada,1,,0.2,
25-26-prem-afc-bournemouth-vs-crystal-palace,31,Lerma,1,,0.2,
25-26-prem-afc-bournemouth-vs-crystal-palace,31,Canvot,1,,,
25-26-prem-afc-bournemouth-vs-crystal-palace,31,Lacroix,1,,0.0,
25-26-prem-afc-bournemouth-vs-crystal-palace,31,Mitchell,0,,0.0,
25-26-prem-afc-bournemouth-vs-crystal-palace,31,Sosa,0,,0.8,
25-26-prem-afc-bournemouth-vs-crystal-palace,31,Richards,0,,0.0,
25-26-prem-afc-bournemouth-vs-crystal-palace,31,Chadi Riad,1,,0.8,
25-26-prem-afc-bournemouth-vs-crystal-palace,31,Clyne,0,,0.8,
25-26-prem-afc-bournemouth-vs-crystal-palace,31,Drakes-Thomas,0,,,
25-26-prem-manchester-united-vs-liverpool,1,Heaven,1,,,
25-26-prem-manchester-united-vs-liverpool,1,Heaton,0,,,
25-26-prem-manchester-united-vs-liverpool,1,Mee,0,,,
25-26-prem-manchester-united-vs-liverpool,1,Shaw,1,,0.8,
25-26-prem-manchester-united-vs-liverpool,1,Yoro,0,,0.2,
25-26-prem-manchester-united-vs-liverpool,1,Fitzgerald,0,,,
25-26-prem-manchester-united-vs-liverpool,1,Malacia,0,,0.8,
25-26-prem-manchester-united-vs-liverpool,1,B.Fernandes,1,,0.0,
25-26-prem-manchester-united-vs-liverpool,1,Zirkzee,0,,0.2,
25-26-prem-manchester-united-vs-liverpool,1,Mbeumo,1,,0.2,
25-26-prem-manchester-united-vs-liverpool,1,Bayindir,0,,,
25-26-prem-manchester-united-vs-liverpool,1,Mazraoui,0,,0.2,
25-26-prem-manchester-united-vs-liverpool,1,D.Leon,0,,,
25-26-prem-manchester-united-vs-liverpool,1,Dalot,1,,0.2,
25-26-prem-manchester-united-vs-liverpool,1,Dorgu,0,,0.8,
25-26-prem-manchester-united-vs-liverpool,1,Maguire,1,,0.8,
25-26-prem-manchester-united-vs-liverpool,1,Fredricson,0,,,
25-26-prem-manchester-united-vs-liverpool,1,Cunha,1,,0.2,
25-26-prem-manchester-united-vs-liverpool,1,Amad,0,,0.8,
25-26-prem-manchester-united-vs-liverpool,1,Mount,0,,0.8,
25-26-prem-manchester-united-vs-liverpool,1,Casemiro,1,,0.8,
25-26-prem-manchester-united-vs-liverpool,1,Mainoo,1,,0.0,
25-26-prem-manchester-united-vs-liverpool,1,Ugarte,0,,0.2,
25-26-prem-manchester-united-vs-liverpool,1,J.Fletcher,0,,,
25-26-prem-manchester-united-vs-liverpool,1,Obi,0,,,
25-26-prem-manchester-united-vs-liverpool,1,Šeško,1,,0.2,
25-26-prem-manchester-united-vs-liverpool,1,Lammens,1,,,
25-26-prem-manchester-united-vs-liverpool,1,Lacey,0,,,
25-26-prem-manchester-united-vs-liverpool,1,Bendito Mantato,0,,,
25-26-prem-manchester-united-vs-liverpool,1,Fletcher,0,,,
25-26-prem-manchester-united-vs-liverpool,1,Kukonki,0,,,
25-26-prem-manchester-united-vs-liverpool,1,Thwaites,0,,,
25-26-prem-manchester-united-vs-liverpool,14,Konaté,1,,0.0,
25-26-prem-manchester-united-vs-liverpool,14,R.Williams,0,,,
25-26-prem-manchester-united-vs-liverpool,14,Ramsay,0,,,
25-26-prem-manchester-united-vs-liverpool,14,Woodman,1,0.2,,
25-26-prem-manchester-united-vs-liverpool,14,Frimpong,1,0.7,0.0,
25-26-prem-manchester-united-vs-liverpool,14,Kerkez,0,0.8,0.0,
25-26-prem-manchester-united-vs-liverpool,14,C.Jones,1,0.2,0.8,
25-26-prem-manchester-united-vs-liverpool,14,Gravenberch,1,,0.0,
25-26-prem-manchester-united-vs-liverpool,14,Isak,0,,0.0,
25-26-prem-manchester-united-vs-liverpool,14,A.Becker,0,0.8,0.0,
25-26-prem-manchester-united-vs-liverpool,14,Chiesa,0,,0.8,
25-26-prem-manchester-united-vs-liverpool,14,Mac Allister,1,,0.0,
25-26-prem-manchester-united-vs-liverpool,14,Lucky,0,,,
25-26-prem-manchester-united-vs-liverpool,14,Ngumoha,0,0.8,,
25-26-prem-manchester-united-vs-liverpool,14,Morrison,0,,,
25-26-prem-manchester-united-vs-liverpool,14,Nallo,0,,,
25-26-prem-manchester-united-vs-liverpool,14,Szoboszlai,1,,0.8,
25-26-prem-manchester-united-vs-liverpool,14,Nyoni,0,,,
25-26-prem-manchester-united-vs-liverpool,14,Pécsi,0,,,
25-26-prem-manchester-united-vs-liverpool,14,Robertson,1,,0.8,
25-26-prem-manchester-united-vs-liverpool,14,Virgil,1,,0.0,
25-26-prem-manchester-united-vs-liverpool,14,Gomez,0,0.7,0.8,
25-26-prem-manchester-united-vs-liverpool,14,M.Salah,0,1.0,0.0,
25-26-prem-manchester-united-vs-liverpool,14,Wirtz,1,,0.0,
25-26-prem-manchester-united-vs-liverpool,14,Gakpo,1,,0.2,
25-26-prem-manchester-united-vs-liverpool,14,Wright,0,,,
25-26-prem-aston-villa-vs-tottenham-hotspur,7,Proctor,0,,,
25-26-prem-aston-villa-vs-tottenham-hotspur,7,Patterson,0,,,
25-26-prem-aston-villa-vs-tottenham-hotspur,7,Lindelöf,1,,,
25-26-prem-aston-villa-vs-tottenham-hotspur,7,Bailey,0,,0.2,
25-26-prem-aston-villa-vs-tottenham-hotspur,7,Martinez,1,,0.0,
25-26-prem-aston-villa-vs-tottenham-hotspur,7,M.Bizot,0,,,
25-26-prem-aston-villa-vs-tottenham-hotspur,7,George Hemmings,0,,,
25-26-prem-aston-villa-vs-tottenham-hotspur,7,Hollingshead,0,,,
25-26-prem-aston-villa-vs-tottenham-hotspur,7,Leon Routh,0,,,
25-26-prem-aston-villa-vs-tottenham-hotspur,7,Carroll,0,,,
25-26-prem-aston-villa-vs-tottenham-hotspur,7,Alysson,0,,,
25-26-prem-aston-villa-vs-tottenham-hotspur,7,Onana,0,,0.0,
25-26-prem-aston-villa-vs-tottenham-hotspur,7,Abraham,1,,0.8,
25-26-prem-aston-villa-vs-tottenham-hotspur,7,Burrowes,0,,,
25-26-prem-aston-villa-vs-tottenham-hotspur,7,Cash,1,,0.2,
25-26-prem-aston-villa-vs-tottenham-hotspur,7,Digne,0,,0.8,
25-26-prem-aston-villa-vs-tottenham-hotspur,7,Konsa,0,,0.0,
25-26-prem-aston-villa-vs-tottenham-hotspur,7,Maatsen,1,,0.2,
25-26-prem-aston-villa-vs-tottenham-hotspur,7,Mings,1,,0.8,
25-26-prem-aston-villa-vs-tottenham-hotspur,7,Pau,0,,0.0,
25-26-prem-aston-villa-vs-tottenham-hotspur,7,A.García,0,,0.8,
25-26-prem-aston-villa-vs-tottenham-hotspur,7,Bogarde,1,,0.8,
25-26-prem-aston-villa-vs-tottenham-hotspur,7,Rogers,1,,0.2,
25-26-prem-aston-villa-vs-tottenham-hotspur,7,Tielemans,1,,0.0,
25-26-prem-aston-villa-vs-tottenham-hotspur,7,Buendía,0,,0.8,
25-26-prem-aston-villa-vs-tottenham-hotspur,7,McGinn,0,,0.0,
25-26-prem-aston-villa-vs-tottenham-hotspur,7,Barkley,1,,0.8,
25-26-prem-aston-villa-vs-tottenham-hotspur,7,Watkins,0,,0.0,
25-26-prem-aston-villa-vs-tottenham-hotspur,7,Elliott,0,,,
25-26-prem-aston-villa-vs-tottenham-hotspur,7,Sancho,1,,0.8,
25-26-prem-aston-villa-vs-tottenham-hotspur,7,Douglas Luiz,0,,,
25-26-prem-aston-villa-vs-tottenham-hotspur,7,Wright,0,,,
25-26-prem-aston-villa-vs-tottenham-hotspur,6,Danso,1,,,
25-26-prem-aston-villa-vs-tottenham-hotspur,6,Williams-Barnett,0,,,
25-26-prem-aston-villa-vs-tottenham-hotspur,6,Gallagher,1,,0.2,
25-26-prem-aston-villa-vs-tottenham-hotspur,6,Souza,0,,,
25-26-prem-aston-villa-vs-tottenham-hotspur,6,Kyerematen,0,,,
25-26-prem-aston-villa-vs-tottenham-hotspur,6,Bentancur,1,,0.2,
25-26-prem-aston-villa-vs-tottenham-hotspur,6,Bergvall,0,,0.8,
25-26-prem-aston-villa-vs-tottenham-hotspur,6,Byfield,0,,,
25-26-prem-aston-villa-vs-tottenham-hotspur,6,Maddison,0,,0.0,
25-26-prem-aston-villa-vs-tottenham-hotspur,6,Bissouma,0,,0.2,
25-26-prem-aston-villa-vs-tottenham-hotspur,6,Vicario,0,,0.0,
25-26-prem-aston-villa-vs-tottenham-hotspur,6,Austin,0,,,
25-26-prem-aston-villa-vs-tottenham-hotspur,6,Van de Ven,1,,0.0,
25-26-prem-aston-villa-vs-tottenham-hotspur,6,Tel,1,0.2,0.8,
25-26-prem-aston-villa-vs-tottenham-hotspur,6,Gray,0,,0.8,
25-26-prem-aston-villa-vs-tottenham-hotspur,6,Kinsky,1,,,
25-26-prem-aston-villa-vs-tottenham-hotspur,6,Pedro Porro,1,,0.0,
25-26-prem-aston-villa-vs-tottenham-hotspur,6,Dragusin,0,,0.2,
25-26-prem-aston-villa-vs-tottenham-hotspur,6,Spence,0,,0.8,
25-26-prem-aston-villa-vs-tottenham-hotspur,6,Udogie,1,,0.0,
25-26-prem-aston-villa-vs-tottenham-hotspur,6,Olusesi,0,,,
25-26-prem-aston-villa-vs-tottenham-hotspur,6,Solanke,0,1.0,0.0,
25-26-prem-aston-villa-vs-tottenham-hotspur,6,Richarlison,1,0.2,0.8,
25-26-prem-aston-villa-vs-tottenham-hotspur,6,J.Palhinha,1,0.0,,
25-26-prem-aston-villa-vs-tottenham-hotspur,6,Kolo Muani,1,0.2,0.2,
25-26-prem-aston-villa-vs-tottenham-hotspur,6,Rowswell,0,,,
25-26-prem-aston-villa-vs-tottenham-hotspur,6,Wilson,0,,,
25-26-prem-chelsea-vs-nottingham-forest,8,Sharman-Lowe,0,,,
25-26-prem-chelsea-vs-nottingham-forest,8,Sánchez,1,,0.2,
25-26-prem-chelsea-vs-nottingham-forest,8,Colwill,0,0.8,0.2,
25-26-prem-chelsea-vs-nottingham-forest,8,Gusto,1,,0.2,
25-26-prem-chelsea-vs-nottingham-forest,8,Gittens,0,,,
25-26-prem-chelsea-vs-nottingham-forest,8,Lavia,1,,0.8,
25-26-prem-chelsea-vs-nottingham-forest,8,Andrey Santos,0,0.8,0.8,
25-26-prem-chelsea-vs-nottingham-forest,8,Jörgensen,0,,0.8,
25-26-prem-chelsea-vs-nottingham-forest,8,Slonina,0,,,
25-26-prem-chelsea-vs-nottingham-forest,8,Cucurella,1,,0.2,
25-26-prem-chelsea-vs-nottingham-forest,8,James,0,0.8,0.8,
25-26-prem-chelsea-vs-nottingham-forest,8,Chalobah,1,0.2,0.7,
25-26-prem-chelsea-vs-nottingham-forest,8,B.Badiashile,0,,0.8,
25-26-prem-chelsea-vs-nottingham-forest,8,Fofana,0,0.8,0.2,
25-26-prem-chelsea-vs-nottingham-forest,8,Tosin,1,0.2,0.8,
25-26-prem-chelsea-vs-nottingham-forest,8,Acheampong,0,,,
25-26-prem-chelsea-vs-nottingham-forest,8,Palmer,1,,0.0,
25-26-prem-chelsea-vs-nottingham-forest,8,Neto,0,,0.2,
25-26-prem-chelsea-vs-nottingham-forest,8,Caicedo,1,,0.0,
25-26-prem-chelsea-vs-nottingham-forest,8,D.Essugo,0,,,
25-26-prem-chelsea-vs-nottingham-forest,8,João Pedro,1,,0.8,
25-26-prem-chelsea-vs-nottingham-forest,8,Delap,0,,0.2,
25-26-prem-chelsea-vs-nottingham-forest,8,Marc Guiu,0,,0.8,
25-26-prem-chelsea-vs-nottingham-forest,8,Garnacho,0,0.8,0.2,
25-26-prem-chelsea-vs-nottingham-forest,8,Hato,0,0.8,0.8,
25-26-prem-chelsea-vs-nottingham-forest,8,Emenalo,0,,,
25-26-prem-chelsea-vs-nottingham-forest,8,Merrick,0,,,
25-26-prem-chelsea-vs-nottingham-forest,8,Derry,1,,,
25-26-prem-chelsea-vs-nottingham-forest,8,Enzo,1,,0.2,
25-26-prem-chelsea-vs-nottingham-forest,8,M.Sarr,0,,0.7,
25-26-prem-chelsea-vs-nottingham-forest,17,Jair Cunha,1,0.8,,
25-26-prem-chelsea-vs-nottingham-forest,17,Morato,1,0.2,0.8,
25-26-prem-chelsea-vs-nottingham-forest,17,Bakwa,1,,,
25-26-prem-chelsea-vs-nottingham-forest,17,Lucca,0,,,
25-26-prem-chelsea-vs-nottingham-forest,17,Netz,1,0.2,0.8,
25-26-prem-chelsea-vs-nottingham-forest,17,Da Silva Moreira,0,,,
25-26-prem-chelsea-vs-nottingham-forest,17,Gunn,0,,,
25-26-prem-chelsea-vs-nottingham-forest,17,Ortega Moreno,0,,,
25-26-prem-chelsea-vs-nottingham-forest,17,McAtee,1,,0.8,
25-26-prem-chelsea-vs-nottingham-forest,17,Sels,1,,0.0,
25-26-prem-chelsea-vs-nottingham-forest,17,Milenković,0,,0.0,
25-26-prem-chelsea-vs-nottingham-forest,17,Murillo,0,0.8,0.0,
25-26-prem-chelsea-vs-nottingham-forest,17,Aina,0,0.8,0.0,
25-26-prem-chelsea-vs-nottingham-forest,17,N.Williams,0,0.2,0.0,
25-26-prem-chelsea-vs-nottingham-forest,17,Abbott,1,0.2,,
25-26-prem-chelsea-vs-nottingham-forest,17,Gibbs-White,0,,0.0,
25-26-prem-chelsea-vs-nottingham-forest,17,Anderson,0,,0.8,
25-26-prem-chelsea-vs-nottingham-forest,17,Dominguez,1,0.2,0.8,
25-26-prem-chelsea-vs-nottingham-forest,17,Sangaré,0,0.8,0.2,
25-26-prem-chelsea-vs-nottingham-forest,17,Yates,1,,0.0,
25-26-prem-chelsea-vs-nottingham-forest,17,Wood,0,,0.0,
25-26-prem-chelsea-vs-nottingham-forest,17,Igor Jesus,1,,0.8,
25-26-prem-chelsea-vs-nottingham-forest,17,Awoniyi,1,,0.8,
25-26-prem-chelsea-vs-nottingham-forest,17,Ndoye,0,0.8,,
25-26-prem-chelsea-vs-nottingham-forest,17,Hutchinson,0,,,
25-26-prem-everton-vs-manchester-city,11,Keane,1,,0.8,
25-26-prem-everton-vs-manchester-city,11,King,0,,,
25-26-prem-everton-vs-manchester-city,11,Aznou,0,,,
25-26-prem-everton-vs-manchester-city,11,Graham,0,,,
25-26-prem-everton-vs-manchester-city,11,Röhl,1,,,
25-26-prem-everton-vs-manchester-city,11,Tarkowski,1,,0.0,
25-26-prem-everton-vs-manchester-city,11,McNeil,0,,0.0,
25-26-prem-everton-vs-manchester-city,11,Alcaraz,0,,,
25-26-prem-everton-vs-manchester-city,11,Gana,0,,0.2,
25-26-prem-everton-vs-manchester-city,11,Garner,1,,0.2,
25-26-prem-everton-vs-manchester-city,11,Barry,0,,,
25-26-prem-everton-vs-manchester-city,11,Beto,1,,0.2,
25-26-prem-everton-vs-manchester-city,11,Mykolenko,1,,0.0,
25-26-prem-everton-vs-manchester-city,11,O'Brien,1,,0.2,
25-26-prem-everton-vs-manchester-city,11,Coleman,0,,0.8,
25-26-prem-everton-vs-manchester-city,11,Welch,0,,,
25-26-prem-everton-vs-manchester-city,11,Ndiaye,1,,0.0,
25-26-prem-everton-vs-manchester-city,11,Iroegbunam,1,,0.8,
25-26-prem-everton-vs-manchester-city,11,Armstrong,0,,0.8,
25-26-prem-everton-vs-manchester-city,11,Ebere,0,,,
25-26-prem-everton-vs-manchester-city,11,Patterson,0,,0.8,
25-26-prem-everton-vs-manchester-city,11,Dewsbury-Hall,1,,0.2,
25-26-prem-everton-vs-manchester-city,11,George,0,,,
25-26-prem-everton-vs-manchester-city,11,Pickford,1,,0.0,
25-26-prem-everton-vs-manchester-city,11,Travers,0,,0.7,
25-26-prem-everton-vs-manchester-city,11,Dibling,0,,0.8,
25-26-prem-everton-vs-manchester-city,11,Bates,0,,,
25-26-prem-everton-vs-manchester-city,43,Matheus N.,1,,0.8,
25-26-prem-everton-vs-manchester-city,43,Gray,0,,,
25-26-prem-everton-vs-manchester-city,43,Trafford,0,,0.7,
25-26-prem-everton-vs-manchester-city,43,Guéhi,1,,0.0,
25-26-prem-everton-vs-manchester-city,43,Aké,0,,0.8,
25-26-prem-everton-vs-manchester-city,43,Khusanov,1,,,
25-26-prem-everton-vs-manchester-city,43,Nypan,0,,,
25-26-prem-everton-vs-manchester-city,43,McAidoo,0,,,
25-26-prem-everton-vs-manchester-city,43,Bettinelli,0,,0.7,
25-26-prem-everton-vs-manchester-city,43,Rodrigo,0,1.0,0.0,
25-26-prem-everton-vs-manchester-city,43,Kovačić,0,,0.8,
25-26-prem-everton-vs-manchester-city,43,Aït-Nouri,0,,0.2,
25-26-prem-everton-vs-manchester-city,43,Stones,0,,0.2,
25-26-prem-everton-vs-manchester-city,43,Lewis,0,,0.2,
25-26-prem-everton-vs-manchester-city,43,O'Reilly,1,0.2,,
25-26-prem-everton-vs-manchester-city,43,Marmoush,0,,0.8,
25-26-prem-everton-vs-manchester-city,43,Foden,0,,0.0,
25-26-prem-everton-vs-manchester-city,43,Savinho,0,,0.8,
25-26-prem-everton-vs-manchester-city,43,Bernardo,1,,0.2,
25-26-prem-everton-vs-manchester-city,43,Cherki,1,,0.8,
25-26-prem-everton-vs-manchester-city,43,Doku,1,,0.8,
25-26-prem-everton-vs-manchester-city,43,N.Gonzalez,1,0.2,0.8,
25-26-prem-everton-vs-manchester-city,43,Reijnders,0,,0.2,
25-26-prem-everton-vs-manchester-city,43,Haaland,1,,0.0,
25-26-prem-everton-vs-manchester-city,43,Donnarumma,1,,0.0,
25-26-prem-everton-vs-manchester-city,43,Heskey,0,,,
25-26-prem-everton-vs-manchester-city,43,Alleyne,0,,,
25-26-prem-everton-vs-manchester-city,43,Semenyo,1,,0.8,
25-26-prem-liverpool-vs-chelsea,14,Mac Allister,1,,0.0,
25-26-prem-liverpool-vs-chelsea,14,Szoboszlai,1,,0.2,
25-26-prem-liverpool-vs-chelsea,14,M.Salah,0,,0.0,
25-26-prem-liverpool-vs-chelsea,14,Wirtz,0,,0.2,
25-26-prem-liverpool-vs-chelsea,14,R.Williams,0,,,
25-26-prem-liverpool-vs-chelsea,14,A.Becker,0,,0.0,
25-26-prem-liverpool-vs-chelsea,14,Mamardashvili,1,,0.8,
25-26-prem-liverpool-vs-chelsea,14,Pécsi,0,,,
25-26-prem-liverpool-vs-chelsea,14,Woodman,0,,,
25-26-prem-liverpool-vs-chelsea,14,Frimpong,1,,0.2,
25-26-prem-liverpool-vs-chelsea,14,Kerkez,1,,0.8,
25-26-prem-liverpool-vs-chelsea,14,Robertson,0,,0.2,
25-26-prem-liverpool-vs-chelsea,14,Virgil,1,,0.0,
25-26-prem-liverpool-vs-chelsea,14,Konaté,1,,0.2,
25-26-prem-liverpool-vs-chelsea,14,Gomez,0,,0.8,
25-26-prem-liverpool-vs-chelsea,14,Nallo,0,,,
25-26-prem-liverpool-vs-chelsea,14,Ramsay,0,,,
25-26-prem-liverpool-vs-chelsea,14,Nyoni,0,,,
25-26-prem-liverpool-vs-chelsea,14,Isak,0,,0.2,
25-26-prem-liverpool-vs-chelsea,14,Ngumoha,1,,,
25-26-prem-liverpool-vs-chelsea,14,Lucky,0,,,
25-26-prem-liverpool-vs-chelsea,14,Ndiaye,0,,,
25-26-prem-liverpool-vs-chelsea,14,Wright,0,,,
25-26-prem-liverpool-vs-chelsea,14,Morrison,0,,,
25-26-prem-liverpool-vs-chelsea,14,C.Jones,1,,0.8,
25-26-prem-liverpool-vs-chelsea,14,Gravenberch,1,,0.2,
25-26-prem-liverpool-vs-chelsea,14,Gakpo,1,,0.8,
25-26-prem-liverpool-vs-chelsea,14,Chiesa,0,,0.8,
25-26-prem-liverpool-vs-chelsea,8,M.Sarr,0,,0.7,
25-26-prem-liverpool-vs-chelsea,8,Lavia,0,,0.2,
25-26-prem-liverpool-vs-chelsea,8,Slonina,0,,0.7,
25-26-prem-liverpool-vs-chelsea,8,Jörgensen,1,,0.2,
25-26-prem-liverpool-vs-chelsea,8,Cucurella,1,,0.2,
25-26-prem-liverpool-vs-chelsea,8,James,0,,0.2,
25-26-prem-liverpool-vs-chelsea,8,Chalobah,0,,0.7,
25-26-prem-liverpool-vs-chelsea,8,Colwill,1,,0.2,
25-26-prem-liverpool-vs-chelsea,8,Gusto,1,,0.8,
25-26-prem-liverpool-vs-chelsea,8,B.Badiashile,0,,0.8,
25-26-prem-liverpool-vs-chelsea,8,Fofana,1,,0.2,
25-26-prem-liverpool-vs-chelsea,8,Tosin,0,,0.8,
25-26-prem-liverpool-vs-chelsea,8,Acheampong,0,,,
25-26-prem-liverpool-vs-chelsea,8,Palmer,1,,0.0,
25-26-prem-liverpool-vs-chelsea,8,Neto,0,,0.2,
25-26-prem-liverpool-vs-chelsea,8,Enzo,1,,0.2,
25-26-prem-liverpool-vs-chelsea,8,Gittens,0,,,
25-26-prem-liverpool-vs-chelsea,8,Caicedo,1,,0.0,
25-26-prem-liverpool-vs-chelsea,8,Andrey Santos,1,,0.8,
25-26-prem-liverpool-vs-chelsea,8,D.Essugo,0,,,
25-26-prem-liverpool-vs-chelsea,8,João Pedro,1,,,
25-26-prem-liverpool-vs-chelsea,8,Delap,0,,0.8,
25-26-prem-liverpool-vs-chelsea,8,Marc Guiu,0,,0.8,
25-26-prem-liverpool-vs-chelsea,8,Garnacho,0,0.8,0.2,
25-26-prem-liverpool-vs-chelsea,8,Hato,1,,0.8,
25-26-prem-liverpool-vs-chelsea,8,Merrick,0,,,
25-26-prem-liverpool-vs-chelsea,8,Sharman-Lowe,0,,0.7,
25-26-prem-liverpool-vs-chelsea,8,Emenalo,0,,,
25-26-prem-brighton-hove-albion-vs-wolverhampton-wanderers,36,Oriola,0,,,
25-26-prem-brighton-hove-albion-vs-wolverhampton-wanderers,36,Simmonds,0,,,
25-26-prem-brighton-hove-albion-vs-wolverhampton-wanderers,36,Howell,0,,,
25-26-prem-brighton-hove-albion-vs-wolverhampton-wanderers,36,De Cuyper,1,,,
25-26-prem-brighton-hove-albion-vs-wolverhampton-wanderers,36,F.Kadıoğlu,1,,0.2,
25-26-prem-brighton-hove-albion-vs-wolverhampton-wanderers,36,Igor,0,,0.8,
25-26-prem-brighton-hove-albion-vs-wolverhampton-wanderers,36,Van Hecke,1,,0.0,
25-26-prem-brighton-hove-albion-vs-wolverhampton-wanderers,36,Veltman,0,,0.8,
25-26-prem-brighton-hove-albion-vs-wolverhampton-wanderers,36,Tasker,0,,,
25-26-prem-brighton-hove-albion-vs-wolverhampton-wanderers,36,Mitoma,1,,0.0,
25-26-prem-brighton-hove-albion-vs-wolverhampton-wanderers,36,Georginio,0,,0.2,
25-26-prem-brighton-hove-albion-vs-wolverhampton-wanderers,36,March,0,,0.8,
25-26-prem-brighton-hove-albion-vs-wolverhampton-wanderers,36,Minteh,1,,0.8,
25-26-prem-brighton-hove-albion-vs-wolverhampton-wanderers,36,Hinshelwood,1,,0.8,
25-26-prem-brighton-hove-albion-vs-wolverhampton-wanderers,36,O'Riley,0,,0.8,
25-26-prem-brighton-hove-albion-vs-wolverhampton-wanderers,36,Ayari,0,,0.8,
25-26-prem-brighton-hove-albion-vs-wolverhampton-wanderers,36,Milner,0,,0.8,
25-26-prem-brighton-hove-albion-vs-wolverhampton-wanderers,36,Wieffer,0,,0.2,
25-26-prem-brighton-hove-albion-vs-wolverhampton-wanderers,36,Kostoulas,0,,,
25-26-prem-brighton-hove-albion-vs-wolverhampton-wanderers,36,Groß,1,,,
25-26-prem-brighton-hove-albion-vs-wolverhampton-wanderers,36,Steele,0,,0.8,
25-26-prem-brighton-hove-albion-vs-wolverhampton-wanderers,36,Verbruggen,1,,0.0,
25-26-prem-brighton-hove-albion-vs-wolverhampton-wanderers,36,McGill,0,,,
25-26-prem-brighton-hove-albion-vs-wolverhampton-wanderers,36,Boscagli,0,,0.8,
25-26-prem-brighton-hove-albion-vs-wolverhampton-wanderers,36,Dunk,1,,0.0,
25-26-prem-brighton-hove-albion-vs-wolverhampton-wanderers,36,Baleba,1,,0.2,
25-26-prem-brighton-hove-albion-vs-wolverhampton-wanderers,36,Gomez,0,,0.8,
25-26-prem-brighton-hove-albion-vs-wolverhampton-wanderers,36,Welbeck,1,,0.0,
25-26-prem-brighton-hove-albion-vs-wolverhampton-wanderers,39,Edozie,0,,0.8,
25-26-prem-brighton-hove-albion-vs-wolverhampton-wanderers,39,Møller Wolfe,0,,0.2,
25-26-prem-brighton-hove-albion-vs-wolverhampton-wanderers,39,Tchatchoua,0,,0.2,
25-26-prem-brighton-hove-albion-vs-wolverhampton-wanderers,39,Mané,1,,,
25-26-prem-brighton-hove-albion-vs-wolverhampton-wanderers,39,Olagunju,0,,,
25-26-prem-brighton-hove-albion-vs-wolverhampton-wanderers,39,Fraser,0,,,
25-26-prem-brighton-hove-albion-vs-wolverhampton-wanderers,39,Brooks,0,,,
25-26-prem-brighton-hove-albion-vs-wolverhampton-wanderers,39,Gracey,0,,,
25-26-prem-brighton-hove-albion-vs-wolverhampton-wanderers,39,S.Bueno,1,,0.8,
25-26-prem-brighton-hove-albion-vs-wolverhampton-wanderers,39,Toti,1,,0.2,
25-26-prem-brighton-hove-albion-vs-wolverhampton-wanderers,39,Pedro Lima,1,,0.8,
25-26-prem-brighton-hove-albion-vs-wolverhampton-wanderers,39,Rawlings,0,,,
25-26-prem-brighton-hove-albion-vs-wolverhampton-wanderers,39,Sutherland,0,,,
25-26-prem-brighton-hove-albion-vs-wolverhampton-wanderers,39,Abbey,0,,,
25-26-prem-brighton-hove-albion-vs-wolverhampton-wanderers,39,Angel,0,,,
25-26-prem-brighton-hove-albion-vs-wolverhampton-wanderers,39,Armstrong,1,,,
25-26-prem-brighton-hove-albion-vs-wolverhampton-wanderers,39,Doherty,0,,0.8,
25-26-prem-brighton-hove-albion-vs-wolverhampton-wanderers,39,H.Bueno,1,,,
25-26-prem-brighton-hove-albion-vs-wolverhampton-wanderers,39,Mosquera,1,,0.2,
25-26-prem-brighton-hove-albion-vs-wolverhampton-wanderers,39,R.Gomes,0,,0.2,
25-26-prem-brighton-hove-albion-vs-wolverhampton-wanderers,39,Hee Chan,1,,0.2,
25-26-prem-brighton-hove-albion-vs-wolverhampton-wanderers,39,André,1,,0.2,
25-26-prem-brighton-hove-albion-vs-wolverhampton-wanderers,39,Bellegarde,0,,0.8,
25-26-prem-brighton-hove-albion-vs-wolverhampton-wanderers,39,J.Gomes,1,,0.2,
25-26-prem-brighton-hove-albion-vs-wolverhampton-wanderers,39,Bentley,1,,0.8,
25-26-prem-brighton-hove-albion-vs-wolverhampton-wanderers,39,Krejčí,0,,0.8,
25-26-prem-brighton-hove-albion-vs-wolverhampton-wanderers,39,Tolu,0,,,
25-26-prem-brighton-hove-albion-vs-wolverhampton-wanderers,39,Gonzalez,0,,,
25-26-prem-brighton-hove-albion-vs-wolverhampton-wanderers,39,Chiwome,0,,0.8,
25-26-prem-fulham-vs-afc-bournemouth,54,Diop,0,,0.8,
25-26-prem-fulham-vs-afc-bournemouth,54,McNally,0,,,
25-26-prem-fulham-vs-afc-bournemouth,54,Amissah,0,,,
25-26-prem-fulham-vs-afc-bournemouth,54,Lukić,1,,0.0,
25-26-prem-fulham-vs-afc-bournemouth,54,Robinson,1,,0.0,
25-26-prem-fulham-vs-afc-bournemouth,54,Andersen,1,,0.0,
25-26-prem-fulham-vs-afc-bournemouth,54,Bassey,1,,0.0,
25-26-prem-fulham-vs-afc-bournemouth,54,Castagne,1,,0.8,
25-26-prem-fulham-vs-afc-bournemouth,54,J.Cuenca,0,,,
25-26-prem-fulham-vs-afc-bournemouth,54,Tete,0,,0.2,
25-26-prem-fulham-vs-afc-bournemouth,54,Smith Rowe,1,,0.0,
25-26-prem-fulham-vs-afc-bournemouth,54,Wilson,1,,0.8,
25-26-prem-fulham-vs-afc-bournemouth,54,Berge,0,,0.0,
25-26-prem-fulham-vs-afc-bournemouth,54,Cairney,1,,0.8,
25-26-prem-fulham-vs-afc-bournemouth,54,King,0,,,
25-26-prem-fulham-vs-afc-bournemouth,54,Reed,0,,0.8,
25-26-prem-fulham-vs-afc-bournemouth,54,Raúl,0,,0.8,
25-26-prem-fulham-vs-afc-bournemouth,54,Muniz,1,,0.2,
25-26-prem-fulham-vs-afc-bournemouth,54,Bobb,0,,0.8,
25-26-prem-fulham-vs-afc-bournemouth,54,Lecomte,0,,,
25-26-prem-fulham-vs-afc-bournemouth,54,Chukwueze,1,,0.2,
25-26-prem-fulham-vs-afc-bournemouth,54,Kevin,0,,,
25-26-prem-fulham-vs-afc-bournemouth,54,Kusi-Asare,0,,,
25-26-prem-fulham-vs-afc-bournemouth,54,Ridgeon,0,,,
25-26-prem-fulham-vs-afc-bournemouth,54,Leno,1,,0.0,
25-26-prem-fulham-vs-afc-bournemouth,91,McKenna,0,,,
25-26-prem-fulham-vs-afc-bournemouth,91,Akinmboni,0,,0.2,
25-26-prem-fulham-vs-afc-bournemouth,91,Scott,1,,0.2,
25-26-prem-fulham-vs-afc-bournemouth,91,Hill,1,,0.8,
25-26-prem-fulham-vs-afc-bournemouth,91,Adams,0,0.2,0.2,
25-26-prem-fulham-vs-afc-bournemouth,91,Petrović,1,,0.2,
25-26-prem-fulham-vs-afc-bournemouth,91,Senesi,1,,0.2,
25-26-prem-fulham-vs-afc-bournemouth,91,Smith,1,0.2,0.2,
25-26-prem-fulham-vs-afc-bournemouth,91,Truffert,1,,0.2,
25-26-prem-fulham-vs-afc-bournemouth,91,Bevan,0,,,
25-26-prem-fulham-vs-afc-bournemouth,91,Soler,0,,0.8,
25-26-prem-fulham-vs-afc-bournemouth,91,Kluivert,0,0.8,0.2,
25-26-prem-fulham-vs-afc-bournemouth,91,Tavernier,1,,0.2,
25-26-prem-fulham-vs-afc-bournemouth,91,Brooks,0,0.8,0.8,
25-26-prem-fulham-vs-afc-bournemouth,91,Christie,1,0.8,0.8,
25-26-prem-fulham-vs-afc-bournemouth,91,Cook,0,1.0,0.2,
25-26-prem-fulham-vs-afc-bournemouth,91,Evanilson,1,,0.2,
25-26-prem-fulham-vs-afc-bournemouth,91,Enes Ünal,0,,0.8,
25-26-prem-fulham-vs-afc-bournemouth,91,Kroupi.Jr,1,,,
25-26-prem-fulham-vs-afc-bournemouth,91,Gannon-Doak,0,,,
25-26-prem-fulham-vs-afc-bournemouth,91,Diakité,0,,,
25-26-prem-fulham-vs-afc-bournemouth,91,Rees-Dottin,0,,,
25-26-prem-fulham-vs-afc-bournemouth,91,Adli,0,0.8,0.8,
25-26-prem-fulham-vs-afc-bournemouth,91,Milosavljević,0,,,
25-26-prem-fulham-vs-afc-bournemouth,91,DaCosta,0,,,
25-26-prem-fulham-vs-afc-bournemouth,91,Mandas,0,,0.7,
25-26-prem-fulham-vs-afc-bournemouth,91,Rayan,1,0.2,,
25-26-prem-fulham-vs-afc-bournemouth,91,Forster,0,,,
25-26-prem-fulham-vs-afc-bournemouth,91,Stevens,0,,,
25-26-prem-fulham-vs-afc-bournemouth,91,Tóth.A,0,,,
25-26-prem-sunderland-vs-manchester-united,56,Roefs,1,,0.2,
25-26-prem-sunderland-vs-manchester-united,56,Abdullahi,0,,,
25-26-prem-sunderland-vs-manchester-united,56,Ellborg,0,,,
25-26-prem-sunderland-vs-manchester-united,56,Angulo,0,0.2,,
25-26-prem-sunderland-vs-manchester-united,56,Moore,0,,,
25-26-prem-sunderland-vs-manchester-united,56,Hume,1,0.2,0.2,
25-26-prem-sunderland-vs-manchester-united,56,Cirkin,0,,0.2,
25-26-prem-sunderland-vs-manchester-united,56,O'Nien,0,0.2,0.2,
25-26-prem-sunderland-vs-manchester-united,56,Reinildo,1,,0.8,
25-26-prem-sunderland-vs-manchester-united,56,Diarra,0,,0.8,
25-26-prem-sunderland-vs-manchester-united,56,E.Le Fée,1,,0.2,
25-26-prem-sunderland-vs-manchester-united,56,Poveda,0,,0.8,
25-26-prem-sunderland-vs-manchester-united,56,Rigg,0,,0.2,
25-26-prem-sunderland-vs-manchester-united,56,Sadiki,1,,,
25-26-prem-sunderland-vs-manchester-united,56,Talbi,1,,,
25-26-prem-sunderland-vs-manchester-united,56,Ba,0,,0.8,
25-26-prem-sunderland-vs-manchester-united,56,H.Jones,0,,,
25-26-prem-sunderland-vs-manchester-united,56,Isidor,0,,0.2,
25-26-prem-sunderland-vs-manchester-united,56,Mayenda,0,,0.8,
25-26-prem-sunderland-vs-manchester-united,56,Xhaka,1,,,
25-26-prem-sunderland-vs-manchester-united,56,Alderete,1,,0.8,
25-26-prem-sunderland-vs-manchester-united,56,Mukiele,1,0.2,0.2,
25-26-prem-sunderland-vs-manchester-united,56,Geertruida,1,0.2,0.2,
25-26-prem-sunderland-vs-manchester-united,56,Brobbey,1,,0.2,
25-26-prem-sunderland-vs-manchester-united,56,Traoré,0,0.2,0.8,
25-26-prem-sunderland-vs-manchester-united,56,Jenson Jones,0,,,
25-26-prem-sunderland-vs-manchester-united,56,Jocelin.T,0,,,
25-26-prem-sunderland-vs-manchester-united,56,Whittaker,0,,0.8,
25-26-prem-sunderland-vs-manchester-united,56,Jones,0,,,
25-26-prem-sunderland-vs-manchester-united,56,Aleksić,0,,,
25-26-prem-sunderland-vs-manchester-united,1,Mbeumo,0,,0.2,
25-26-prem-sunderland-vs-manchester-united,1,Bayindir,0,,0.8,
25-26-prem-sunderland-vs-manchester-united,1,D.Leon,0,,,
25-26-prem-sunderland-vs-manchester-united,1,Dalot,0,,0.2,
25-26-prem-sunderland-vs-manchester-united,1,Dorgu,0,0.2,0.2,
25-26-prem-sunderland-vs-manchester-united,1,Maguire,1,,0.8,
25-26-prem-sunderland-vs-manchester-united,1,Shaw,1,,0.8,
25-26-prem-sunderland-vs-manchester-united,1,Yoro,0,,0.2,
25-26-prem-sunderland-vs-manchester-united,1,Fredricson,0,,,
25-26-prem-sunderland-vs-manchester-united,1,Heaven,0,0.7,,
25-26-prem-sunderland-vs-manchester-united,1,Malacia,0,,0.8,
25-26-prem-sunderland-vs-manchester-united,1,B.Fernandes,1,,0.0,
25-26-prem-sunderland-vs-manchester-united,1,Cunha,1,,0.2,
25-26-prem-sunderland-vs-manchester-united,1,Amad,1,0.8,0.2,
25-26-prem-sunderland-vs-manchester-united,1,Mount,1,0.8,0.8,
25-26-prem-sunderland-vs-manchester-united,1,Casemiro,0,,0.8,
25-26-prem-sunderland-vs-manchester-united,1,Ugarte,0,,0.2,
25-26-prem-sunderland-vs-manchester-united,1,Fitzgerald,0,,,
25-26-prem-sunderland-vs-manchester-united,1,J.Fletcher,0,,,
25-26-prem-sunderland-vs-manchester-united,1,Zirkzee,1,,0.8,
25-26-prem-sunderland-vs-manchester-united,1,Obi,0,,,
25-26-prem-sunderland-vs-manchester-united,1,Šeško,0,0.2,0.2,
25-26-prem-sunderland-vs-manchester-united,1,Lammens,1,,,
25-26-prem-sunderland-vs-manchester-united,1,Lacey,0,,,
25-26-prem-sunderland-vs-manchester-united,1,Bendito Mantato,0,,,
25-26-prem-sunderland-vs-manchester-united,1,Fletcher,0,,,
25-26-prem-sunderland-vs-manchester-united,1,Kukonki,0,,,
25-26-prem-sunderland-vs-manchester-united,1,Mainoo,1,,0.0,
25-26-prem-sunderland-vs-manchester-united,1,Thwaites,0,,,
25-26-prem-sunderland-vs-manchester-united,1,Heaton,0,,,
25-26-prem-sunderland-vs-manchester-united,1,Mee,0,,,
25-26-prem-sunderland-vs-manchester-united,1,Martinez,1,0.2,0.2,
25-26-prem-sunderland-vs-manchester-united,1,Mazraoui,1,,0.2,
25-26-prem-manchester-city-vs-brentford,43,Rodrigo,0,,0.2,
25-26-prem-manchester-city-vs-brentford,43,Kovačić,0,,0.8,
25-26-prem-manchester-city-vs-brentford,43,Khusanov,0,,,
25-26-prem-manchester-city-vs-brentford,43,Stones,0,,0.8,
25-26-prem-manchester-city-vs-brentford,43,Lewis,0,,0.8,
25-26-prem-manchester-city-vs-brentford,43,Bernardo,1,,0.2,
25-26-prem-manchester-city-vs-brentford,43,Cherki,1,,0.8,
25-26-prem-manchester-city-vs-brentford,43,N.Gonzalez,0,,0.8,
25-26-prem-manchester-city-vs-brentford,43,Heskey,0,,,
25-26-prem-manchester-city-vs-brentford,43,Alleyne,0,,,
25-26-prem-manchester-city-vs-brentford,43,Semenyo,1,,0.8,
25-26-prem-manchester-city-vs-brentford,43,Trafford,0,,,
25-26-prem-manchester-city-vs-brentford,43,Guéhi,1,,0.2,
25-26-prem-manchester-city-vs-brentford,43,Aït-Nouri,0,,0.2,
25-26-prem-manchester-city-vs-brentford,43,Gvardiol,0,,0.2,
25-26-prem-manchester-city-vs-brentford,43,Aké,1,,0.8,
25-26-prem-manchester-city-vs-brentford,43,Doku,1,,0.8,
25-26-prem-manchester-city-vs-brentford,43,Reijnders,1,,0.2,
25-26-prem-manchester-city-vs-brentford,43,Nypan,0,,0.8,
25-26-prem-manchester-city-vs-brentford,43,Haaland,1,,0.2,
25-26-prem-manchester-city-vs-brentford,43,Donnarumma,1,,0.2,
25-26-prem-manchester-city-vs-brentford,43,Gray,0,,,
25-26-prem-manchester-city-vs-brentford,43,Bettinelli,0,,,
25-26-prem-manchester-city-vs-brentford,43,McAidoo,0,,,
25-26-prem-manchester-city-vs-brentford,43,Matheus N.,1,,0.8,
25-26-prem-manchester-city-vs-brentford,43,Rúben,0,,0.2,
25-26-prem-manchester-city-vs-brentford,43,O'Reilly,1,,,
25-26-prem-manchester-city-vs-brentford,43,Marmoush,0,,0.8,
25-26-prem-manchester-city-vs-brentford,43,Foden,0,,0.2,
25-26-prem-manchester-city-vs-brentford,43,Savinho,0,,0.8,
25-26-prem-manchester-city-vs-brentford,94,Kelleher,1,,0.2,
25-26-prem-manchester-city-vs-brentford,94,Pinnock,0,,0.2,
25-26-prem-manchester-city-vs-brentford,94,Van den Berg,0,,0.2,
25-26-prem-manchester-city-vs-brentford,94,Nelson,0,,0.8,
25-26-prem-manchester-city-vs-brentford,94,O.Dango,0,,,
25-26-prem-manchester-city-vs-brentford,94,Balcombe,0,,,
25-26-prem-manchester-city-vs-brentford,94,Eyestone,0,,,
25-26-prem-manchester-city-vs-brentford,94,Valdimarsson,0,,,
25-26-prem-manchester-city-vs-brentford,94,Collins,1,,0.2,
25-26-prem-manchester-city-vs-brentford,94,Lewis-Potter,1,,0.2,
25-26-prem-manchester-city-vs-brentford,94,Ajer,1,,0.2,
25-26-prem-manchester-city-vs-brentford,94,Kayode,1,,,
25-26-prem-manchester-city-vs-brentford,94,Hickey,1,,0.8,
25-26-prem-manchester-city-vs-brentford,94,Schade,1,,0.8,
25-26-prem-manchester-city-vs-brentford,94,Damsgaard,1,,0.2,
25-26-prem-manchester-city-vs-brentford,94,Henderson,0,,,
25-26-prem-manchester-city-vs-brentford,94,Janelt,0,,0.2,
25-26-prem-manchester-city-vs-brentford,94,Jensen,1,,0.2,
25-26-prem-manchester-city-vs-brentford,94,Yarmoliuk,1,,0.8,
25-26-prem-manchester-city-vs-brentford,94,Donovan,0,,,
25-26-prem-manchester-city-vs-brentford,94,Thiago,1,,0.2,
25-26-prem-manchester-city-vs-brentford,94,Dasilva,0,,0.8,
25-26-prem-manchester-city-vs-brentford,94,Furo,0,,,
25-26-prem-manchester-city-vs-brentford,94,Bentt,0,,,
25-26-prem-manchester-city-vs-brentford,94,Shield,0,,,
25-26-prem-manchester-city-vs-brentford,94,Stephenson,0,,,
25-26-prem-manchester-city-vs-brentford,94,McManus,0,,,
25-26-prem-manchester-city-vs-brentford,94,Owen,0,,,
25-26-prem-burnley-vs-aston-villa,90,Hartman,0,,,
25-26-prem-burnley-vs-aston-villa,90,Hladký,0,,0.2,
25-26-prem-burnley-vs-aston-villa,90,Walker,1,,,
25-26-prem-burnley-vs-aston-villa,90,Ekdal,0,,0.2,
25-26-prem-burnley-vs-aston-villa,90,Estève,1,,0.0,
25-26-prem-burnley-vs-aston-villa,90,Humphreys,0,0.8,0.2,
25-26-prem-burnley-vs-aston-villa,90,Bruun Larsen,0,,0.8,
25-26-prem-burnley-vs-aston-villa,90,Boateng,0,,,
25-26-prem-burnley-vs-aston-villa,90,Edwards,0,0.8,,
25-26-prem-burnley-vs-aston-villa,90,Hannibal,1,0.2,0.8,
25-26-prem-burnley-vs-aston-villa,90,Laurent,0,,0.2,
25-26-prem-burnley-vs-aston-villa,90,Tchaouna,1,,0.2,
25-26-prem-burnley-vs-aston-villa,90,Trésor,0,,0.8,
25-26-prem-burnley-vs-aston-villa,90,Flemming,1,,0.2,
25-26-prem-burnley-vs-aston-villa,90,Amdouni,0,,0.2,
25-26-prem-burnley-vs-aston-villa,90,Foster,0,,0.2,
25-26-prem-burnley-vs-aston-villa,90,Barnes,0,,,
25-26-prem-burnley-vs-aston-villa,90,Dúbravka,0,,0.8,
25-26-prem-burnley-vs-aston-villa,90,Ward-Prowse,0,,0.0,
25-26-prem-burnley-vs-aston-villa,90,Ugochukwu,1,0.8,0.8,
25-26-prem-burnley-vs-aston-villa,90,Broja,0,,0.8,
25-26-prem-burnley-vs-aston-villa,90,Lucas Pires,1,,0.0,
25-26-prem-burnley-vs-aston-villa,90,Florentino,1,0.8,0.0,
25-26-prem-burnley-vs-aston-villa,90,Pimlott,0,,,
25-26-prem-burnley-vs-aston-villa,90,Brierley,0,,,
25-26-prem-burnley-vs-aston-villa,90,McMahon-Brown,0,,,
25-26-prem-burnley-vs-aston-villa,90,Weiss,1,,,
25-26-prem-burnley-vs-aston-villa,90,Tuanzebe,1,,0.2,
25-26-prem-burnley-vs-aston-villa,90,Worrall,0,,,
25-26-prem-burnley-vs-aston-villa,90,Anthony,1,,0.8,
25-26-prem-burnley-vs-aston-villa,7,Wright,0,,,
25-26-prem-burnley-vs-aston-villa,7,Douglas Luiz,0,0.8,,0.8
25-26-prem-burnley-vs-aston-villa,7,Burrowes,0,,,
25-26-prem-burnley-vs-aston-villa,7,Alysson,0,,,
25-26-prem-burnley-vs-aston-villa,7,Bogarde,0,0.8,0.8,0.8
25-26-prem-burnley-vs-aston-villa,7,Barkley,1,0.8,0.8,0.8
25-26-prem-burnley-vs-aston-villa,7,Proctor,0,,,
25-26-prem-burnley-vs-aston-villa,7,Cash,1,,0.2,
25-26-prem-burnley-vs-aston-villa,7,Digne,0,,0.8,
25-26-prem-burnley-vs-aston-villa,7,Konsa,1,,0.0,
25-26-prem-burnley-vs-aston-villa,7,Maatsen,1,,0.0,
25-26-prem-burnley-vs-aston-villa,7,Mings,1,,0.8,
25-26-prem-burnley-vs-aston-villa,7,Pau,0,,0.0,
25-26-prem-burnley-vs-aston-villa,7,A.García,0,,0.8,
25-26-prem-burnley-vs-aston-villa,7,Rogers,1,,0.2,
25-26-prem-burnley-vs-aston-villa,7,Tielemans,1,0.2,0.0,0.2
25-26-prem-burnley-vs-aston-villa,7,Bailey,0,,0.2,
25-26-prem-burnley-vs-aston-villa,7,Buendía,0,,0.8,
25-26-prem-burnley-vs-aston-villa,7,McGinn,1,,0.0,
25-26-prem-burnley-vs-aston-villa,7,Onana,0,,0.0,
25-26-prem-burnley-vs-aston-villa,7,Sancho,0,0.8,0.8,0.8
25-26-prem-burnley-vs-aston-villa,7,Patterson,0,,,
25-26-prem-burnley-vs-aston-villa,7,Lindelöf,1,0.8,0.8,0.8
25-26-prem-burnley-vs-aston-villa,7,George Hemmings,0,,,
25-26-prem-burnley-vs-aston-villa,7,Carroll,0,,,
25-26-prem-burnley-vs-aston-villa,7,Hollingshead,0,,,
25-26-prem-burnley-vs-aston-villa,7,Martinez,1,,0.0,
25-26-prem-burnley-vs-aston-villa,7,Leon Routh,0,,,
25-26-prem-burnley-vs-aston-villa,7,Abraham,0,0.8,0.8,0.8
25-26-prem-burnley-vs-aston-villa,7,Watkins,1,,0.0,
25-26-prem-burnley-vs-aston-villa,7,Elliott,0,,,
25-26-prem-burnley-vs-aston-villa,7,M.Bizot,0,,,
25-26-prem-nottingham-forest-vs-newcastle-united,17,Ndoye,0,0.8,,
25-26-prem-nottingham-forest-vs-newcastle-united,17,Gunn,0,,,
25-26-prem-nottingham-forest-vs-newcastle-united,17,Hutchinson,0,,,
25-26-prem-nottingham-forest-vs-newcastle-united,17,Ortega Moreno,0,,,
25-26-prem-nottingham-forest-vs-newcastle-united,17,McAtee,0,,,
25-26-prem-nottingham-forest-vs-newcastle-united,17,Sels,1,,0.0,
25-26-prem-nottingham-forest-vs-newcastle-united,17,Milenković,1,,0.0,
25-26-prem-nottingham-forest-vs-newcastle-united,17,Murillo,0,0.8,0.0,
25-26-prem-nottingham-forest-vs-newcastle-united,17,Aina,0,,0.0,
25-26-prem-nottingham-forest-vs-newcastle-united,17,N.Williams,1,,0.0,
25-26-prem-nottingham-forest-vs-newcastle-united,17,Jair Cunha,1,0.8,,
25-26-prem-nottingham-forest-vs-newcastle-united,17,Morato,1,,0.8,
25-26-prem-nottingham-forest-vs-newcastle-united,17,Gibbs-White,0,,0.0,
25-26-prem-nottingham-forest-vs-newcastle-united,17,Anderson,1,,0.8,
25-26-prem-nottingham-forest-vs-newcastle-united,17,Dominguez,1,,0.2,
25-26-prem-nottingham-forest-vs-newcastle-united,17,Sangaré,0,0.8,0.2,
25-26-prem-nottingham-forest-vs-newcastle-united,17,Yates,0,,0.0,
25-26-prem-nottingham-forest-vs-newcastle-united,17,Da Silva Moreira,0,,,
25-26-prem-nottingham-forest-vs-newcastle-united,17,Wood,0,,0.0,
25-26-prem-nottingham-forest-vs-newcastle-united,17,Igor Jesus,1,,0.8,
25-26-prem-nottingham-forest-vs-newcastle-united,17,Awoniyi,1,,0.8,
25-26-prem-nottingham-forest-vs-newcastle-united,17,Bakwa,1,,0.8,
25-26-prem-nottingham-forest-vs-newcastle-united,17,Lucca,0,,,
25-26-prem-nottingham-forest-vs-newcastle-united,17,Abbott,0,,,
25-26-prem-nottingham-forest-vs-newcastle-united,17,Netz,1,,0.8,
25-26-prem-nottingham-forest-vs-newcastle-united,4,Ruddy,0,,,
25-26-prem-nottingham-forest-vs-newcastle-united,4,Joelinton,1,,0.2,
25-26-prem-nottingham-forest-vs-newcastle-united,4,Tonali,1,,0.2,
25-26-prem-nottingham-forest-vs-newcastle-united,4,J.Ramsey,0,,,0.8
25-26-prem-nottingham-forest-vs-newcastle-united,4,Wissa,0,0.8,0.2,0.8
25-26-prem-nottingham-forest-vs-newcastle-united,4,Pope,1,,0.0,
25-26-prem-nottingham-forest-vs-newcastle-united,4,Gillespie,0,,,
25-26-prem-nottingham-forest-vs-newcastle-united,4,Hall,1,,0.2,0.8
25-26-prem-nottingham-forest-vs-newcastle-united,4,Trippier,0,0.2,0.2,
25-26-prem-nottingham-forest-vs-newcastle-united,4,A.Murphy,0,,,0.8
25-26-prem-nottingham-forest-vs-newcastle-united,4,Gordon,0,0.8,0.2,0.8
25-26-prem-nottingham-forest-vs-newcastle-united,4,Elanga,0,0.8,,0.8
25-26-prem-nottingham-forest-vs-newcastle-united,4,Barnes,0,0.8,0.8,0.8
25-26-prem-nottingham-forest-vs-newcastle-united,4,Osula,1,,0.8,
25-26-prem-nottingham-forest-vs-newcastle-united,4,Ramsdale,0,,0.7,0.8
25-26-prem-nottingham-forest-vs-newcastle-united,4,Thiaw,1,,0.2,
25-26-prem-nottingham-forest-vs-newcastle-united,4,Seung soo,0,,,
25-26-prem-nottingham-forest-vs-newcastle-united,4,Woltemade,1,0.8,,0.8
25-26-prem-nottingham-forest-vs-newcastle-united,4,Shahar,0,,,0.8
25-26-prem-nottingham-forest-vs-newcastle-united,4,Alabi,0,,,
25-26-prem-nottingham-forest-vs-newcastle-united,4,Willock,0,,0.8,
25-26-prem-nottingham-forest-vs-newcastle-united,4,Bruno G.,1,,0.0,
25-26-prem-nottingham-forest-vs-newcastle-united,4,J.Murphy,1,,0.8,
25-26-prem-nottingham-forest-vs-newcastle-united,4,Botman,1,,0.2,
25-26-prem-nottingham-forest-vs-newcastle-united,4,Burn,1,,0.8,
25-26-prem-nottingham-forest-vs-newcastle-united,4,Pivas,0,,,
25-26-prem-nottingham-forest-vs-newcastle-united,4,Neave,0,,,0.8
25-26-prem-crystal-palace-vs-everton,31,Rodney,0,,,
25-26-prem-crystal-palace-vs-everton,31,Mateta,0,,0.0,
25-26-prem-crystal-palace-vs-everton,31,Henderson,1,,0.0,
25-26-prem-crystal-palace-vs-everton,31,Benitez,0,,,
25-26-prem-crystal-palace-vs-everton,31,Matthews,0,,,
25-26-prem-crystal-palace-vs-everton,31,Canvot,1,,,
25-26-prem-crystal-palace-vs-everton,31,Muñoz,1,,0.0,
25-26-prem-crystal-palace-vs-everton,31,Lacroix,1,,0.0,
25-26-prem-crystal-palace-vs-everton,31,Mitchell,1,,0.0,
25-26-prem-crystal-palace-vs-everton,31,Sosa,0,,0.8,
25-26-prem-crystal-palace-vs-everton,31,Richards,1,,0.2,
25-26-prem-crystal-palace-vs-everton,31,Chadi Riad,0,,0.8,
25-26-prem-crystal-palace-vs-everton,31,Clyne,0,,0.8,
25-26-prem-crystal-palace-vs-everton,31,Kporha,0,,,
25-26-prem-crystal-palace-vs-everton,31,Sarr,1,,0.2,
25-26-prem-crystal-palace-vs-everton,31,Hughes,0,,0.8,
25-26-prem-crystal-palace-vs-everton,31,Kamada,1,,0.2,
25-26-prem-crystal-palace-vs-everton,31,Lerma,0,,0.2,
25-26-prem-crystal-palace-vs-everton,31,Wharton,1,,0.0,
25-26-prem-crystal-palace-vs-everton,31,Agbinone,0,,,
25-26-prem-crystal-palace-vs-everton,31,Devenny,0,,,
25-26-prem-crystal-palace-vs-everton,31,Uche,0,,,
25-26-prem-crystal-palace-vs-everton,31,Casey,0,,,
25-26-prem-crystal-palace-vs-everton,31,King,0,,,
25-26-prem-crystal-palace-vs-everton,31,Benamar,0,,,
25-26-prem-crystal-palace-vs-everton,31,Marsh,0,,,
25-26-prem-crystal-palace-vs-everton,31,Johnson,1,,,
25-26-prem-crystal-palace-vs-everton,31,Strand Larsen,1,,0.8,
25-26-prem-crystal-palace-vs-everton,31,Guessand,0,,,
25-26-prem-crystal-palace-vs-everton,31,Cardines,0,,,
25-26-prem-crystal-palace-vs-everton,31,Yeremy,0,,,
25-26-prem-crystal-palace-vs-everton,31,Drakes-Thomas,0,,,
25-26-prem-crystal-palace-vs-everton,11,George,0,,,
25-26-prem-crystal-palace-vs-everton,11,Pickford,1,,0.0,
25-26-prem-crystal-palace-vs-everton,11,Ndiaye,1,,0.0,
25-26-prem-crystal-palace-vs-everton,11,Graham,0,,,
25-26-prem-crystal-palace-vs-everton,11,Dewsbury-Hall,1,,0.2,
25-26-prem-crystal-palace-vs-everton,11,Travers,0,,,
25-26-prem-crystal-palace-vs-everton,11,Tarkowski,1,,0.0,
25-26-prem-crystal-palace-vs-everton,11,Mykolenko,1,,0.0,
25-26-prem-crystal-palace-vs-everton,11,O'Brien,1,,0.2,
25-26-prem-crystal-palace-vs-everton,11,Coleman,0,,0.8,
25-26-prem-crystal-palace-vs-everton,11,Keane,1,,0.8,
25-26-prem-crystal-palace-vs-everton,11,Patterson,0,,0.8,
25-26-prem-crystal-palace-vs-everton,11,Welch,0,,,
25-26-prem-crystal-palace-vs-everton,11,McNeil,0,,0.0,
25-26-prem-crystal-palace-vs-everton,11,Alcaraz,0,,,
25-26-prem-crystal-palace-vs-everton,11,Gana,0,1.0,0.2,
25-26-prem-crystal-palace-vs-everton,11,Garner,1,,0.2,
25-26-prem-crystal-palace-vs-everton,11,Iroegbunam,1,0.2,0.8,
25-26-prem-crystal-palace-vs-everton,11,Barry,0,0.8,,
25-26-prem-crystal-palace-vs-everton,11,Beto,1,0.8,0.2,
25-26-prem-crystal-palace-vs-everton,11,King,0,,,
25-26-prem-crystal-palace-vs-everton,11,Aznou,0,,,
25-26-prem-crystal-palace-vs-everton,11,Dibling,0,,0.8,
25-26-prem-crystal-palace-vs-everton,11,Röhl,1,,,
25-26-prem-crystal-palace-vs-everton,11,Bates,0,,,
25-26-prem-crystal-palace-vs-everton,11,Armstrong,0,,,
25-26-prem-crystal-palace-vs-everton,11,Ebere,0,,,
25-26-prem-west-ham-united-vs-arsenal,21,M.Fernandes,1,,,
25-26-prem-west-ham-united-vs-arsenal,21,Mayers,0,,,
25-26-prem-west-ham-united-vs-arsenal,21,Lamadrid,0,,,
25-26-prem-west-ham-united-vs-arsenal,21,Walker-Peters,0,,0.2,
25-26-prem-west-ham-united-vs-arsenal,21,Wilson,0,0.8,,
25-26-prem-west-ham-united-vs-arsenal,21,S.Magassa,0,,0.8,
25-26-prem-west-ham-united-vs-arsenal,21,Adama,0,,,
25-26-prem-west-ham-united-vs-arsenal,21,Areola,0,,0.2,
25-26-prem-west-ham-united-vs-arsenal,21,Diouf,1,,,
25-26-prem-west-ham-united-vs-arsenal,21,Kilman,0,,0.2,
25-26-prem-west-ham-united-vs-arsenal,21,Mavropanos,1,,0.8,
25-26-prem-west-ham-united-vs-arsenal,21,Scarles,0,,0.8,
25-26-prem-west-ham-united-vs-arsenal,21,Todibo,1,0.2,0.2,
25-26-prem-west-ham-united-vs-arsenal,21,Wan-Bissaka,1,0.8,0.2,
25-26-prem-west-ham-united-vs-arsenal,21,Souček,1,,0.2,
25-26-prem-west-ham-united-vs-arsenal,21,Summerville,1,,0.2,
25-26-prem-west-ham-united-vs-arsenal,21,Potts,0,,0.8,
25-26-prem-west-ham-united-vs-arsenal,21,Bowen,1,,0.2,
25-26-prem-west-ham-united-vs-arsenal,21,Fabianski,0,,0.7,
25-26-prem-west-ham-united-vs-arsenal,21,Disasi,1,,0.8,
25-26-prem-west-ham-united-vs-arsenal,21,Hermansen,1,,,
25-26-prem-west-ham-united-vs-arsenal,21,Golambeckis,0,,,
25-26-prem-west-ham-united-vs-arsenal,21,Mohamadou Kanté,0,,,
25-26-prem-west-ham-united-vs-arsenal,21,Pablo,0,0.8,,
25-26-prem-west-ham-united-vs-arsenal,21,Taty,1,,,
25-26-prem-west-ham-united-vs-arsenal,21,Herrick,0,,,
25-26-prem-west-ham-united-vs-arsenal,3,Madueke,0,,,
25-26-prem-west-ham-united-vs-arsenal,3,Harriman-Annous,0,,,
25-26-prem-west-ham-united-vs-arsenal,3,Clarke,0,,,
25-26-prem-west-ham-united-vs-arsenal,3,Trossard,1,,0.8,
25-26-prem-west-ham-united-vs-arsenal,3,Nichols,0,,,
25-26-prem-west-ham-united-vs-arsenal,3,G.Jesus,0,,0.8,
25-26-prem-west-ham-united-vs-arsenal,3,Lewis-Skelly,1,,0.8,
25-26-prem-west-ham-united-vs-arsenal,3,White,1,,0.0,
25-26-prem-west-ham-united-vs-arsenal,3,Nørgaard,0,,,
25-26-prem-west-ham-united-vs-arsenal,3,Zubimendi,0,,0.2,0.2
25-26-prem-west-ham-united-vs-arsenal,3,Havertz,0,,0.8,
25-26-prem-west-ham-united-vs-arsenal,3,Eze,1,,0.8,
25-26-prem-west-ham-united-vs-arsenal,3,Mosquera,0,,0.8,
25-26-prem-west-ham-united-vs-arsenal,3,Saka,1,,0.0,
25-26-prem-west-ham-united-vs-arsenal,3,Ødegaard,0,,0.0,0.2
25-26-prem-west-ham-united-vs-arsenal,3,Martinelli,0,,0.2,
25-26-prem-west-ham-united-vs-arsenal,3,Gyökeres,1,,0.2,
25-26-prem-west-ham-united-vs-arsenal,3,Dowman,0,,,
25-26-prem-west-ham-united-vs-arsenal,3,Hincapie,0,,0.8,0.2
25-26-prem-west-ham-united-vs-arsenal,3,Salmon,0,,,
25-26-prem-west-ham-united-vs-arsenal,3,Rice,1,,0.0,
25-26-prem-west-ham-united-vs-arsenal,3,Raya,1,,0.0,
25-26-prem-west-ham-united-vs-arsenal,3,Arrizabalaga,0,,0.7,
25-26-prem-west-ham-united-vs-arsenal,3,Setford,0,,0.7,
25-26-prem-west-ham-united-vs-arsenal,3,Gabriel,1,,0.0,
25-26-prem-west-ham-united-vs-arsenal,3,Saliba,1,,0.0,
25-26-prem-west-ham-united-vs-arsenal,3,Calafiori,1,,0.2,
25-26-prem-tottenham-hotspur-vs-leeds-united,6,Danso,1,,0.2,
25-26-prem-tottenham-hotspur-vs-leeds-united,6,Austin,0,,,
25-26-prem-tottenham-hotspur-vs-leeds-united,6,Kinsky,1,,,
25-26-prem-tottenham-hotspur-vs-leeds-united,6,Pedro Porro,1,,0.0,
25-26-prem-tottenham-hotspur-vs-leeds-united,6,Dragusin,0,,0.8,
25-26-prem-tottenham-hotspur-vs-leeds-united,6,Spence,0,0.8,0.8,
25-26-prem-tottenham-hotspur-vs-leeds-united,6,Udogie,1,,0.0,
25-26-prem-tottenham-hotspur-vs-leeds-united,6,Van de Ven,1,,0.0,
25-26-prem-tottenham-hotspur-vs-leeds-united,6,Maddison,0,,0.0,
25-26-prem-tottenham-hotspur-vs-leeds-united,6,Tel,1,,0.2,
25-26-prem-tottenham-hotspur-vs-leeds-united,6,Bentancur,1,0.2,0.2,
25-26-prem-tottenham-hotspur-vs-leeds-united,6,Bergvall,0,0.8,0.8,
25-26-prem-tottenham-hotspur-vs-leeds-united,6,Bissouma,0,0.8,0.2,
25-26-prem-tottenham-hotspur-vs-leeds-united,6,Gray,0,,0.8,
25-26-prem-tottenham-hotspur-vs-leeds-united,6,P.M.Sarr,0,,0.2,
25-26-prem-tottenham-hotspur-vs-leeds-united,6,Richarlison,1,0.2,0.8,
25-26-prem-tottenham-hotspur-vs-leeds-united,6,J.Palhinha,1,,0.2,
25-26-prem-tottenham-hotspur-vs-leeds-united,6,Kolo Muani,1,,0.2,
25-26-prem-tottenham-hotspur-vs-leeds-united,6,Byfield,0,,,
25-26-prem-tottenham-hotspur-vs-leeds-united,6,Rowswell,0,,,
25-26-prem-tottenham-hotspur-vs-leeds-united,6,Williams-Barnett,0,,,
25-26-prem-tottenham-hotspur-vs-leeds-united,6,Gallagher,1,,0.2,
25-26-prem-tottenham-hotspur-vs-leeds-united,6,Souza,0,,,
25-26-prem-tottenham-hotspur-vs-leeds-united,6,Kyerematen,0,,,
25-26-prem-tottenham-hotspur-vs-leeds-united,6,Wilson,0,,,
25-26-prem-tottenham-hotspur-vs-leeds-united,6,Olusesi,0,,,
25-26-prem-tottenham-hotspur-vs-leeds-united,6,Solanke,0,0.8,0.0,
25-26-prem-tottenham-hotspur-vs-leeds-united,2,Buonanotte,0,,0.2,
25-26-prem-tottenham-hotspur-vs-leeds-united,2,Meslier,0,,0.0,
25-26-prem-tottenham-hotspur-vs-leeds-united,2,Cairns,0,,0.8,
25-26-prem-tottenham-hotspur-vs-leeds-united,2,Darlow,1,,0.8,
25-26-prem-tottenham-hotspur-vs-leeds-united,2,Bogle,0,,0.2,
25-26-prem-tottenham-hotspur-vs-leeds-united,2,Struijk,1,0.8,0.0,
25-26-prem-tottenham-hotspur-vs-leeds-united,2,Bijol,1,,0.2,
25-26-prem-tottenham-hotspur-vs-leeds-united,2,Bornauw,0,0.2,0.8,
25-26-prem-tottenham-hotspur-vs-leeds-united,2,Rodon,1,,0.2,
25-26-prem-tottenham-hotspur-vs-leeds-united,2,Aaronson,1,0.2,0.2,
25-26-prem-tottenham-hotspur-vs-leeds-united,2,Gnonto,0,,0.0,
25-26-prem-tottenham-hotspur-vs-leeds-united,2,Nmecha,0,0.2,0.2,
25-26-prem-tottenham-hotspur-vs-leeds-united,2,Longstaff,0,,0.2,
25-26-prem-tottenham-hotspur-vs-leeds-united,2,Stach,1,,0.2,
25-26-prem-tottenham-hotspur-vs-leeds-united,2,Perri,0,,,
25-26-prem-tottenham-hotspur-vs-leeds-united,2,Calvert-Lewin,1,,0.2,
25-26-prem-tottenham-hotspur-vs-leeds-united,2,Justin,1,,0.8,
25-26-prem-tottenham-hotspur-vs-leeds-united,2,Chambers,0,,0.8,
25-26-prem-tottenham-hotspur-vs-leeds-united,2,Ampadu,1,,0.0,
25-26-prem-tottenham-hotspur-vs-leeds-united,2,Piroe,0,,0.8,
25-26-prem-tottenham-hotspur-vs-leeds-united,2,Tanaka,1,,0.8,
25-26-prem-tottenham-hotspur-vs-leeds-united,2,James,1,,0.8,
25-26-prem-tottenham-hotspur-vs-leeds-united,2,Byram,0,,0.8,
25-26-prem-manchester-city-vs-crystal-palace,43,Rodrigo,0,,0.2,
25-26-prem-manchester-city-vs-crystal-palace,43,Kovačić,0,,0.8,
25-26-prem-manchester-city-vs-crystal-palace,43,Khusanov,1,,,
25-26-prem-manchester-city-vs-crystal-palace,43,Stones,0,,0.8,
25-26-prem-manchester-city-vs-crystal-palace,43,Lewis,0,,0.8,
25-26-prem-manchester-city-vs-crystal-palace,43,Bernardo,1,,0.2,
25-26-prem-manchester-city-vs-crystal-palace,43,Cherki,0,,0.8,
25-26-prem-manchester-city-vs-crystal-palace,43,N.Gonzalez,0,,0.8,
25-26-prem-manchester-city-vs-crystal-palace,43,Heskey,0,,,
25-26-prem-manchester-city-vs-crystal-palace,43,Alleyne,0,,,
25-26-prem-manchester-city-vs-crystal-palace,43,Semenyo,1,,0.8,
25-26-prem-manchester-city-vs-crystal-palace,43,Trafford,0,,,
25-26-prem-manchester-city-vs-crystal-palace,43,Guéhi,1,,0.2,
25-26-prem-manchester-city-vs-crystal-palace,43,Aït-Nouri,1,,0.2,
25-26-prem-manchester-city-vs-crystal-palace,43,Gvardiol,1,,0.2,
25-26-prem-manchester-city-vs-crystal-palace,43,Aké,0,,0.8,
25-26-prem-manchester-city-vs-crystal-palace,43,Doku,0,,0.8,
25-26-prem-manchester-city-vs-crystal-palace,43,Reijnders,0,,0.2,
25-26-prem-manchester-city-vs-crystal-palace,43,Nypan,0,,0.8,
25-26-prem-manchester-city-vs-crystal-palace,43,Haaland,0,,0.2,
25-26-prem-manchester-city-vs-crystal-palace,43,Donnarumma,1,,0.2,
25-26-prem-manchester-city-vs-crystal-palace,43,Gray,0,,,
25-26-prem-manchester-city-vs-crystal-palace,43,Bettinelli,0,,,
25-26-prem-manchester-city-vs-crystal-palace,43,McAidoo,0,,,
25-26-prem-manchester-city-vs-crystal-palace,43,Matheus N.,1,,0.8,
25-26-prem-manchester-city-vs-crystal-palace,43,Rúben,0,,0.2,
25-26-prem-manchester-city-vs-crystal-palace,43,O'Reilly,0,,,
25-26-prem-manchester-city-vs-crystal-palace,43,Marmoush,1,,0.8,
25-26-prem-manchester-city-vs-crystal-palace,43,Foden,1,,0.2,
25-26-prem-manchester-city-vs-crystal-palace,43,Savinho,1,,0.8,
25-26-prem-manchester-city-vs-crystal-palace,31,Rodney,0,,,
25-26-prem-manchester-city-vs-crystal-palace,31,Mateta,1,,0.0,
25-26-prem-manchester-city-vs-crystal-palace,31,Henderson,1,,0.0,
25-26-prem-manchester-city-vs-crystal-palace,31,Benitez,0,,,
25-26-prem-manchester-city-vs-crystal-palace,31,Matthews,0,,,
25-26-prem-manchester-city-vs-crystal-palace,31,Canvot,1,,,
25-26-prem-manchester-city-vs-crystal-palace,31,Muñoz,1,,0.0,
25-26-prem-manchester-city-vs-crystal-palace,31,Lacroix,1,,0.0,
25-26-prem-manchester-city-vs-crystal-palace,31,Mitchell,1,,0.0,
25-26-prem-manchester-city-vs-crystal-palace,31,Sosa,0,,0.8,
25-26-prem-manchester-city-vs-crystal-palace,31,Richards,1,,0.2,
25-26-prem-manchester-city-vs-crystal-palace,31,Chadi Riad,0,,0.8,
25-26-prem-manchester-city-vs-crystal-palace,31,Clyne,0,,0.8,
25-26-prem-manchester-city-vs-crystal-palace,31,Kporha,0,,,
25-26-prem-manchester-city-vs-crystal-palace,31,Sarr,0,,0.2,
25-26-prem-manchester-city-vs-crystal-palace,31,Hughes,1,,0.8,
25-26-prem-manchester-city-vs-crystal-palace,31,Kamada,0,,0.2,
25-26-prem-manchester-city-vs-crystal-palace,31,Lerma,1,,0.2,
25-26-prem-manchester-city-vs-crystal-palace,31,Wharton,0,,0.0,
25-26-prem-manchester-city-vs-crystal-palace,31,Agbinone,0,,,
25-26-prem-manchester-city-vs-crystal-palace,31,Devenny,0,,,
25-26-prem-manchester-city-vs-crystal-palace,31,Uche,0,,,
25-26-prem-manchester-city-vs-crystal-palace,31,Casey,0,,,
25-26-prem-manchester-city-vs-crystal-palace,31,King,0,,,
25-26-prem-manchester-city-vs-crystal-palace,31,Benamar,0,,,
25-26-prem-manchester-city-vs-crystal-palace,31,Marsh,0,,,
25-26-prem-manchester-city-vs-crystal-palace,31,Johnson,1,,,
25-26-prem-manchester-city-vs-crystal-palace,31,Strand Larsen,0,,0.8,
25-26-prem-manchester-city-vs-crystal-palace,31,Guessand,0,,,
25-26-prem-manchester-city-vs-crystal-palace,31,Cardines,0,,,
25-26-prem-manchester-city-vs-crystal-palace,31,Yeremy,1,,,
25-26-prem-manchester-city-vs-crystal-palace,31,Drakes-Thomas,0,,,
25-26-prem-aston-villa-vs-liverpool,7,M.Bizot,0,,0.8,
25-26-prem-aston-villa-vs-liverpool,7,Patterson,0,,,
25-26-prem-aston-villa-vs-liverpool,7,Wright,0,,,
25-26-prem-aston-villa-vs-liverpool,7,Rogers,1,,0.2,
25-26-prem-aston-villa-vs-liverpool,7,Tielemans,1,,0.0,
25-26-prem-aston-villa-vs-liverpool,7,Bailey,0,,0.2,
25-26-prem-aston-villa-vs-liverpool,7,Buendía,1,,0.8,
25-26-prem-aston-villa-vs-liverpool,7,Barkley,0,,0.8,
25-26-prem-aston-villa-vs-liverpool,7,Burrowes,0,,,
25-26-prem-aston-villa-vs-liverpool,7,Abraham,0,,0.8,
25-26-prem-aston-villa-vs-liverpool,7,McGinn,1,,0.0,
25-26-prem-aston-villa-vs-liverpool,7,Proctor,0,,,
25-26-prem-aston-villa-vs-liverpool,7,Watkins,1,,0.0,
25-26-prem-aston-villa-vs-liverpool,7,Sancho,0,,0.8,
25-26-prem-aston-villa-vs-liverpool,7,Douglas Luiz,0,,0.8,
25-26-prem-aston-villa-vs-liverpool,7,Martinez,1,,0.0,
25-26-prem-aston-villa-vs-liverpool,7,Cash,1,,0.2,
25-26-prem-aston-villa-vs-liverpool,7,Digne,1,,0.8,
25-26-prem-aston-villa-vs-liverpool,7,Konsa,1,,0.0,
25-26-prem-aston-villa-vs-liverpool,7,Maatsen,0,,0.2,
25-26-prem-aston-villa-vs-liverpool,7,Mings,0,,0.8,
25-26-prem-aston-villa-vs-liverpool,7,Pau,1,,0.0,
25-26-prem-aston-villa-vs-liverpool,7,A.García,0,,0.8,
25-26-prem-aston-villa-vs-liverpool,7,Bogarde,0,,0.8,
25-26-prem-aston-villa-vs-liverpool,7,Lindelöf,1,,0.8,
25-26-prem-aston-villa-vs-liverpool,7,George Hemmings,0,,,
25-26-prem-aston-villa-vs-liverpool,7,Hollingshead,0,,,
25-26-prem-aston-villa-vs-liverpool,7,Leon Routh,0,,,
25-26-prem-aston-villa-vs-liverpool,7,Carroll,0,,,
25-26-prem-aston-villa-vs-liverpool,14,Woodman,0,,,
25-26-prem-aston-villa-vs-liverpool,14,Gomez,1,,0.8,
25-26-prem-aston-villa-vs-liverpool,14,Mac Allister,1,,0.0,
25-26-prem-aston-villa-vs-liverpool,14,Szoboszlai,1,,0.2,
25-26-prem-aston-villa-vs-liverpool,14,C.Jones,1,,0.8,
25-26-prem-aston-villa-vs-liverpool,14,Gravenberch,1,,0.8,
25-26-prem-aston-villa-vs-liverpool,14,A.Becker,0,,0.0,
25-26-prem-aston-villa-vs-liverpool,14,Mamardashvili,1,,0.8,
25-26-prem-aston-villa-vs-liverpool,14,Pécsi,0,,,
25-26-prem-aston-villa-vs-liverpool,14,Frimpong,0,,0.2,
25-26-prem-aston-villa-vs-liverpool,14,Kerkez,1,,0.8,
25-26-prem-aston-villa-vs-liverpool,14,Robertson,0,,0.2,
25-26-prem-aston-villa-vs-liverpool,14,Virgil,1,,0.0,
25-26-prem-aston-villa-vs-liverpool,14,Konaté,1,,0.2,
25-26-prem-aston-villa-vs-liverpool,14,Nallo,0,,,
25-26-prem-aston-villa-vs-liverpool,14,R.Williams,0,,,
25-26-prem-aston-villa-vs-liverpool,14,Ramsay,0,,,
25-26-prem-aston-villa-vs-liverpool,14,M.Salah,0,,0.0,
25-26-prem-aston-villa-vs-liverpool,14,Wirtz,0,,0.0,
25-26-prem-aston-villa-vs-liverpool,14,Gakpo,1,,0.2,
25-26-prem-aston-villa-vs-liverpool,14,Chiesa,0,,0.8,
25-26-prem-aston-villa-vs-liverpool,14,Nyoni,0,,,
25-26-prem-aston-villa-vs-liverpool,14,Isak,0,,0.0,
25-26-prem-aston-villa-vs-liverpool,14,Ngumoha,1,,,
25-26-prem-aston-villa-vs-liverpool,14,Morrison,0,,,
25-26-prem-aston-villa-vs-liverpool,14,Lucky,0,,,
25-26-prem-aston-villa-vs-liverpool,14,Wright,0,,,
25-26-prem-aston-villa-vs-liverpool,14,Ndiaye,0,,,
25-26-prem-manchester-united-vs-nottingham-forest,1,Dalot,1,,0.2,
25-26-prem-manchester-united-vs-nottingham-forest,1,Casemiro,1,,0.8,
25-26-prem-manchester-united-vs-nottingham-forest,1,Mainoo,1,,0.2,
25-26-prem-manchester-united-vs-nottingham-forest,1,Ugarte,0,,0.2,
25-26-prem-manchester-united-vs-nottingham-forest,1,Fitzgerald,0,,,
25-26-prem-manchester-united-vs-nottingham-forest,1,J.Fletcher,0,,,
25-26-prem-manchester-united-vs-nottingham-forest,1,Bendito Mantato,0,,,
25-26-prem-manchester-united-vs-nottingham-forest,1,Fletcher,0,,,
25-26-prem-manchester-united-vs-nottingham-forest,1,Thwaites,0,,,
25-26-prem-manchester-united-vs-nottingham-forest,1,Yoro,0,,0.2,
25-26-prem-manchester-united-vs-nottingham-forest,1,Fredricson,0,,,
25-26-prem-manchester-united-vs-nottingham-forest,1,Heaven,0,,,
25-26-prem-manchester-united-vs-nottingham-forest,1,Mbeumo,1,,0.2,
25-26-prem-manchester-united-vs-nottingham-forest,1,Bayindir,0,,0.8,
25-26-prem-manchester-united-vs-nottingham-forest,1,Heaton,0,,,
25-26-prem-manchester-united-vs-nottingham-forest,1,Mee,0,,,
25-26-prem-manchester-united-vs-nottingham-forest,1,Martinez,1,,0.2,
25-26-prem-manchester-united-vs-nottingham-forest,1,Mazraoui,0,,0.2,
25-26-prem-manchester-united-vs-nottingham-forest,1,D.Leon,0,,,
25-26-prem-manchester-united-vs-nottingham-forest,1,Dorgu,0,,0.2,
25-26-prem-manchester-united-vs-nottingham-forest,1,Maguire,1,,0.8,
25-26-prem-manchester-united-vs-nottingham-forest,1,Shaw,1,,0.8,
25-26-prem-manchester-united-vs-nottingham-forest,1,Malacia,0,,0.8,
25-26-prem-manchester-united-vs-nottingham-forest,1,B.Fernandes,1,,0.2,
25-26-prem-manchester-united-vs-nottingham-forest,1,Cunha,1,,0.2,
25-26-prem-manchester-united-vs-nottingham-forest,1,Amad,1,,0.2,
25-26-prem-manchester-united-vs-nottingham-forest,1,Mount,0,,0.8,
25-26-prem-manchester-united-vs-nottingham-forest,1,Zirkzee,0,,0.8,
25-26-prem-manchester-united-vs-nottingham-forest,1,Obi,0,,,
25-26-prem-manchester-united-vs-nottingham-forest,1,Šeško,0,,0.2,
25-26-prem-manchester-united-vs-nottingham-forest,1,Lammens,1,,,
25-26-prem-manchester-united-vs-nottingham-forest,1,Lacey,0,,,
25-26-prem-manchester-united-vs-nottingham-forest,1,Kukonki,0,,,
25-26-prem-manchester-united-vs-nottingham-forest,17,Gunn,0,,0.2,
25-26-prem-manchester-united-vs-nottingham-forest,17,Ortega Moreno,0,,0.8,
25-26-prem-manchester-united-vs-nottingham-forest,17,McAtee,0,0.8,0.2,
25-26-prem-manchester-united-vs-nottingham-forest,17,Sels,1,,0.8,
25-26-prem-manchester-united-vs-nottingham-forest,17,Jair Cunha,0,,0.2,
25-26-prem-manchester-united-vs-nottingham-forest,17,Morato,1,0.8,0.2,
25-26-prem-manchester-united-vs-nottingham-forest,17,Wood,1,0.2,0.2,
25-26-prem-manchester-united-vs-nottingham-forest,17,Igor Jesus,1,,0.8,
25-26-prem-manchester-united-vs-nottingham-forest,17,N.Williams,1,,0.2,
25-26-prem-manchester-united-vs-nottingham-forest,17,Abbott,0,,,
25-26-prem-manchester-united-vs-nottingham-forest,17,Gibbs-White,1,,0.2,
25-26-prem-manchester-united-vs-nottingham-forest,17,Milenković,1,,0.2,
25-26-prem-manchester-united-vs-nottingham-forest,17,Anderson,1,,0.8,
25-26-prem-manchester-united-vs-nottingham-forest,17,Dominguez,1,,0.2,
25-26-prem-manchester-united-vs-nottingham-forest,17,Sangaré,0,,0.8,
25-26-prem-manchester-united-vs-nottingham-forest,17,Yates,0,0.8,0.2,
25-26-prem-manchester-united-vs-nottingham-forest,17,Da Silva Moreira,0,,0.8,
25-26-prem-manchester-united-vs-nottingham-forest,17,Awoniyi,0,,0.8,
25-26-prem-manchester-united-vs-nottingham-forest,17,Ndoye,0,,0.8,
25-26-prem-manchester-united-vs-nottingham-forest,17,Hutchinson,1,0.8,0.8,
25-26-prem-manchester-united-vs-nottingham-forest,17,Bakwa,0,,0.8,
25-26-prem-manchester-united-vs-nottingham-forest,17,Lucca,0,,,
25-26-prem-manchester-united-vs-nottingham-forest,17,Netz,1,0.8,0.2,
25-26-prem-manchester-united-vs-nottingham-forest,17,Whitehall,0,,,
25-26-prem-manchester-united-vs-nottingham-forest,17,Sinclair,0,,,
25-26-prem-leeds-united-vs-brighton-hove-albion,2,Meslier,0,,0.0,
25-26-prem-leeds-united-vs-brighton-hove-albion,2,Cairns,0,,0.8,
25-26-prem-leeds-united-vs-brighton-hove-albion,2,Bijol,1,,0.2,
25-26-prem-leeds-united-vs-brighton-hove-albion,2,Darlow,1,,,
25-26-prem-leeds-united-vs-brighton-hove-albion,2,Byram,0,0.8,0.8,
25-26-prem-leeds-united-vs-brighton-hove-albion,2,Aaronson,1,,0.2,
25-26-prem-leeds-united-vs-brighton-hove-albion,2,Bogle,0,1.0,0.2,
25-26-prem-leeds-united-vs-brighton-hove-albion,2,Struijk,0,0.8,0.0,
25-26-prem-leeds-united-vs-brighton-hove-albion,2,Bornauw,1,,0.2,
25-26-prem-leeds-united-vs-brighton-hove-albion,2,Gudmundsson,0,1.0,0.8,
25-26-prem-leeds-united-vs-brighton-hove-albion,2,Rodon,1,,0.0,
25-26-prem-leeds-united-vs-brighton-hove-albion,2,Gnonto,0,0.8,0.0,
25-26-prem-leeds-united-vs-brighton-hove-albion,2,James,1,0.2,0.2,
25-26-prem-leeds-united-vs-brighton-hove-albion,2,Ampadu,1,0.8,0.0,
25-26-prem-leeds-united-vs-brighton-hove-albion,2,Tanaka,1,,0.2,
25-26-prem-leeds-united-vs-brighton-hove-albion,2,Piroe,0,,0.8,
25-26-prem-leeds-united-vs-brighton-hove-albion,2,Nmecha,0,,0.8,
25-26-prem-leeds-united-vs-brighton-hove-albion,2,Longstaff,0,,0.2,
25-26-prem-leeds-united-vs-brighton-hove-albion,2,Stach,1,,0.8,
25-26-prem-leeds-united-vs-brighton-hove-albion,2,Perri,0,,,
25-26-prem-leeds-united-vs-brighton-hove-albion,2,Calvert-Lewin,1,,0.2,
25-26-prem-leeds-united-vs-brighton-hove-albion,2,Justin,1,,0.8,
25-26-prem-leeds-united-vs-brighton-hove-albion,2,Chambers,0,,0.8,
25-26-prem-leeds-united-vs-brighton-hove-albion,2,Lienou,0,,,
25-26-prem-leeds-united-vs-brighton-hove-albion,2,Chadwick,0,,,
25-26-prem-leeds-united-vs-brighton-hove-albion,36,Tasker,0,,,
25-26-prem-leeds-united-vs-brighton-hove-albion,36,Milner,0,,0.8,
25-26-prem-leeds-united-vs-brighton-hove-albion,36,Georginio,0,,0.0,
25-26-prem-leeds-united-vs-brighton-hove-albion,36,Hinshelwood,1,,0.2,
25-26-prem-leeds-united-vs-brighton-hove-albion,36,Kostoulas,0,,,
25-26-prem-leeds-united-vs-brighton-hove-albion,36,Oriola,0,,,
25-26-prem-leeds-united-vs-brighton-hove-albion,36,Dunk,1,,0.0,
25-26-prem-leeds-united-vs-brighton-hove-albion,36,Van Hecke,1,,0.0,
25-26-prem-leeds-united-vs-brighton-hove-albion,36,Veltman,1,,0.2,
25-26-prem-leeds-united-vs-brighton-hove-albion,36,Baleba,1,,0.0,
25-26-prem-leeds-united-vs-brighton-hove-albion,36,Gomez,0,,0.8,
25-26-prem-leeds-united-vs-brighton-hove-albion,36,Welbeck,1,,0.0,
25-26-prem-leeds-united-vs-brighton-hove-albion,36,Steele,0,,0.8,
25-26-prem-leeds-united-vs-brighton-hove-albion,36,Verbruggen,1,,0.0,
25-26-prem-leeds-united-vs-brighton-hove-albion,36,McGill,0,,,
25-26-prem-leeds-united-vs-brighton-hove-albion,36,Boscagli,0,,0.8,
25-26-prem-leeds-united-vs-brighton-hove-albion,36,De Cuyper,1,,0.2,
25-26-prem-leeds-united-vs-brighton-hove-albion,36,F.Kadıoğlu,1,,0.2,
25-26-prem-leeds-united-vs-brighton-hove-albion,36,Igor,0,,0.8,
25-26-prem-leeds-united-vs-brighton-hove-albion,36,March,0,,0.8,
25-26-prem-leeds-united-vs-brighton-hove-albion,36,Minteh,1,,0.2,
25-26-prem-leeds-united-vs-brighton-hove-albion,36,O'Riley,0,,0.2,
25-26-prem-leeds-united-vs-brighton-hove-albion,36,Ayari,0,,0.8,
25-26-prem-leeds-united-vs-brighton-hove-albion,36,Wieffer,0,,0.2,
25-26-prem-leeds-united-vs-brighton-hove-albion,36,Simmonds,0,,,
25-26-prem-leeds-united-vs-brighton-hove-albion,36,Groß,1,,,
25-26-prem-leeds-united-vs-brighton-hove-albion,36,Howell,0,,,
25-26-prem-wolverhampton-wanderers-vs-fulham,39,Toti,0,0.8,0.2,
25-26-prem-wolverhampton-wanderers-vs-fulham,39,Chiwome,0,,0.8,
25-26-prem-wolverhampton-wanderers-vs-fulham,39,Pedro Lima,0,,0.8,
25-26-prem-wolverhampton-wanderers-vs-fulham,39,Bentley,0,,0.8,
25-26-prem-wolverhampton-wanderers-vs-fulham,39,Fraser,0,,0.8,
25-26-prem-wolverhampton-wanderers-vs-fulham,39,André,1,,0.2,
25-26-prem-wolverhampton-wanderers-vs-fulham,39,Bellegarde,0,,0.2,
25-26-prem-wolverhampton-wanderers-vs-fulham,39,José Sá,1,0.2,0.2,
25-26-prem-wolverhampton-wanderers-vs-fulham,39,Doherty,0,,0.8,
25-26-prem-wolverhampton-wanderers-vs-fulham,39,H.Bueno,0,,,
25-26-prem-wolverhampton-wanderers-vs-fulham,39,Mosquera,1,,0.2,
25-26-prem-wolverhampton-wanderers-vs-fulham,39,R.Gomes,1,0.2,0.2,
25-26-prem-wolverhampton-wanderers-vs-fulham,39,S.Bueno,1,,0.8,
25-26-prem-wolverhampton-wanderers-vs-fulham,39,Hee Chan,1,0.2,0.2,
25-26-prem-wolverhampton-wanderers-vs-fulham,39,Gonzalez,0,,,
25-26-prem-wolverhampton-wanderers-vs-fulham,39,Edozie,0,,0.8,
25-26-prem-wolverhampton-wanderers-vs-fulham,39,Olagunju,0,,,
25-26-prem-wolverhampton-wanderers-vs-fulham,39,Rawlings,0,,,
25-26-prem-wolverhampton-wanderers-vs-fulham,39,Sutherland,0,,0.8,
25-26-prem-wolverhampton-wanderers-vs-fulham,39,Abbey,0,,,
25-26-prem-wolverhampton-wanderers-vs-fulham,39,Angel,0,,,
25-26-prem-wolverhampton-wanderers-vs-fulham,39,Armstrong,1,,,
25-26-prem-wolverhampton-wanderers-vs-fulham,39,J.Gomes,1,,0.2,
25-26-prem-wolverhampton-wanderers-vs-fulham,39,Brooks,0,,,
25-26-prem-wolverhampton-wanderers-vs-fulham,39,Gracey,0,,,
25-26-prem-wolverhampton-wanderers-vs-fulham,39,Møller Wolfe,1,0.2,0.2,
25-26-prem-wolverhampton-wanderers-vs-fulham,39,Tchatchoua,0,,0.2,
25-26-prem-wolverhampton-wanderers-vs-fulham,39,Krejčí,1,0.8,,
25-26-prem-wolverhampton-wanderers-vs-fulham,39,Tolu,0,,,
25-26-prem-wolverhampton-wanderers-vs-fulham,39,Mané,1,,,
25-26-prem-wolverhampton-wanderers-vs-fulham,54,Lukić,1,,0.0,
25-26-prem-wolverhampton-wanderers-vs-fulham,54,Chukwueze,0,,0.2,
25-26-prem-wolverhampton-wanderers-vs-fulham,54,Kevin,0,0.8,,
25-26-prem-wolverhampton-wanderers-vs-fulham,54,Kusi-Asare,0,,,
25-26-prem-wolverhampton-wanderers-vs-fulham,54,Ridgeon,0,,,
25-26-prem-wolverhampton-wanderers-vs-fulham,54,Leno,1,,0.0,
25-26-prem-wolverhampton-wanderers-vs-fulham,54,Robinson,1,,0.0,
25-26-prem-wolverhampton-wanderers-vs-fulham,54,Bassey,1,,0.0,
25-26-prem-wolverhampton-wanderers-vs-fulham,54,Castagne,1,,0.8,
25-26-prem-wolverhampton-wanderers-vs-fulham,54,Diop,1,0.2,0.8,
25-26-prem-wolverhampton-wanderers-vs-fulham,54,J.Cuenca,0,,0.2,
25-26-prem-wolverhampton-wanderers-vs-fulham,54,Tete,0,,0.2,
25-26-prem-wolverhampton-wanderers-vs-fulham,54,Sessegnon,0,1.0,0.8,
25-26-prem-wolverhampton-wanderers-vs-fulham,54,Wilson,0,,0.8,
25-26-prem-wolverhampton-wanderers-vs-fulham,54,Berge,1,,0.0,
25-26-prem-wolverhampton-wanderers-vs-fulham,54,Cairney,0,,0.8,
25-26-prem-wolverhampton-wanderers-vs-fulham,54,King,0,,,
25-26-prem-wolverhampton-wanderers-vs-fulham,54,Reed,0,,0.8,
25-26-prem-wolverhampton-wanderers-vs-fulham,54,Raúl,0,,0.8,
25-26-prem-wolverhampton-wanderers-vs-fulham,54,Muniz,1,0.8,0.2,
25-26-prem-wolverhampton-wanderers-vs-fulham,54,Bobb,1,0.8,0.2,
25-26-prem-wolverhampton-wanderers-vs-fulham,54,Lecomte,0,,0.7,
25-26-prem-wolverhampton-wanderers-vs-fulham,54,McNally,0,,,
25-26-prem-wolverhampton-wanderers-vs-fulham,54,Amissah,0,,0.7,
25-26-prem-wolverhampton-wanderers-vs-fulham,54,Smith Rowe,1,,0.0,
25-26-prem-brentford-vs-crystal-palace,94,Hickey,0,0.2,0.8,
25-26-prem-brentford-vs-crystal-palace,94,Dasilva,0,,,
25-26-prem-brentford-vs-crystal-palace,94,Schade,0,,0.2,
25-26-prem-brentford-vs-crystal-palace,94,Damsgaard,1,,0.2,
25-26-prem-brentford-vs-crystal-palace,94,Thiago,1,,0.2,
25-26-prem-brentford-vs-crystal-palace,94,Nelson,0,,0.2,
25-26-prem-brentford-vs-crystal-palace,94,O.Dango,1,,,
25-26-prem-brentford-vs-crystal-palace,94,Kelleher,1,,0.0,
25-26-prem-brentford-vs-crystal-palace,94,Balcombe,0,,0.8,
25-26-prem-brentford-vs-crystal-palace,94,Eyestone,0,,,
25-26-prem-brentford-vs-crystal-palace,94,Valdimarsson,0,,0.8,
25-26-prem-brentford-vs-crystal-palace,94,Collins,1,,0.0,
25-26-prem-brentford-vs-crystal-palace,94,Lewis-Potter,1,,0.2,
25-26-prem-brentford-vs-crystal-palace,94,Ajer,1,,0.2,
25-26-prem-brentford-vs-crystal-palace,94,Kayode,1,,,
25-26-prem-brentford-vs-crystal-palace,94,Pinnock,0,,0.0,
25-26-prem-brentford-vs-crystal-palace,94,Van den Berg,0,,0.2,
25-26-prem-brentford-vs-crystal-palace,94,Henderson,0,0.2,,
25-26-prem-brentford-vs-crystal-palace,94,Janelt,1,0.2,0.0,
25-26-prem-brentford-vs-crystal-palace,94,Jensen,1,,0.2,
25-26-prem-brentford-vs-crystal-palace,94,Yarmoliuk,1,,0.8,
25-26-prem-brentford-vs-crystal-palace,94,Donovan,0,,,
25-26-prem-brentford-vs-crystal-palace,94,Furo,0,,,
25-26-prem-brentford-vs-crystal-palace,94,Bentt,0,,,
25-26-prem-brentford-vs-crystal-palace,94,Shield,0,,,
25-26-prem-brentford-vs-crystal-palace,94,Stephenson,0,,,
25-26-prem-brentford-vs-crystal-palace,94,McManus,0,,,
25-26-prem-brentford-vs-crystal-palace,94,Owen,0,,,
25-26-prem-brentford-vs-crystal-palace,31,Lacroix,1,,0.0,
25-26-prem-brentford-vs-crystal-palace,31,Mitchell,1,,0.0,
25-26-prem-brentford-vs-crystal-palace,31,Sosa,0,,0.8,
25-26-prem-brentford-vs-crystal-palace,31,Clyne,0,,0.8,
25-26-prem-brentford-vs-crystal-palace,31,Casey,0,,,
25-26-prem-brentford-vs-crystal-palace,31,Agbinone,0,,,
25-26-prem-brentford-vs-crystal-palace,31,Henderson,1,,0.0,
25-26-prem-brentford-vs-crystal-palace,31,Sarr,1,0.2,0.2,
25-26-prem-brentford-vs-crystal-palace,31,Matthews,0,,,
25-26-prem-brentford-vs-crystal-palace,31,Mateta,0,,0.0,
25-26-prem-brentford-vs-crystal-palace,31,Strand Larsen,1,,0.2,
25-26-prem-brentford-vs-crystal-palace,31,Guessand,0,0.8,,
25-26-prem-brentford-vs-crystal-palace,31,Rodney,0,,,
25-26-prem-brentford-vs-crystal-palace,31,Chadi Riad,1,,0.8,
25-26-prem-brentford-vs-crystal-palace,31,Kporha,0,,,
25-26-prem-brentford-vs-crystal-palace,31,Hughes,0,,0.8,
25-26-prem-brentford-vs-crystal-palace,31,Wharton,1,0.2,0.0,
25-26-prem-brentford-vs-crystal-palace,31,Benitez,0,,0.8,
25-26-prem-brentford-vs-crystal-palace,31,Muñoz,1,,0.0,
25-26-prem-brentford-vs-crystal-palace,31,Kamada,1,0.2,0.0,
25-26-prem-brentford-vs-crystal-palace,31,Lerma,0,,0.8,
25-26-prem-brentford-vs-crystal-palace,31,Devenny,0,,,
25-26-prem-brentford-vs-crystal-palace,31,Marsh,0,,,
25-26-prem-brentford-vs-crystal-palace,31,Johnson,0,,,
25-26-prem-brentford-vs-crystal-palace,31,Cardines,0,,,
25-26-prem-brentford-vs-crystal-palace,31,Yeremy,1,,,
25-26-prem-brentford-vs-crystal-palace,31,Canvot,1,,,
25-26-prem-brentford-vs-crystal-palace,31,Uche,0,,,
25-26-prem-brentford-vs-crystal-palace,31,Drakes-Thomas,0,,,
25-26-prem-brentford-vs-crystal-palace,31,King,0,,,
25-26-prem-brentford-vs-crystal-palace,31,Benamar,0,,,
25-26-prem-brentford-vs-crystal-palace,31,Richards,0,,0.0,
25-26-prem-everton-vs-sunderland,11,Bates,0,,,
25-26-prem-everton-vs-sunderland,11,Keane,1,,0.2,
25-26-prem-everton-vs-sunderland,11,Patterson,0,,0.8,
25-26-prem-everton-vs-sunderland,11,Tarkowski,1,,0.0,
25-26-prem-everton-vs-sunderland,11,Mykolenko,1,,0.0,
25-26-prem-everton-vs-sunderland,11,O'Brien,1,,0.8,
25-26-prem-everton-vs-sunderland,11,Gana,0,,0.2,
25-26-prem-everton-vs-sunderland,11,Garner,1,,0.2,
25-26-prem-everton-vs-sunderland,11,Ebere,0,,,
25-26-prem-everton-vs-sunderland,11,Welch,0,,,
25-26-prem-everton-vs-sunderland,11,Ndiaye,1,,0.0,
25-26-prem-everton-vs-sunderland,11,Aznou,0,,,
25-26-prem-everton-vs-sunderland,11,Dewsbury-Hall,1,,0.2,
25-26-prem-everton-vs-sunderland,11,George,0,,,
25-26-prem-everton-vs-sunderland,11,Pickford,1,,0.0,
25-26-prem-everton-vs-sunderland,11,Travers,0,,0.7,
25-26-prem-everton-vs-sunderland,11,Coleman,0,,0.8,
25-26-prem-everton-vs-sunderland,11,McNeil,0,,0.0,
25-26-prem-everton-vs-sunderland,11,Alcaraz,0,,0.8,
25-26-prem-everton-vs-sunderland,11,Iroegbunam,1,,0.8,
25-26-prem-everton-vs-sunderland,11,Armstrong,0,,,
25-26-prem-everton-vs-sunderland,11,Barry,0,,,
25-26-prem-everton-vs-sunderland,11,Beto,1,,0.2,
25-26-prem-everton-vs-sunderland,11,King,0,,,
25-26-prem-everton-vs-sunderland,11,Dibling,0,,0.8,
25-26-prem-everton-vs-sunderland,11,Röhl,1,,,
25-26-prem-everton-vs-sunderland,11,Graham,0,,,
25-26-prem-everton-vs-sunderland,56,Talbi,0,,0.2,
25-26-prem-everton-vs-sunderland,56,Brobbey,1,,0.2,
25-26-prem-everton-vs-sunderland,56,Xhaka,1,,0.2,
25-26-prem-everton-vs-sunderland,56,Roefs,1,,0.2,
25-26-prem-everton-vs-sunderland,56,Alderete,1,,0.2,
25-26-prem-everton-vs-sunderland,56,Moore,0,,0.8,
25-26-prem-everton-vs-sunderland,56,Hume,1,0.8,0.2,
25-26-prem-everton-vs-sunderland,56,Cirkin,0,,0.2,
25-26-prem-everton-vs-sunderland,56,O'Nien,0,,0.2,
25-26-prem-everton-vs-sunderland,56,Reinildo,1,,0.8,
25-26-prem-everton-vs-sunderland,56,Diarra,0,,0.2,
25-26-prem-everton-vs-sunderland,56,Aleksić,0,,0.8,
25-26-prem-everton-vs-sunderland,56,E.Le Fée,1,,0.2,
25-26-prem-everton-vs-sunderland,56,Poveda,0,,0.8,
25-26-prem-everton-vs-sunderland,56,Rigg,0,,0.2,
25-26-prem-everton-vs-sunderland,56,Sadiki,1,,0.8,
25-26-prem-everton-vs-sunderland,56,Ba,0,,0.8,
25-26-prem-everton-vs-sunderland,56,H.Jones,0,,,
25-26-prem-everton-vs-sunderland,56,Isidor,0,,0.2,
25-26-prem-everton-vs-sunderland,56,Mayenda,0,,0.8,
25-26-prem-everton-vs-sunderland,56,Abdullahi,0,,,
25-26-prem-everton-vs-sunderland,56,Mukiele,1,,0.2,
25-26-prem-everton-vs-sunderland,56,Geertruida,1,,0.2,
25-26-prem-everton-vs-sunderland,56,Traoré,0,0.8,0.8,
25-26-prem-everton-vs-sunderland,56,Jenson Jones,0,,,
25-26-prem-everton-vs-sunderland,56,Jocelin.T,0,,,
25-26-prem-everton-vs-sunderland,56,Ellborg,0,,,
25-26-prem-everton-vs-sunderland,56,Angulo,1,,0.8,
25-26-prem-everton-vs-sunderland,56,Whittaker,0,,0.8,
25-26-prem-everton-vs-sunderland,56,Jones,0,,0.8,
25-26-prem-newcastle-united-vs-west-ham-united,4,Pope,1,,0.2,
25-26-prem-newcastle-united-vs-west-ham-united,4,Tonali,1,0.0,0.2,
25-26-prem-newcastle-united-vs-west-ham-united,4,Gordon,0,0.8,0.2,
25-26-prem-newcastle-united-vs-west-ham-united,4,Elanga,0,,0.8,
25-26-prem-newcastle-united-vs-west-ham-united,4,J.Ramsey,1,,0.8,0.2
25-26-prem-newcastle-united-vs-west-ham-united,4,Wissa,0,,0.8,
25-26-prem-newcastle-united-vs-west-ham-united,4,Botman,1,,0.2,
25-26-prem-newcastle-united-vs-west-ham-united,4,Burn,0,,0.2,
25-26-prem-newcastle-united-vs-west-ham-united,4,Trippier,1,0.8,0.8,
25-26-prem-newcastle-united-vs-west-ham-united,4,A.Murphy,0,,,
25-26-prem-newcastle-united-vs-west-ham-united,4,Barnes,1,,0.8,
25-26-prem-newcastle-united-vs-west-ham-united,4,Bruno G.,1,0.0,0.2,
25-26-prem-newcastle-united-vs-west-ham-united,4,J.Murphy,0,,0.8,0.8
25-26-prem-newcastle-united-vs-west-ham-united,4,Joelinton,0,0.2,0.2,0.8
25-26-prem-newcastle-united-vs-west-ham-united,4,Willock,0,,0.8,
25-26-prem-newcastle-united-vs-west-ham-united,4,Osula,1,,0.8,
25-26-prem-newcastle-united-vs-west-ham-united,4,Neave,0,,,
25-26-prem-newcastle-united-vs-west-ham-united,4,Ramsdale,0,,0.8,
25-26-prem-newcastle-united-vs-west-ham-united,4,Thiaw,1,,0.2,
25-26-prem-newcastle-united-vs-west-ham-united,4,Seung soo,0,,,
25-26-prem-newcastle-united-vs-west-ham-united,4,Woltemade,1,,,0.8
25-26-prem-newcastle-united-vs-west-ham-united,4,Ruddy,0,,,
25-26-prem-newcastle-united-vs-west-ham-united,4,Shahar,0,,,
25-26-prem-newcastle-united-vs-west-ham-united,4,Alabi,0,,,
25-26-prem-newcastle-united-vs-west-ham-united,4,Gillespie,0,,,
25-26-prem-newcastle-united-vs-west-ham-united,4,Hall,1,0.2,0.2,
25-26-prem-newcastle-united-vs-west-ham-united,4,Pivas,0,,,
25-26-prem-newcastle-united-vs-west-ham-united,21,Fabianski,0,,0.8,
25-26-prem-newcastle-united-vs-west-ham-united,21,Disasi,1,,0.8,
25-26-prem-newcastle-united-vs-west-ham-united,21,Golambeckis,0,,,
25-26-prem-newcastle-united-vs-west-ham-united,21,Mohamadou Kanté,0,,,
25-26-prem-newcastle-united-vs-west-ham-united,21,Pablo,0,,,
25-26-prem-newcastle-united-vs-west-ham-united,21,Taty,0,,,
25-26-prem-newcastle-united-vs-west-ham-united,21,Lamadrid,0,,,
25-26-prem-newcastle-united-vs-west-ham-united,21,Herrick,0,,,
25-26-prem-newcastle-united-vs-west-ham-united,21,Walker-Peters,0,,0.2,
25-26-prem-newcastle-united-vs-west-ham-united,21,Wilson,1,,,
25-26-prem-newcastle-united-vs-west-ham-united,21,Hermansen,1,,,
25-26-prem-newcastle-united-vs-west-ham-united,21,M.Fernandes,1,,,
25-26-prem-newcastle-united-vs-west-ham-united,21,S.Magassa,0,,,
25-26-prem-newcastle-united-vs-west-ham-united,21,Adama,0,,0.8,
25-26-prem-newcastle-united-vs-west-ham-united,21,Areola,0,,0.2,
25-26-prem-newcastle-united-vs-west-ham-united,21,Diouf,1,,0.8,
25-26-prem-newcastle-united-vs-west-ham-united,21,Kilman,0,,0.2,
25-26-prem-newcastle-united-vs-west-ham-united,21,Mavropanos,1,,0.8,
25-26-prem-newcastle-united-vs-west-ham-united,21,Scarles,0,,,
25-26-prem-newcastle-united-vs-west-ham-united,21,Todibo,1,,0.2,
25-26-prem-newcastle-united-vs-west-ham-united,21,Wan-Bissaka,1,,0.2,
25-26-prem-newcastle-united-vs-west-ham-united,21,Souček,1,,0.2,
25-26-prem-newcastle-united-vs-west-ham-united,21,Summerville,1,,0.2,
25-26-prem-newcastle-united-vs-west-ham-united,21,Potts,0,,,
25-26-prem-newcastle-united-vs-west-ham-united,21,Bowen,1,,0.2,
25-26-prem-newcastle-united-vs-west-ham-united,21,Mayers,0,,,
25-26-prem-arsenal-vs-burnley,3,Raya,1,,0.0,
25-26-prem-arsenal-vs-burnley,3,Arrizabalaga,0,,0.8,
25-26-prem-arsenal-vs-burnley,3,Setford,0,,,
25-26-prem-arsenal-vs-burnley,3,Gabriel,1,,0.0,
25-26-prem-arsenal-vs-burnley,3,Saliba,1,,0.0,
25-26-prem-arsenal-vs-burnley,3,Calafiori,1,0.8,0.2,
25-26-prem-arsenal-vs-burnley,3,Lewis-Skelly,0,0.2,0.8,
25-26-prem-arsenal-vs-burnley,3,Clarke,0,,,
25-26-prem-arsenal-vs-burnley,3,Nichols,0,,,
25-26-prem-arsenal-vs-burnley,3,Saka,1,0.2,0.0,
25-26-prem-arsenal-vs-burnley,3,Ødegaard,1,0.2,0.0,
25-26-prem-arsenal-vs-burnley,3,Madueke,0,,0.8,
25-26-prem-arsenal-vs-burnley,3,Martinelli,0,,0.2,
25-26-prem-arsenal-vs-burnley,3,Harriman-Annous,0,,,
25-26-prem-arsenal-vs-burnley,3,Trossard,1,0.8,0.8,
25-26-prem-arsenal-vs-burnley,3,Rice,1,0.8,0.0,
25-26-prem-arsenal-vs-burnley,3,Nørgaard,0,,0.8,
25-26-prem-arsenal-vs-burnley,3,Zubimendi,0,0.7,0.2,
25-26-prem-arsenal-vs-burnley,3,Havertz,1,,0.0,
25-26-prem-arsenal-vs-burnley,3,G.Jesus,0,,0.8,
25-26-prem-arsenal-vs-burnley,3,Eze,1,0.8,0.2,
25-26-prem-arsenal-vs-burnley,3,Mosquera,1,0.2,0.8,
25-26-prem-arsenal-vs-burnley,3,Gyökeres,0,,0.2,
25-26-prem-arsenal-vs-burnley,3,Dowman,0,,,
25-26-prem-arsenal-vs-burnley,3,Hincapie,0,0.2,0.2,
25-26-prem-arsenal-vs-burnley,3,Salmon,0,,,
25-26-prem-arsenal-vs-burnley,90,Weiss,1,,,
25-26-prem-arsenal-vs-burnley,90,Walker,1,,,
25-26-prem-arsenal-vs-burnley,90,Tuanzebe,1,,0.2,
25-26-prem-arsenal-vs-burnley,90,Worrall,0,,,
25-26-prem-arsenal-vs-burnley,90,Hladký,0,,0.2,
25-26-prem-arsenal-vs-burnley,90,Edwards,0,,,
25-26-prem-arsenal-vs-burnley,90,Hannibal,1,0.8,0.2,
25-26-prem-arsenal-vs-burnley,90,Laurent,0,0.2,0.2,
25-26-prem-arsenal-vs-burnley,90,Boateng,0,,,
25-26-prem-arsenal-vs-burnley,90,Tchaouna,1,,0.2,
25-26-prem-arsenal-vs-burnley,90,Dúbravka,0,,0.8,
25-26-prem-arsenal-vs-burnley,90,Ward-Prowse,0,0.7,0.2,
25-26-prem-arsenal-vs-burnley,90,Ugochukwu,1,0.0,0.8,
25-26-prem-arsenal-vs-burnley,90,Broja,0,,0.8,
25-26-prem-arsenal-vs-burnley,90,Florentino,1,0.0,0.8,
25-26-prem-arsenal-vs-burnley,90,Ekdal,0,0.2,0.2,
25-26-prem-arsenal-vs-burnley,90,Estève,1,,0.2,
25-26-prem-arsenal-vs-burnley,90,Hartman,0,,1.0,
25-26-prem-arsenal-vs-burnley,90,Humphreys,0,0.2,0.2,
25-26-prem-arsenal-vs-burnley,90,Lucas Pires,1,,0.2,
25-26-prem-arsenal-vs-burnley,90,Anthony,1,,,
25-26-prem-arsenal-vs-burnley,90,Bruun Larsen,0,,0.8,
25-26-prem-arsenal-vs-burnley,90,Trésor,0,,0.8,
25-26-prem-arsenal-vs-burnley,90,Flemming,1,,0.2,
25-26-prem-arsenal-vs-burnley,90,Amdouni,0,,0.8,
25-26-prem-arsenal-vs-burnley,90,Foster,0,,0.2,
25-26-prem-arsenal-vs-burnley,90,Barnes,0,,,
25-26-prem-arsenal-vs-burnley,90,Pimlott,0,,,
25-26-prem-arsenal-vs-burnley,90,Brierley,0,,,
25-26-prem-arsenal-vs-burnley,90,McMahon-Brown,0,,,
25-26-prem-afc-bournemouth-vs-manchester-city,91,DaCosta,0,,,
25-26-prem-afc-bournemouth-vs-manchester-city,91,Enes Ünal,0,,0.8,
25-26-prem-afc-bournemouth-vs-manchester-city,91,Kroupi.Jr,1,,0.8,
25-26-prem-afc-bournemouth-vs-manchester-city,91,Rees-Dottin,0,,,
25-26-prem-afc-bournemouth-vs-manchester-city,91,Petrović,1,,0.8,
25-26-prem-afc-bournemouth-vs-manchester-city,91,McKenna,0,,0.0,
25-26-prem-afc-bournemouth-vs-manchester-city,91,Senesi,1,0.0,0.0,
25-26-prem-afc-bournemouth-vs-manchester-city,91,Smith,1,,0.8,
25-26-prem-afc-bournemouth-vs-manchester-city,91,Truffert,1,,0.2,
25-26-prem-afc-bournemouth-vs-manchester-city,91,Akinmboni,0,,,
25-26-prem-afc-bournemouth-vs-manchester-city,91,Bevan,0,,,
25-26-prem-afc-bournemouth-vs-manchester-city,91,Hill,1,,0.8,
25-26-prem-afc-bournemouth-vs-manchester-city,91,Kluivert,0,,0.2,
25-26-prem-afc-bournemouth-vs-manchester-city,91,Tavernier,1,,0.2,
25-26-prem-afc-bournemouth-vs-manchester-city,91,Adams,1,0.2,0.2,
25-26-prem-afc-bournemouth-vs-manchester-city,91,Brooks,0,,0.8,
25-26-prem-afc-bournemouth-vs-manchester-city,91,Cook,0,0.8,0.0,
25-26-prem-afc-bournemouth-vs-manchester-city,91,Scott,1,,0.8,
25-26-prem-afc-bournemouth-vs-manchester-city,91,Evanilson,1,,0.0,
25-26-prem-afc-bournemouth-vs-manchester-city,91,Gannon-Doak,0,,,
25-26-prem-afc-bournemouth-vs-manchester-city,91,Diakité,0,,0.8,
25-26-prem-afc-bournemouth-vs-manchester-city,91,Adli,0,,0.8,
25-26-prem-afc-bournemouth-vs-manchester-city,91,Milosavljević,0,,,
25-26-prem-afc-bournemouth-vs-manchester-city,91,Forster,0,,0.8,
25-26-prem-afc-bournemouth-vs-manchester-city,91,Stevens,0,,0.8,
25-26-prem-afc-bournemouth-vs-manchester-city,91,Tóth.A,0,,,
25-26-prem-afc-bournemouth-vs-manchester-city,91,Mandas,0,,0.2,
25-26-prem-afc-bournemouth-vs-manchester-city,91,Rayan,1,,,
25-26-prem-afc-bournemouth-vs-manchester-city,91,Soler,0,,0.2,
25-26-prem-afc-bournemouth-vs-manchester-city,43,Guéhi,1,,0.2,
25-26-prem-afc-bournemouth-vs-manchester-city,43,Gray,0,,,
25-26-prem-afc-bournemouth-vs-manchester-city,43,Semenyo,1,,,
25-26-prem-afc-bournemouth-vs-manchester-city,43,Trafford,0,,,
25-26-prem-afc-bournemouth-vs-manchester-city,43,Bettinelli,0,,,
25-26-prem-afc-bournemouth-vs-manchester-city,43,Aït-Nouri,0,,0.2,
25-26-prem-afc-bournemouth-vs-manchester-city,43,Gvardiol,0,,0.2,
25-26-prem-afc-bournemouth-vs-manchester-city,43,Aké,0,,0.8,
25-26-prem-afc-bournemouth-vs-manchester-city,43,Khusanov,1,,,
25-26-prem-afc-bournemouth-vs-manchester-city,43,Matheus N.,1,,0.8,
25-26-prem-afc-bournemouth-vs-manchester-city,43,Rúben,0,,0.2,
25-26-prem-afc-bournemouth-vs-manchester-city,43,Stones,0,,0.8,
25-26-prem-afc-bournemouth-vs-manchester-city,43,Lewis,0,,0.8,
25-26-prem-afc-bournemouth-vs-manchester-city,43,O'Reilly,1,,,
25-26-prem-afc-bournemouth-vs-manchester-city,43,Marmoush,0,,0.8,
25-26-prem-afc-bournemouth-vs-manchester-city,43,Foden,0,,0.0,
25-26-prem-afc-bournemouth-vs-manchester-city,43,Savinho,0,,0.2,
25-26-prem-afc-bournemouth-vs-manchester-city,43,Bernardo,1,,0.2,
25-26-prem-afc-bournemouth-vs-manchester-city,43,Cherki,0,,0.8,
25-26-prem-afc-bournemouth-vs-manchester-city,43,Doku,1,,0.8,
25-26-prem-afc-bournemouth-vs-manchester-city,43,Rodrigo,1,,0.0,
25-26-prem-afc-bournemouth-vs-manchester-city,43,Kovačić,1,,0.8,
25-26-prem-afc-bournemouth-vs-manchester-city,43,N.Gonzalez,0,,0.8,
25-26-prem-afc-bournemouth-vs-manchester-city,43,Reijnders,0,,0.2,
25-26-prem-afc-bournemouth-vs-manchester-city,43,Nypan,0,,,
25-26-prem-afc-bournemouth-vs-manchester-city,43,Haaland,1,,0.0,
25-26-prem-afc-bournemouth-vs-manchester-city,43,Donnarumma,1,,0.0,
25-26-prem-afc-bournemouth-vs-manchester-city,43,McAidoo,0,,,
25-26-prem-afc-bournemouth-vs-manchester-city,43,Heskey,0,,,
25-26-prem-afc-bournemouth-vs-manchester-city,43,Alleyne,0,,,
25-26-prem-chelsea-vs-tottenham-hotspur,8,Enzo,1,,0.2,
25-26-prem-chelsea-vs-tottenham-hotspur,8,Emenalo,0,,,
25-26-prem-chelsea-vs-tottenham-hotspur,8,Merrick,0,,,
25-26-prem-chelsea-vs-tottenham-hotspur,8,Sharman-Lowe,0,,,
25-26-prem-chelsea-vs-tottenham-hotspur,8,Hato,1,,0.2,
25-26-prem-chelsea-vs-tottenham-hotspur,8,Eboué,0,,,
25-26-prem-chelsea-vs-tottenham-hotspur,8,Kavuma-McQueen,0,,,
25-26-prem-chelsea-vs-tottenham-hotspur,8,João Pedro,0,,,
25-26-prem-chelsea-vs-tottenham-hotspur,8,Delap,1,,0.8,
25-26-prem-chelsea-vs-tottenham-hotspur,8,Lavia,0,,0.2,
25-26-prem-chelsea-vs-tottenham-hotspur,8,Sánchez,1,0.2,0.2,
25-26-prem-chelsea-vs-tottenham-hotspur,8,Jörgensen,0,,0.8,
25-26-prem-chelsea-vs-tottenham-hotspur,8,Slonina,0,,,
25-26-prem-chelsea-vs-tottenham-hotspur,8,Cucurella,1,,0.2,
25-26-prem-chelsea-vs-tottenham-hotspur,8,James,0,0.8,0.2,
25-26-prem-chelsea-vs-tottenham-hotspur,8,Chalobah,0,,0.7,
25-26-prem-chelsea-vs-tottenham-hotspur,8,Colwill,0,0.8,0.2,
25-26-prem-chelsea-vs-tottenham-hotspur,8,Gusto,0,,0.8,
25-26-prem-chelsea-vs-tottenham-hotspur,8,B.Badiashile,0,,0.8,
25-26-prem-chelsea-vs-tottenham-hotspur,8,Fofana,1,,0.2,
25-26-prem-chelsea-vs-tottenham-hotspur,8,M.Sarr,0,,0.7,
25-26-prem-chelsea-vs-tottenham-hotspur,8,Tosin,0,,0.8,
25-26-prem-chelsea-vs-tottenham-hotspur,8,Acheampong,1,,,
25-26-prem-chelsea-vs-tottenham-hotspur,8,Palmer,1,,0.2,
25-26-prem-chelsea-vs-tottenham-hotspur,8,Neto,1,0.8,0.2,
25-26-prem-chelsea-vs-tottenham-hotspur,8,Gittens,0,,0.8,
25-26-prem-chelsea-vs-tottenham-hotspur,8,Caicedo,1,,0.2,
25-26-prem-chelsea-vs-tottenham-hotspur,8,Andrey Santos,1,,0.8,
25-26-prem-chelsea-vs-tottenham-hotspur,8,D.Essugo,0,,,
25-26-prem-chelsea-vs-tottenham-hotspur,8,Marc Guiu,0,,0.8,
25-26-prem-chelsea-vs-tottenham-hotspur,8,Garnacho,0,0.8,0.2,
25-26-prem-chelsea-vs-tottenham-hotspur,6,Olusesi,0,,,
25-26-prem-chelsea-vs-tottenham-hotspur,6,Solanke,0,1.0,0.0,
25-26-prem-chelsea-vs-tottenham-hotspur,6,Richarlison,1,,0.8,
25-26-prem-chelsea-vs-tottenham-hotspur,6,J.Palhinha,1,,0.2,
25-26-prem-chelsea-vs-tottenham-hotspur,6,Kolo Muani,1,,0.2,
25-26-prem-chelsea-vs-tottenham-hotspur,6,Byfield,0,,,
25-26-prem-chelsea-vs-tottenham-hotspur,6,Williams-Barnett,0,,,
25-26-prem-chelsea-vs-tottenham-hotspur,6,Gallagher,1,0.2,0.2,
25-26-prem-chelsea-vs-tottenham-hotspur,6,Souza,0,,,
25-26-prem-chelsea-vs-tottenham-hotspur,6,Danso,1,,,
25-26-prem-chelsea-vs-tottenham-hotspur,6,Tel,1,,0.2,
25-26-prem-chelsea-vs-tottenham-hotspur,6,Bentancur,1,,0.8,
25-26-prem-chelsea-vs-tottenham-hotspur,6,Maddison,0,,0.0,
25-26-prem-chelsea-vs-tottenham-hotspur,6,Vicario,0,0.2,0.0,
25-26-prem-chelsea-vs-tottenham-hotspur,6,Austin,0,,,
25-26-prem-chelsea-vs-tottenham-hotspur,6,Kinsky,1,,,
25-26-prem-chelsea-vs-tottenham-hotspur,6,Pedro Porro,1,,0.0,
25-26-prem-chelsea-vs-tottenham-hotspur,6,Dragusin,0,,0.2,
25-26-prem-chelsea-vs-tottenham-hotspur,6,Spence,0,,0.8,
25-26-prem-chelsea-vs-tottenham-hotspur,6,Udogie,1,,0.0,
25-26-prem-chelsea-vs-tottenham-hotspur,6,Van de Ven,1,,0.0,
25-26-prem-chelsea-vs-tottenham-hotspur,6,Bergvall,0,,0.8,
25-26-prem-chelsea-vs-tottenham-hotspur,6,Bissouma,0,,0.8,
25-26-prem-chelsea-vs-tottenham-hotspur,6,Gray,0,,0.8,
25-26-prem-chelsea-vs-tottenham-hotspur,6,P.M.Sarr,0,,0.8,
25-26-prem-chelsea-vs-tottenham-hotspur,6,Rowswell,0,,,
25-26-prem-chelsea-vs-tottenham-hotspur,6,Kyerematen,0,,,
25-26-prem-chelsea-vs-tottenham-hotspur,6,Wilson,0,,,
25-26-prem-burnley-vs-wolverhampton-wanderers,90,Weiss,1,,,
25-26-prem-burnley-vs-wolverhampton-wanderers,90,Hladký,0,,0.2,
25-26-prem-burnley-vs-wolverhampton-wanderers,90,Roberts,0,,0.2,
25-26-prem-burnley-vs-wolverhampton-wanderers,90,Walker,1,,,
25-26-prem-burnley-vs-wolverhampton-wanderers,90,Lucas Pires,1,,0.2,
25-26-prem-burnley-vs-wolverhampton-wanderers,90,Tuanzebe,1,,0.2,
25-26-prem-burnley-vs-wolverhampton-wanderers,90,Worrall,0,,,
25-26-prem-burnley-vs-wolverhampton-wanderers,90,Anthony,1,,,
25-26-prem-burnley-vs-wolverhampton-wanderers,90,Bruun Larsen,0,0.2,0.8,
25-26-prem-burnley-vs-wolverhampton-wanderers,90,Edwards,0,0.2,,
25-26-prem-burnley-vs-wolverhampton-wanderers,90,Hannibal,1,,0.2,
25-26-prem-burnley-vs-wolverhampton-wanderers,90,Laurent,0,0.2,0.2,
25-26-prem-burnley-vs-wolverhampton-wanderers,90,Tchaouna,1,,0.8,
25-26-prem-burnley-vs-wolverhampton-wanderers,90,Trésor,0,,,
25-26-prem-burnley-vs-wolverhampton-wanderers,90,Flemming,1,,0.2,
25-26-prem-burnley-vs-wolverhampton-wanderers,90,Amdouni,0,0.2,0.2,
25-26-prem-burnley-vs-wolverhampton-wanderers,90,Foster,0,,0.2,
25-26-prem-burnley-vs-wolverhampton-wanderers,90,Broja,0,,0.8,
25-26-prem-burnley-vs-wolverhampton-wanderers,90,Florentino,1,,0.8,
25-26-prem-burnley-vs-wolverhampton-wanderers,90,Ekdal,0,,0.8,
25-26-prem-burnley-vs-wolverhampton-wanderers,90,Estève,0,,0.2,
25-26-prem-burnley-vs-wolverhampton-wanderers,90,Hartman,0,0.2,,
25-26-prem-burnley-vs-wolverhampton-wanderers,90,Humphreys,1,0.2,,
25-26-prem-burnley-vs-wolverhampton-wanderers,90,Barnes,0,0.8,,
25-26-prem-burnley-vs-wolverhampton-wanderers,90,Brierley,0,,,
25-26-prem-burnley-vs-wolverhampton-wanderers,90,Pimlott,0,,,
25-26-prem-burnley-vs-wolverhampton-wanderers,90,Dúbravka,0,,,
25-26-prem-burnley-vs-wolverhampton-wanderers,90,Ward-Prowse,0,,0.2,
25-26-prem-burnley-vs-wolverhampton-wanderers,90,Ugochukwu,1,,0.8,
25-26-prem-burnley-vs-wolverhampton-wanderers,90,McMahon-Brown,0,,,
25-26-prem-burnley-vs-wolverhampton-wanderers,90,Boateng,0,,,
25-26-prem-burnley-vs-wolverhampton-wanderers,39,Bellegarde,0,,0.2,
25-26-prem-burnley-vs-wolverhampton-wanderers,39,Gracey,0,,,
25-26-prem-burnley-vs-wolverhampton-wanderers,39,Fraser,0,,,
25-26-prem-burnley-vs-wolverhampton-wanderers,39,Møller Wolfe,1,,0.2,
25-26-prem-burnley-vs-wolverhampton-wanderers,39,H.Bueno,0,0.2,0.8,
25-26-prem-burnley-vs-wolverhampton-wanderers,39,Rawlings,0,,,
25-26-prem-burnley-vs-wolverhampton-wanderers,39,Edozie,0,,0.8,
25-26-prem-burnley-vs-wolverhampton-wanderers,39,Gonzalez,0,,,
25-26-prem-burnley-vs-wolverhampton-wanderers,39,Brooks,0,,,
25-26-prem-burnley-vs-wolverhampton-wanderers,39,Hee Chan,1,,0.2,
25-26-prem-burnley-vs-wolverhampton-wanderers,39,André,1,,0.2,
25-26-prem-burnley-vs-wolverhampton-wanderers,39,J.Gomes,0,,0.2,
25-26-prem-burnley-vs-wolverhampton-wanderers,39,Toti,0,,0.2,
25-26-prem-burnley-vs-wolverhampton-wanderers,39,Pedro Lima,0,0.2,0.2,
25-26-prem-burnley-vs-wolverhampton-wanderers,39,Chiwome,0,,0.8,
25-26-prem-burnley-vs-wolverhampton-wanderers,39,Tchatchoua,0,0.2,0.2,
25-26-prem-burnley-vs-wolverhampton-wanderers,39,Krejčí,1,,0.8,
25-26-prem-burnley-vs-wolverhampton-wanderers,39,Tolu,0,,,
25-26-prem-burnley-vs-wolverhampton-wanderers,39,José Sá,1,,0.2,
25-26-prem-burnley-vs-wolverhampton-wanderers,39,Bentley,0,,0.8,
25-26-prem-burnley-vs-wolverhampton-wanderers,39,Mosquera,1,,0.2,
25-26-prem-burnley-vs-wolverhampton-wanderers,39,R.Gomes,1,0.8,0.2,
25-26-prem-burnley-vs-wolverhampton-wanderers,39,S.Bueno,1,,0.2,
25-26-prem-burnley-vs-wolverhampton-wanderers,39,Mané,1,,,
25-26-prem-burnley-vs-wolverhampton-wanderers,39,Sutherland,0,,,
25-26-prem-burnley-vs-wolverhampton-wanderers,39,Abbey,0,,,
25-26-prem-burnley-vs-wolverhampton-wanderers,39,Angel,1,,,
25-26-prem-burnley-vs-wolverhampton-wanderers,39,Armstrong,1,,,
25-26-prem-burnley-vs-wolverhampton-wanderers,39,Olagunju,0,,,
25-26-prem-manchester-city-vs-aston-villa,43,Semenyo,1,,,
25-26-prem-manchester-city-vs-aston-villa,43,Trafford,1,,,
25-26-prem-manchester-city-vs-aston-villa,43,Guéhi,0,,0.0,
25-26-prem-manchester-city-vs-aston-villa,43,Bettinelli,0,,,
25-26-prem-manchester-city-vs-aston-villa,43,Aït-Nouri,0,,0.2,
25-26-prem-manchester-city-vs-aston-villa,43,Gvardiol,0,,0.0,
25-26-prem-manchester-city-vs-aston-villa,43,Aké,1,,0.8,
25-26-prem-manchester-city-vs-aston-villa,43,Khusanov,0,,,
25-26-prem-manchester-city-vs-aston-villa,43,Matheus N.,0,,0.8,
25-26-prem-manchester-city-vs-aston-villa,43,Rúben,1,,0.0,
25-26-prem-manchester-city-vs-aston-villa,43,Stones,1,0.2,0.8,
25-26-prem-manchester-city-vs-aston-villa,43,Lewis,1,,0.8,
25-26-prem-manchester-city-vs-aston-villa,43,O'Reilly,0,,,
25-26-prem-manchester-city-vs-aston-villa,43,Bernardo,1,0.2,0.2,
25-26-prem-manchester-city-vs-aston-villa,43,Cherki,0,0.8,0.8,
25-26-prem-manchester-city-vs-aston-villa,43,Doku,0,,0.8,
25-26-prem-manchester-city-vs-aston-villa,43,Rodrigo,0,,0.0,
25-26-prem-manchester-city-vs-aston-villa,43,Kovačić,0,,0.8,
25-26-prem-manchester-city-vs-aston-villa,43,N.Gonzalez,1,,,
25-26-prem-manchester-city-vs-aston-villa,43,Reijnders,1,,0.2,
25-26-prem-manchester-city-vs-aston-villa,43,Haaland,0,0.8,0.0,
25-26-prem-manchester-city-vs-aston-villa,43,Donnarumma,0,,0.0,
25-26-prem-manchester-city-vs-aston-villa,43,Gray,0,,,
25-26-prem-manchester-city-vs-aston-villa,43,Heskey,0,,,
25-26-prem-manchester-city-vs-aston-villa,43,Alleyne,0,,,
25-26-prem-manchester-city-vs-aston-villa,43,Nypan,0,,,
25-26-prem-manchester-city-vs-aston-villa,43,McAidoo,0,,,
25-26-prem-manchester-city-vs-aston-villa,43,Marmoush,0,0.8,0.2,
25-26-prem-manchester-city-vs-aston-villa,43,Foden,1,0.8,0.0,
25-26-prem-manchester-city-vs-aston-villa,43,Savinho,1,0.8,0.8,
25-26-prem-manchester-city-vs-aston-villa,7,Martinez,0,0.8,0.0,
25-26-prem-manchester-city-vs-aston-villa,7,M.Bizot,1,,0.8,
25-26-prem-manchester-city-vs-aston-villa,7,Cash,0,,0.2,
25-26-prem-manchester-city-vs-aston-villa,7,Digne,0,,0.2,
25-26-prem-manchester-city-vs-aston-villa,7,Konsa,0,,0.0,
25-26-prem-manchester-city-vs-aston-villa,7,Maatsen,1,,0.2,
25-26-prem-manchester-city-vs-aston-villa,7,Mings,1,,0.8,
25-26-prem-manchester-city-vs-aston-villa,7,Pau,0,,0.0,
25-26-prem-manchester-city-vs-aston-villa,7,A.García,1,,0.2,
25-26-prem-manchester-city-vs-aston-villa,7,Rogers,0,,0.2,
25-26-prem-manchester-city-vs-aston-villa,7,Tielemans,0,,0.0,
25-26-prem-manchester-city-vs-aston-villa,7,Bailey,1,,0.2,
25-26-prem-manchester-city-vs-aston-villa,7,Buendía,1,,0.8,
25-26-prem-manchester-city-vs-aston-villa,7,McGinn,0,,0.0,
25-26-prem-manchester-city-vs-aston-villa,7,Barkley,1,,0.8,
25-26-prem-manchester-city-vs-aston-villa,7,Onana,0,,0.0,
25-26-prem-manchester-city-vs-aston-villa,7,Elliott,0,,0.8,
25-26-prem-manchester-city-vs-aston-villa,7,Sancho,0,,0.8,
25-26-prem-manchester-city-vs-aston-villa,7,Patterson,0,,0.8,
25-26-prem-manchester-city-vs-aston-villa,7,Lindelöf,1,,0.8,
25-26-prem-manchester-city-vs-aston-villa,7,George Hemmings,0,,,
25-26-prem-manchester-city-vs-aston-villa,7,Hollingshead,0,,,
25-26-prem-manchester-city-vs-aston-villa,7,Leon Routh,0,,,
25-26-prem-manchester-city-vs-aston-villa,7,Abraham,0,,0.8,
25-26-prem-manchester-city-vs-aston-villa,7,Bogarde,1,,0.8,
25-26-prem-manchester-city-vs-aston-villa,7,Wright,0,,,
25-26-prem-manchester-city-vs-aston-villa,7,Carroll,0,,,
25-26-prem-manchester-city-vs-aston-villa,7,Burrowes,0,,,
25-26-prem-manchester-city-vs-aston-villa,7,Proctor,0,,,
25-26-prem-manchester-city-vs-aston-villa,7,Douglas Luiz,1,,0.7,
25-26-prem-manchester-city-vs-aston-villa,7,Watkins,1,,0.0,
25-26-prem-nottingham-forest-vs-afc-bournemouth,17,Sels,1,,0.2,
25-26-prem-nottingham-forest-vs-afc-bournemouth,17,N.Williams,1,,0.2,
25-26-prem-nottingham-forest-vs-afc-bournemouth,17,Jair Cunha,1,,0.2,
25-26-prem-nottingham-forest-vs-afc-bournemouth,17,Morato,1,,0.2,
25-26-prem-nottingham-forest-vs-afc-bournemouth,17,Abbott,0,,,
25-26-prem-nottingham-forest-vs-afc-bournemouth,17,Gibbs-White,1,,0.2,
25-26-prem-nottingham-forest-vs-afc-bournemouth,17,Dominguez,0,,0.2,
25-26-prem-nottingham-forest-vs-afc-bournemouth,17,Sangaré,1,,0.2,
25-26-prem-nottingham-forest-vs-afc-bournemouth,17,Yates,0,,0.2,
25-26-prem-nottingham-forest-vs-afc-bournemouth,17,Wood,1,,0.2,
25-26-prem-nottingham-forest-vs-afc-bournemouth,17,Ndoye,0,,0.2,
25-26-prem-nottingham-forest-vs-afc-bournemouth,17,Gunn,0,,,
25-26-prem-nottingham-forest-vs-afc-bournemouth,17,Hutchinson,1,,,
25-26-prem-nottingham-forest-vs-afc-bournemouth,17,John,0,,,
25-26-prem-nottingham-forest-vs-afc-bournemouth,17,Bakwa,0,,,
25-26-prem-nottingham-forest-vs-afc-bournemouth,17,Lucca,0,,,
25-26-prem-nottingham-forest-vs-afc-bournemouth,17,Netz,0,,0.8,
25-26-prem-nottingham-forest-vs-afc-bournemouth,17,Aina,0,,0.2,
25-26-prem-nottingham-forest-vs-afc-bournemouth,17,Milenković,1,,0.8,
25-26-prem-nottingham-forest-vs-afc-bournemouth,17,Anderson,1,,,
25-26-prem-nottingham-forest-vs-afc-bournemouth,17,Ortega Moreno,0,,,
25-26-prem-nottingham-forest-vs-afc-bournemouth,17,McAtee,0,,0.8,
25-26-prem-nottingham-forest-vs-afc-bournemouth,17,Igor Jesus,1,,0.8,
25-26-prem-nottingham-forest-vs-afc-bournemouth,17,Awoniyi,0,,0.8,
25-26-prem-nottingham-forest-vs-afc-bournemouth,17,Da Silva Moreira,0,,,
25-26-prem-nottingham-forest-vs-afc-bournemouth,17,Whitehall,0,,,
25-26-prem-nottingham-forest-vs-afc-bournemouth,17,Sinclair,0,,,
25-26-prem-nottingham-forest-vs-afc-bournemouth,91,Bevan,0,,,
25-26-prem-nottingham-forest-vs-afc-bournemouth,91,Petrović,1,,0.2,
25-26-prem-nottingham-forest-vs-afc-bournemouth,91,Hill,1,,0.8,
25-26-prem-nottingham-forest-vs-afc-bournemouth,91,Soler,0,,0.8,
25-26-prem-nottingham-forest-vs-afc-bournemouth,91,Kluivert,0,0.8,0.2,
25-26-prem-nottingham-forest-vs-afc-bournemouth,91,Tavernier,1,,0.2,
25-26-prem-nottingham-forest-vs-afc-bournemouth,91,Adams,1,,0.2,
25-26-prem-nottingham-forest-vs-afc-bournemouth,91,Brooks,0,,0.8,
25-26-prem-nottingham-forest-vs-afc-bournemouth,91,Scott,0,,0.2,
25-26-prem-nottingham-forest-vs-afc-bournemouth,91,Enes Ünal,0,,0.8,
25-26-prem-nottingham-forest-vs-afc-bournemouth,91,Gannon-Doak,0,,,
25-26-prem-nottingham-forest-vs-afc-bournemouth,91,Adli,0,,0.8,
25-26-prem-nottingham-forest-vs-afc-bournemouth,91,Milosavljević,0,,,
25-26-prem-nottingham-forest-vs-afc-bournemouth,91,DaCosta,0,,,
25-26-prem-nottingham-forest-vs-afc-bournemouth,91,Forster,0,,,
25-26-prem-nottingham-forest-vs-afc-bournemouth,91,Stevens,0,,,
25-26-prem-nottingham-forest-vs-afc-bournemouth,91,Mandas,0,,0.8,
25-26-prem-nottingham-forest-vs-afc-bournemouth,91,Rayan,1,,,
25-26-prem-nottingham-forest-vs-afc-bournemouth,91,Tóth.A,1,,,
25-26-prem-nottingham-forest-vs-afc-bournemouth,91,Diakité,0,,,
25-26-prem-nottingham-forest-vs-afc-bournemouth,91,Rees-Dottin,0,,,
25-26-prem-nottingham-forest-vs-afc-bournemouth,91,Cook,0,0.8,0.2,
25-26-prem-nottingham-forest-vs-afc-bournemouth,91,Senesi,1,,0.2,
25-26-prem-nottingham-forest-vs-afc-bournemouth,91,Smith,1,,0.2,
25-26-prem-nottingham-forest-vs-afc-bournemouth,91,McKenna,0,,0.2,
25-26-prem-nottingham-forest-vs-afc-bournemouth,91,Truffert,1,,0.2,
25-26-prem-nottingham-forest-vs-afc-bournemouth,91,Akinmboni,0,,,
25-26-prem-nottingham-forest-vs-afc-bournemouth,91,Evanilson,1,,0.2,
25-26-prem-nottingham-forest-vs-afc-bournemouth,91,Kroupi.Jr,1,,,
25-26-prem-liverpool-vs-brentford,14,Mamardashvili,0,,0.8,
25-26-prem-liverpool-vs-brentford,14,Virgil,1,,0.2,
25-26-prem-liverpool-vs-brentford,14,Konaté,1,,0.2,
25-26-prem-liverpool-vs-brentford,14,Gomez,0,0.8,0.8,
25-26-prem-liverpool-vs-brentford,14,Nallo,0,,,
25-26-prem-liverpool-vs-brentford,14,R.Williams,0,,,
25-26-prem-liverpool-vs-brentford,14,Ramsay,0,,,
25-26-prem-liverpool-vs-brentford,14,M.Salah,1,0.8,0.2,
25-26-prem-liverpool-vs-brentford,14,Wirtz,0,,0.2,
25-26-prem-liverpool-vs-brentford,14,Gakpo,1,,0.2,
25-26-prem-liverpool-vs-brentford,14,Chiesa,0,,0.8,
25-26-prem-liverpool-vs-brentford,14,Mac Allister,1,,0.2,
25-26-prem-liverpool-vs-brentford,14,Szoboszlai,1,,0.2,
25-26-prem-liverpool-vs-brentford,14,C.Jones,1,0.8,0.8,
25-26-prem-liverpool-vs-brentford,14,Gravenberch,1,,0.2,
25-26-prem-liverpool-vs-brentford,14,Endo,0,,0.8,
25-26-prem-liverpool-vs-brentford,14,Ngumoha,1,0.8,,
25-26-prem-liverpool-vs-brentford,14,Ndiaye,0,,,
25-26-prem-liverpool-vs-brentford,14,Nyoni,0,,,
25-26-prem-liverpool-vs-brentford,14,Isak,0,0.8,0.2,
25-26-prem-liverpool-vs-brentford,14,Lucky,0,,,
25-26-prem-liverpool-vs-brentford,14,Wright,0,,,
25-26-prem-liverpool-vs-brentford,14,Woodman,0,,,
25-26-prem-liverpool-vs-brentford,14,Morrison,0,,,
25-26-prem-liverpool-vs-brentford,14,Frimpong,0,0.8,0.2,
25-26-prem-liverpool-vs-brentford,14,Kerkez,0,,0.2,
25-26-prem-liverpool-vs-brentford,14,Robertson,1,0.2,0.8,
25-26-prem-liverpool-vs-brentford,14,A.Becker,1,0.8,0.2,
25-26-prem-liverpool-vs-brentford,14,Pécsi,0,,,
25-26-prem-liverpool-vs-brentford,94,Lewis-Potter,1,,0.2,
25-26-prem-liverpool-vs-brentford,94,Pinnock,0,,0.2,0.2
25-26-prem-liverpool-vs-brentford,94,Nelson,0,,0.8,0.2
25-26-prem-liverpool-vs-brentford,94,O.Dango,1,,0.8,
25-26-prem-liverpool-vs-brentford,94,Kelleher,1,,0.2,
25-26-prem-liverpool-vs-brentford,94,Balcombe,0,,,
25-26-prem-liverpool-vs-brentford,94,Eyestone,0,,,
25-26-prem-liverpool-vs-brentford,94,Valdimarsson,0,,,0.2
25-26-prem-liverpool-vs-brentford,94,Collins,1,,0.2,
25-26-prem-liverpool-vs-brentford,94,Ajer,0,0.8,0.2,0.2
25-26-prem-liverpool-vs-brentford,94,Kayode,1,,,
25-26-prem-liverpool-vs-brentford,94,Van den Berg,1,0.8,0.2,
25-26-prem-liverpool-vs-brentford,94,Hickey,0,,0.8,0.2
25-26-prem-liverpool-vs-brentford,94,Schade,1,0.8,0.8,
25-26-prem-liverpool-vs-brentford,94,Damsgaard,0,,0.2,
25-26-prem-liverpool-vs-brentford,94,Henderson,1,0.8,,0.2
25-26-prem-liverpool-vs-brentford,94,Janelt,1,0.2,0.2,0.2
25-26-prem-liverpool-vs-brentford,94,Jensen,1,,0.2,
25-26-prem-liverpool-vs-brentford,94,Yarmoliuk,0,,0.8,
25-26-prem-liverpool-vs-brentford,94,Donovan,0,,,0.2
25-26-prem-liverpool-vs-brentford,94,Thiago,1,,0.2,
25-26-prem-liverpool-vs-brentford,94,Dasilva,0,,0.8,0.2
25-26-prem-liverpool-vs-brentford,94,Furo,0,,,0.2
25-26-prem-liverpool-vs-brentford,94,Bentt,0,,,
25-26-prem-liverpool-vs-brentford,94,Shield,0,,,
25-26-prem-liverpool-vs-brentford,94,Stephenson,0,,,
25-26-prem-liverpool-vs-brentford,94,McManus,0,,,
25-26-prem-liverpool-vs-brentford,94,Owen,0,,,
25-26-prem-west-ham-united-vs-leeds-united,21,Areola,0,,0.2,
25-26-prem-west-ham-united-vs-leeds-united,21,Mavropanos,1,,0.8,
25-26-prem-west-ham-united-vs-leeds-united,21,Todibo,0,,0.2,
25-26-prem-west-ham-united-vs-leeds-united,21,Wan-Bissaka,0,0.8,0.2,
25-26-prem-west-ham-united-vs-leeds-united,21,Souček,1,,0.2,
25-26-prem-west-ham-united-vs-leeds-united,21,Summerville,1,,0.2,
25-26-prem-west-ham-united-vs-leeds-united,21,Adama,0,,0.8,
25-26-prem-west-ham-united-vs-leeds-united,21,Herrick,0,,,
25-26-prem-west-ham-united-vs-leeds-united,21,Diouf,1,,,
25-26-prem-west-ham-united-vs-leeds-united,21,Kilman,0,,0.2,
25-26-prem-west-ham-united-vs-leeds-united,21,Scarles,0,,,
25-26-prem-west-ham-united-vs-leeds-united,21,Wilson,0,,,
25-26-prem-west-ham-united-vs-leeds-united,21,Hermansen,1,,,
25-26-prem-west-ham-united-vs-leeds-united,21,M.Fernandes,1,,0.8,
25-26-prem-west-ham-united-vs-leeds-united,21,S.Magassa,0,,,
25-26-prem-west-ham-united-vs-leeds-united,21,Fabianski,0,,0.8,
25-26-prem-west-ham-united-vs-leeds-united,21,Mayers,0,,,
25-26-prem-west-ham-united-vs-leeds-united,21,Bowen,1,,0.2,
25-26-prem-west-ham-united-vs-leeds-united,21,Taty,1,,0.2,
25-26-prem-west-ham-united-vs-leeds-united,21,Lamadrid,0,,,
25-26-prem-west-ham-united-vs-leeds-united,21,Disasi,1,,0.2,
25-26-prem-west-ham-united-vs-leeds-united,21,Potts,0,,,
25-26-prem-west-ham-united-vs-leeds-united,21,Walker-Peters,1,0.8,0.2,
25-26-prem-west-ham-united-vs-leeds-united,21,Golambeckis,0,,,
25-26-prem-west-ham-united-vs-leeds-united,21,Mohamadou Kanté,0,,,
25-26-prem-west-ham-united-vs-leeds-united,21,Pablo,1,0.8,,
25-26-prem-west-ham-united-vs-leeds-united,2,Cairns,0,,0.8,
25-26-prem-west-ham-united-vs-leeds-united,2,Buonanotte,0,,0.2,
25-26-prem-west-ham-united-vs-leeds-united,2,Darlow,1,,0.8,
25-26-prem-west-ham-united-vs-leeds-united,2,Struijk,1,0.8,0.0,
25-26-prem-west-ham-united-vs-leeds-united,2,Bijol,1,,0.8,
25-26-prem-west-ham-united-vs-leeds-united,2,Bornauw,0,,0.8,
25-26-prem-west-ham-united-vs-leeds-united,2,Rodon,1,,0.0,
25-26-prem-west-ham-united-vs-leeds-united,2,Aaronson,1,0.2,0.2,
25-26-prem-west-ham-united-vs-leeds-united,2,Gnonto,0,0.8,0.0,
25-26-prem-west-ham-united-vs-leeds-united,2,James,0,,0.8,
25-26-prem-west-ham-united-vs-leeds-united,2,Ampadu,1,,0.0,
25-26-prem-west-ham-united-vs-leeds-united,2,Tanaka,1,,0.2,
25-26-prem-west-ham-united-vs-leeds-united,2,Nmecha,1,,0.8,
25-26-prem-west-ham-united-vs-leeds-united,2,Longstaff,0,1.0,0.8,
25-26-prem-west-ham-united-vs-leeds-united,2,Perri,0,,,
25-26-prem-west-ham-united-vs-leeds-united,2,Calvert-Lewin,1,,0.2,
25-26-prem-west-ham-united-vs-leeds-united,2,Justin,1,,0.2,
25-26-prem-west-ham-united-vs-leeds-united,2,Lienou,0,,,
25-26-prem-west-ham-united-vs-leeds-united,2,Chadwick,0,,,
25-26-prem-west-ham-united-vs-leeds-united,2,Bogle,1,0.8,0.2,
25-26-prem-west-ham-united-vs-leeds-united,2,Piroe,0,,0.8,
25-26-prem-west-ham-united-vs-leeds-united,2,Byram,0,,0.8,
25-26-prem-west-ham-united-vs-leeds-united,2,Chambers,0,,0.8,
25-26-prem-west-ham-united-vs-leeds-united,2,Meslier,0,,0.0,
25-26-prem-west-ham-united-vs-leeds-united,2,Cresswell,0,,0.8,
25-26-prem-brighton-hove-albion-vs-manchester-united,36,Verbruggen,1,,0.2,
25-26-prem-brighton-hove-albion-vs-manchester-united,36,Howell,0,,,
25-26-prem-brighton-hove-albion-vs-manchester-united,36,Steele,0,0.8,0.8,
25-26-prem-brighton-hove-albion-vs-manchester-united,36,McGill,0,,,
25-26-prem-brighton-hove-albion-vs-manchester-united,36,Boscagli,0,0.8,0.2,
25-26-prem-brighton-hove-albion-vs-manchester-united,36,De Cuyper,1,0.8,0.2,
25-26-prem-brighton-hove-albion-vs-manchester-united,36,Dunk,1,,0.2,
25-26-prem-brighton-hove-albion-vs-manchester-united,36,F.Kadıoğlu,1,0.2,0.2,
25-26-prem-brighton-hove-albion-vs-manchester-united,36,Igor,0,0.8,0.8,
25-26-prem-brighton-hove-albion-vs-manchester-united,36,Veltman,0,0.8,0.8,
25-26-prem-brighton-hove-albion-vs-manchester-united,36,Georginio,0,,0.2,
25-26-prem-brighton-hove-albion-vs-manchester-united,36,Minteh,0,,0.2,
25-26-prem-brighton-hove-albion-vs-manchester-united,36,Hinshelwood,1,,0.2,
25-26-prem-brighton-hove-albion-vs-manchester-united,36,O'Riley,0,0.8,0.2,
25-26-prem-brighton-hove-albion-vs-manchester-united,36,Ayari,0,0.8,0.8,
25-26-prem-brighton-hove-albion-vs-manchester-united,36,Gomez,1,0.2,0.8,
25-26-prem-brighton-hove-albion-vs-manchester-united,36,Milner,1,0.8,0.8,
25-26-prem-brighton-hove-albion-vs-manchester-united,36,Welbeck,1,,0.2,
25-26-prem-brighton-hove-albion-vs-manchester-united,36,Groß,1,0.2,,
25-26-prem-brighton-hove-albion-vs-manchester-united,36,March,0,0.8,0.8,
25-26-prem-brighton-hove-albion-vs-manchester-united,36,Baleba,0,0.2,0.2,
25-26-prem-brighton-hove-albion-vs-manchester-united,36,Kostoulas,0,0.8,,
25-26-prem-brighton-hove-albion-vs-manchester-united,36,Oriola,0,,,
25-26-prem-brighton-hove-albion-vs-manchester-united,36,Wieffer,1,0.8,0.2,
25-26-prem-brighton-hove-albion-vs-manchester-united,36,Simmonds,0,,,
25-26-prem-brighton-hove-albion-vs-manchester-united,36,Tasker,0,,,
25-26-prem-brighton-hove-albion-vs-manchester-united,36,Van Hecke,1,,0.2,
25-26-prem-brighton-hove-albion-vs-manchester-united,1,Lammens,1,,0.8,
25-26-prem-brighton-hove-albion-vs-manchester-united,1,Mbeumo,1,,0.2,
25-26-prem-brighton-hove-albion-vs-manchester-united,1,Bayindir,0,,0.8,
25-26-prem-brighton-hove-albion-vs-manchester-united,1,Mee,0,,0.8,
25-26-prem-brighton-hove-albion-vs-manchester-united,1,Martinez,1,,0.2,
25-26-prem-brighton-hove-albion-vs-manchester-united,1,Mazraoui,1,,0.2,
25-26-prem-brighton-hove-albion-vs-manchester-united,1,Dalot,0,,0.2,
25-26-prem-brighton-hove-albion-vs-manchester-united,1,Dorgu,1,0.2,0.8,
25-26-prem-brighton-hove-albion-vs-manchester-united,1,Fredricson,0,,,
25-26-prem-brighton-hove-albion-vs-manchester-united,1,Heaven,0,0.2,,
25-26-prem-brighton-hove-albion-vs-manchester-united,1,Malacia,0,,0.8,
25-26-prem-brighton-hove-albion-vs-manchester-united,1,B.Fernandes,1,,0.2,
25-26-prem-brighton-hove-albion-vs-manchester-united,1,Cunha,0,,0.2,
25-26-prem-brighton-hove-albion-vs-manchester-united,1,Amad,1,0.8,0.2,
25-26-prem-brighton-hove-albion-vs-manchester-united,1,Mount,1,0.2,0.8,
25-26-prem-brighton-hove-albion-vs-manchester-united,1,Mainoo,1,,0.2,
25-26-prem-brighton-hove-albion-vs-manchester-united,1,Ugarte,0,0.2,0.2,
25-26-prem-brighton-hove-albion-vs-manchester-united,1,Fitzgerald,0,,,
25-26-prem-brighton-hove-albion-vs-manchester-united,1,J.Fletcher,0,,,
25-26-prem-brighton-hove-albion-vs-manchester-united,1,Zirkzee,0,,0.8,
25-26-prem-brighton-hove-albion-vs-manchester-united,1,Šeško,0,0.8,0.2,
25-26-prem-brighton-hove-albion-vs-manchester-united,1,Lacey,0,0.2,,
25-26-prem-brighton-hove-albion-vs-manchester-united,1,Bendito Mantato,0,,,
25-26-prem-brighton-hove-albion-vs-manchester-united,1,Fletcher,0,0.2,,
25-26-prem-brighton-hove-albion-vs-manchester-united,1,Kukonki,0,,,
25-26-prem-brighton-hove-albion-vs-manchester-united,1,Thwaites,0,,,
25-26-prem-brighton-hove-albion-vs-manchester-united,1,Heaton,0,,0.8,
25-26-prem-brighton-hove-albion-vs-manchester-united,1,Maguire,1,,0.8,
25-26-prem-brighton-hove-albion-vs-manchester-united,1,Shaw,1,,0.8,
25-26-prem-brighton-hove-albion-vs-manchester-united,1,Yoro,0,,0.2,
25-26-prem-brighton-hove-albion-vs-manchester-united,1,Obi,0,,,
25-26-prem-brighton-hove-albion-vs-manchester-united,1,D.Leon,0,,,
25-26-prem-tottenham-hotspur-vs-everton,6,Vicario,0,,0.0,
25-26-prem-tottenham-hotspur-vs-everton,6,Austin,0,,,
25-26-prem-tottenham-hotspur-vs-everton,6,Kinsky,1,,,
25-26-prem-tottenham-hotspur-vs-everton,6,Pedro Porro,1,,0.0,
25-26-prem-tottenham-hotspur-vs-everton,6,Van de Ven,1,,0.0,
25-26-prem-tottenham-hotspur-vs-everton,6,Maddison,0,0.8,0.2,
25-26-prem-tottenham-hotspur-vs-everton,6,Tel,1,,0.8,
25-26-prem-tottenham-hotspur-vs-everton,6,Bentancur,1,,0.2,
25-26-prem-tottenham-hotspur-vs-everton,6,Bergvall,0,0.8,0.8,
25-26-prem-tottenham-hotspur-vs-everton,6,Bissouma,0,,0.2,
25-26-prem-tottenham-hotspur-vs-everton,6,Olusesi,0,,,
25-26-prem-tottenham-hotspur-vs-everton,6,Solanke,0,0.8,0.2,
25-26-prem-tottenham-hotspur-vs-everton,6,Richarlison,1,,0.8,
25-26-prem-tottenham-hotspur-vs-everton,6,J.Palhinha,1,,,
25-26-prem-tottenham-hotspur-vs-everton,6,Williams-Barnett,0,,,
25-26-prem-tottenham-hotspur-vs-everton,6,Gallagher,1,,0.2,
25-26-prem-tottenham-hotspur-vs-everton,6,Souza,0,,,
25-26-prem-tottenham-hotspur-vs-everton,6,Wilson,0,,,
25-26-prem-tottenham-hotspur-vs-everton,6,Kolo Muani,0,0.8,0.2,
25-26-prem-tottenham-hotspur-vs-everton,6,Byfield,0,,,
25-26-prem-tottenham-hotspur-vs-everton,6,Rowswell,0,,,
25-26-prem-tottenham-hotspur-vs-everton,6,Danso,1,,,
25-26-prem-tottenham-hotspur-vs-everton,6,Kyerematen,0,,,
25-26-prem-tottenham-hotspur-vs-everton,6,Gray,0,,0.8,
25-26-prem-tottenham-hotspur-vs-everton,6,P.M.Sarr,0,,0.8,
25-26-prem-tottenham-hotspur-vs-everton,6,Dragusin,0,,0.8,
25-26-prem-tottenham-hotspur-vs-everton,6,Spence,1,0.2,0.8,
25-26-prem-tottenham-hotspur-vs-everton,6,Udogie,1,,0.0,
25-26-prem-tottenham-hotspur-vs-everton,11,Dewsbury-Hall,1,,0.2,
25-26-prem-tottenham-hotspur-vs-everton,11,George,0,0.8,,
25-26-prem-tottenham-hotspur-vs-everton,11,Pickford,1,,0.0,
25-26-prem-tottenham-hotspur-vs-everton,11,Tarkowski,1,,0.0,
25-26-prem-tottenham-hotspur-vs-everton,11,Mykolenko,1,,0.0,
25-26-prem-tottenham-hotspur-vs-everton,11,O'Brien,1,,0.2,
25-26-prem-tottenham-hotspur-vs-everton,11,Coleman,0,,0.8,
25-26-prem-tottenham-hotspur-vs-everton,11,Keane,1,,0.8,
25-26-prem-tottenham-hotspur-vs-everton,11,Patterson,0,,0.8,
25-26-prem-tottenham-hotspur-vs-everton,11,Ndiaye,1,,0.0,
25-26-prem-tottenham-hotspur-vs-everton,11,McNeil,0,0.8,0.0,
25-26-prem-tottenham-hotspur-vs-everton,11,Alcaraz,0,,0.8,
25-26-prem-tottenham-hotspur-vs-everton,11,Gana,0,0.8,0.2,
25-26-prem-tottenham-hotspur-vs-everton,11,Garner,1,,0.2,
25-26-prem-tottenham-hotspur-vs-everton,11,Iroegbunam,1,,0.8,
25-26-prem-tottenham-hotspur-vs-everton,11,Armstrong,0,,0.8,
25-26-prem-tottenham-hotspur-vs-everton,11,Ebere,0,,,
25-26-prem-tottenham-hotspur-vs-everton,11,Dibling,0,,0.8,
25-26-prem-tottenham-hotspur-vs-everton,11,Röhl,1,0.2,,
25-26-prem-tottenham-hotspur-vs-everton,11,Graham,0,,,
25-26-prem-tottenham-hotspur-vs-everton,11,Welch,0,,,
25-26-prem-tottenham-hotspur-vs-everton,11,Bates,0,,,
25-26-prem-tottenham-hotspur-vs-everton,11,Travers,0,,,
25-26-prem-tottenham-hotspur-vs-everton,11,King,0,,,
25-26-prem-tottenham-hotspur-vs-everton,11,Barry,1,0.8,,
25-26-prem-tottenham-hotspur-vs-everton,11,Beto,0,,0.2,
25-26-prem-tottenham-hotspur-vs-everton,11,Aznou,0,,,
25-26-prem-sunderland-vs-chelsea,56,Cirkin,0,,0.2,
25-26-prem-sunderland-vs-chelsea,56,O'Nien,1,0.2,0.2,
25-26-prem-sunderland-vs-chelsea,56,Reinildo,1,,0.2,
25-26-prem-sunderland-vs-chelsea,56,Diarra,0,0.8,0.8,
25-26-prem-sunderland-vs-chelsea,56,Rigg,0,0.8,0.2,
25-26-prem-sunderland-vs-chelsea,56,Sadiki,1,,0.8,
25-26-prem-sunderland-vs-chelsea,56,Ba,0,,0.8,
25-26-prem-sunderland-vs-chelsea,56,H.Jones,0,,,
25-26-prem-sunderland-vs-chelsea,56,Isidor,0,,0.2,
25-26-prem-sunderland-vs-chelsea,56,Mayenda,0,,0.8,
25-26-prem-sunderland-vs-chelsea,56,Abdullahi,0,,0.8,
25-26-prem-sunderland-vs-chelsea,56,Xhaka,1,,0.2,
25-26-prem-sunderland-vs-chelsea,56,Roefs,1,,0.2,
25-26-prem-sunderland-vs-chelsea,56,Alderete,0,0.8,0.2,0.8
25-26-prem-sunderland-vs-chelsea,56,Mukiele,1,,0.2,
25-26-prem-sunderland-vs-chelsea,56,Geertruida,1,,0.2,
25-26-prem-sunderland-vs-chelsea,56,Ellborg,0,,,
25-26-prem-sunderland-vs-chelsea,56,Angulo,1,,0.8,
25-26-prem-sunderland-vs-chelsea,56,Whittaker,0,,0.2,
25-26-prem-sunderland-vs-chelsea,56,E.Le Fée,1,,0.2,
25-26-prem-sunderland-vs-chelsea,56,Moore,0,,0.8,
25-26-prem-sunderland-vs-chelsea,56,Jones,0,,0.8,
25-26-prem-sunderland-vs-chelsea,56,Poveda,0,,0.8,
25-26-prem-sunderland-vs-chelsea,56,Brobbey,1,,0.2,
25-26-prem-sunderland-vs-chelsea,56,Traoré,0,,0.8,
25-26-prem-sunderland-vs-chelsea,56,Jenson Jones,0,,,
25-26-prem-sunderland-vs-chelsea,56,Jocelin.T,0,,,
25-26-prem-sunderland-vs-chelsea,56,Hume,1,,0.2,
25-26-prem-sunderland-vs-chelsea,56,Aleksić,0,,0.8,
25-26-prem-sunderland-vs-chelsea,8,Mheuka,0,,,
25-26-prem-sunderland-vs-chelsea,8,Sánchez,1,,0.2,
25-26-prem-sunderland-vs-chelsea,8,Slonina,0,,,
25-26-prem-sunderland-vs-chelsea,8,Cucurella,1,,0.2,
25-26-prem-sunderland-vs-chelsea,8,James,0,,0.2,
25-26-prem-sunderland-vs-chelsea,8,Chalobah,0,,0.8,
25-26-prem-sunderland-vs-chelsea,8,Enzo,1,,0.2,
25-26-prem-sunderland-vs-chelsea,8,Gittens,0,,0.8,
25-26-prem-sunderland-vs-chelsea,8,Andrey Santos,0,0.8,0.8,
25-26-prem-sunderland-vs-chelsea,8,D.Essugo,0,,0.8,
25-26-prem-sunderland-vs-chelsea,8,João Pedro,1,0.2,0.8,
25-26-prem-sunderland-vs-chelsea,8,Delap,0,,0.2,
25-26-prem-sunderland-vs-chelsea,8,Marc Guiu,0,,0.8,
25-26-prem-sunderland-vs-chelsea,8,Garnacho,0,,0.2,
25-26-prem-sunderland-vs-chelsea,8,Hato,1,,0.2,
25-26-prem-sunderland-vs-chelsea,8,Sharman-Lowe,0,,,
25-26-prem-sunderland-vs-chelsea,8,Derry,0,,,
25-26-prem-sunderland-vs-chelsea,8,Kavuma-McQueen,0,,,
25-26-prem-sunderland-vs-chelsea,8,Caicedo,1,,0.2,
25-26-prem-sunderland-vs-chelsea,8,Lavia,0,0.8,0.2,
25-26-prem-sunderland-vs-chelsea,8,Eboué,0,,,
25-26-prem-sunderland-vs-chelsea,8,Tosin,0,,0.2,
25-26-prem-sunderland-vs-chelsea,8,Acheampong,0,,,
25-26-prem-sunderland-vs-chelsea,8,Palmer,1,,0.2,
25-26-prem-sunderland-vs-chelsea,8,M.Sarr,0,,,
25-26-prem-sunderland-vs-chelsea,8,Merrick,0,,,
25-26-prem-sunderland-vs-chelsea,8,Emenalo,0,,,
25-26-prem-sunderland-vs-chelsea,8,Jörgensen,0,,0.8,
25-26-prem-sunderland-vs-chelsea,8,Colwill,1,,0.2,
25-26-prem-sunderland-vs-chelsea,8,Gusto,1,,0.8,
25-26-prem-sunderland-vs-chelsea,8,B.Badiashile,0,,0.8,
25-26-prem-sunderland-vs-chelsea,8,Fofana,1,0.8,0.2,
25-26-prem-sunderland-vs-chelsea,8,Neto,1,,0.2,
25-26-prem-crystal-palace-vs-arsenal,31,Hughes,1,,0.8,
25-26-prem-crystal-palace-vs-arsenal,31,Henderson,1,,0.0,
25-26-prem-crystal-palace-vs-arsenal,31,Muñoz,1,,0.0,
25-26-prem-crystal-palace-vs-arsenal,31,Lacroix,0,0.8,0.0,
25-26-prem-crystal-palace-vs-arsenal,31,Mitchell,0,,0.0,
25-26-prem-crystal-palace-vs-arsenal,31,Sosa,0,0.2,0.8,
25-26-prem-crystal-palace-vs-arsenal,31,Chadi Riad,1,0.8,0.8,
25-26-prem-crystal-palace-vs-arsenal,31,Clyne,1,,0.8,
25-26-prem-crystal-palace-vs-arsenal,31,Kporha,0,,,
25-26-prem-crystal-palace-vs-arsenal,31,Sarr,1,,0.2,
25-26-prem-crystal-palace-vs-arsenal,31,Kamada,1,,0.2,
25-26-prem-crystal-palace-vs-arsenal,31,Lerma,1,0.8,0.2,
25-26-prem-crystal-palace-vs-arsenal,31,Wharton,0,,0.0,
25-26-prem-crystal-palace-vs-arsenal,31,Agbinone,0,,,
25-26-prem-crystal-palace-vs-arsenal,31,Devenny,1,,,
25-26-prem-crystal-palace-vs-arsenal,31,Yeremy,0,,,
25-26-prem-crystal-palace-vs-arsenal,31,Canvot,0,,,
25-26-prem-crystal-palace-vs-arsenal,31,Uche,0,,,
25-26-prem-crystal-palace-vs-arsenal,31,Drakes-Thomas,0,,,
25-26-prem-crystal-palace-vs-arsenal,31,Benamar,0,,,
25-26-prem-crystal-palace-vs-arsenal,31,Casey,0,,,
25-26-prem-crystal-palace-vs-arsenal,31,Rodney,0,,,
25-26-prem-crystal-palace-vs-arsenal,31,Mateta,0,,0.0,
25-26-prem-crystal-palace-vs-arsenal,31,Benitez,0,,,
25-26-prem-crystal-palace-vs-arsenal,31,Matthews,0,,,
25-26-prem-crystal-palace-vs-arsenal,31,Johnson,0,,0.8,
25-26-prem-crystal-palace-vs-arsenal,31,Strand Larsen,1,,0.2,
25-26-prem-crystal-palace-vs-arsenal,31,Guessand,0,,,
25-26-prem-crystal-palace-vs-arsenal,31,Cardines,1,,,
25-26-prem-crystal-palace-vs-arsenal,31,Marsh,0,,,
25-26-prem-crystal-palace-vs-arsenal,31,King,0,,,
25-26-prem-crystal-palace-vs-arsenal,3,Gabriel,0,,0.0,
25-26-prem-crystal-palace-vs-arsenal,3,Saliba,0,0.8,0.0,0.8
25-26-prem-crystal-palace-vs-arsenal,3,Calafiori,1,,0.2,
25-26-prem-crystal-palace-vs-arsenal,3,J.Timber,0,,0.2,
25-26-prem-crystal-palace-vs-arsenal,3,Lewis-Skelly,1,,0.8,
25-26-prem-crystal-palace-vs-arsenal,3,Saka,0,0.8,0.0,0.8
25-26-prem-crystal-palace-vs-arsenal,3,Ødegaard,0,,0.0,
25-26-prem-crystal-palace-vs-arsenal,3,Madueke,1,,0.8,
25-26-prem-crystal-palace-vs-arsenal,3,Martinelli,1,,0.2,
25-26-prem-crystal-palace-vs-arsenal,3,Trossard,0,,0.8,
25-26-prem-crystal-palace-vs-arsenal,3,Rice,0,,0.0,
25-26-prem-crystal-palace-vs-arsenal,3,Merino,0,0.8,0.2,
25-26-prem-crystal-palace-vs-arsenal,3,Nørgaard,1,,,
25-26-prem-crystal-palace-vs-arsenal,3,Zubimendi,1,,0.8,
25-26-prem-crystal-palace-vs-arsenal,3,Havertz,0,,0.8,
25-26-prem-crystal-palace-vs-arsenal,3,G.Jesus,1,,0.8,
25-26-prem-crystal-palace-vs-arsenal,3,Eze,0,,0.8,
25-26-prem-crystal-palace-vs-arsenal,3,Mosquera,1,,,
25-26-prem-crystal-palace-vs-arsenal,3,Gyökeres,0,,0.2,
25-26-prem-crystal-palace-vs-arsenal,3,Dowman,1,0.2,,0.2
25-26-prem-crystal-palace-vs-arsenal,3,Harriman-Annous,0,,,
25-26-prem-crystal-palace-vs-arsenal,3,Hincapie,1,,0.8,
25-26-prem-crystal-palace-vs-arsenal,3,Salmon,0,0.2,,0.2
25-26-prem-crystal-palace-vs-arsenal,3,Raya,0,0.8,0.0,0.8
25-26-prem-crystal-palace-vs-arsenal,3,Arrizabalaga,1,,0.7,
25-26-prem-crystal-palace-vs-arsenal,3,Clarke,0,,,
25-26-prem-crystal-palace-vs-arsenal,3,Nichols,0,,,
25-26-prem-crystal-palace-vs-arsenal,3,Setford,0,,0.7,
25-26-prem-fulham-vs-newcastle-united,54,Leno,1,,0.0,
25-26-prem-fulham-vs-newcastle-united,54,Bassey,1,,0.0,
25-26-prem-fulham-vs-newcastle-united,54,Castagne,1,,0.8,
25-26-prem-fulham-vs-newcastle-united,54,Sessegnon,0,0.8,0.8,
25-26-prem-fulham-vs-newcastle-united,54,Wilson,0,0.2,0.8,
25-26-prem-fulham-vs-newcastle-united,54,Berge,1,,0.0,
25-26-prem-fulham-vs-newcastle-united,54,Cairney,0,,0.8,
25-26-prem-fulham-vs-newcastle-united,54,Lukić,0,,0.0,
25-26-prem-fulham-vs-newcastle-united,54,King,0,0.2,,
25-26-prem-fulham-vs-newcastle-united,54,Reed,0,,0.8,
25-26-prem-fulham-vs-newcastle-united,54,Raúl,0,,0.8,
25-26-prem-fulham-vs-newcastle-united,54,Muniz,1,,0.0,
25-26-prem-fulham-vs-newcastle-united,54,Bobb,1,,0.2,
25-26-prem-fulham-vs-newcastle-united,54,Lecomte,0,,,
25-26-prem-fulham-vs-newcastle-united,54,Chukwueze,0,0.2,0.2,
25-26-prem-fulham-vs-newcastle-united,54,Kevin,1,0.2,,
25-26-prem-fulham-vs-newcastle-united,54,Robinson,1,,0.0,
25-26-prem-fulham-vs-newcastle-united,54,Diop,1,,0.2,
25-26-prem-fulham-vs-newcastle-united,54,J.Cuenca,0,,0.8,
25-26-prem-fulham-vs-newcastle-united,54,Tete,0,,0.2,
25-26-prem-fulham-vs-newcastle-united,54,Amissah,0,,,
25-26-prem-fulham-vs-newcastle-united,54,Iwobi,1,,0.0,
25-26-prem-fulham-vs-newcastle-united,54,Smith Rowe,1,,0.0,
25-26-prem-fulham-vs-newcastle-united,54,Ridgeon,0,,,
25-26-prem-fulham-vs-newcastle-united,54,McNally,0,,,
25-26-prem-fulham-vs-newcastle-united,4,Seung soo,0,,,
25-26-prem-fulham-vs-newcastle-united,4,J.Ramsey,1,0.8,0.8,
25-26-prem-fulham-vs-newcastle-united,4,Wissa,0,,0.2,
25-26-prem-fulham-vs-newcastle-united,4,Pope,1,,0.2,
25-26-prem-fulham-vs-newcastle-united,4,Gillespie,0,,,
25-26-prem-fulham-vs-newcastle-united,4,Hall,1,0.8,0.2,
25-26-prem-fulham-vs-newcastle-united,4,Botman,1,,0.2,
25-26-prem-fulham-vs-newcastle-united,4,Burn,1,0.8,0.2,
25-26-prem-fulham-vs-newcastle-united,4,Trippier,0,0.2,0.2,
25-26-prem-fulham-vs-newcastle-united,4,Pivas,0,,,
25-26-prem-fulham-vs-newcastle-united,4,Gordon,0,0.8,0.2,
25-26-prem-fulham-vs-newcastle-united,4,Elanga,0,0.8,0.8,
25-26-prem-fulham-vs-newcastle-united,4,Barnes,0,,0.2,
25-26-prem-fulham-vs-newcastle-united,4,Bruno G.,1,,0.2,
25-26-prem-fulham-vs-newcastle-united,4,J.Murphy,1,0.8,0.8,
25-26-prem-fulham-vs-newcastle-united,4,Willock,1,0.8,0.2,
25-26-prem-fulham-vs-newcastle-united,4,Osula,1,,0.8,
25-26-prem-fulham-vs-newcastle-united,4,Ramsdale,0,,0.8,
25-26-prem-fulham-vs-newcastle-united,4,Thiaw,1,,0.8,
25-26-prem-fulham-vs-newcastle-united,4,Woltemade,1,,,
25-26-prem-fulham-vs-newcastle-united,4,Neave,0,,,
25-26-prem-fulham-vs-newcastle-united,4,Ruddy,0,,,
25-26-prem-fulham-vs-newcastle-united,4,Shahar,0,,,
25-26-prem-fulham-vs-newcastle-united,4,Alabi,0,,,
25-26-prem-fulham-vs-newcastle-united,4,A.Murphy,0,,,
25-26-prem-fulham-vs-newcastle-united,4,Tonali,0,0.8,0.2,
